entity_id,kind,date,ville,lieu_nom,lieu_id,source_url,scope
A0255,live,2026-08-24,Toulouse,Les Jardins de Candie,L092,https://lesjardinsdecandie.com/,toulouse
F0005,film,2026-08-24,Toulouse,Utopia Borderouge,L125,https://toulouse.cinemas-utopia.org/film/?id=13457,toulouse
F0049,film,2026-08-24,Toulouse,Utopia Borderouge,L125,https://toulouse.cinemas-utopia.org/film/?id=13765,toulouse
F0107,film,2026-08-24,Toulouse,Utopia Borderouge,L125,https://toulouse.cinemas-utopia.org/film/?id=13446,toulouse
F0040,film,2026-08-24,Toulouse,Utopia Borderouge,L125,https://toulouse.cinemas-utopia.org/film/?id=13042,toulouse
F0010,film,2026-08-24,Toulouse,Utopia Borderouge,L125,https://toulouse.cinemas-utopia.org/film/?id=13449,toulouse
F0257,film,2026-08-24,Toulouse,Utopia Borderouge,L125,https://toulouse.cinemas-utopia.org/film/?id=600,toulouse
F0037,film,2026-08-24,Toulouse,Utopia Borderouge,L125,https://toulouse.cinemas-utopia.org/film/?id=13251,toulouse
F0268,film,2026-08-24,Toulouse,Utopia Borderouge,L125,https://toulouse.cinemas-utopia.org/film/?id=13774,toulouse
F0002,film,2026-08-24,Toulouse,Utopia Borderouge,L125,https://toulouse.cinemas-utopia.org/film/?id=13767,toulouse
F0034,film,2026-08-24,Toulouse,Utopia Borderouge,L125,https://toulouse.cinemas-utopia.org/film/?id=13462,toulouse
F0090,film,2026-08-24,Toulouse,Utopia Borderouge,L125,https://toulouse.cinemas-utopia.org/film/?id=13456,toulouse
F0037,film,2026-08-24,Tournefeuille,Utopia Tournefeuille,L126,https://toulouse.cinemas-utopia.org/film/?id=13251,toulouse
F0002,film,2026-08-24,Tournefeuille,Utopia Tournefeuille,L126,https://toulouse.cinemas-utopia.org/film/?id=13767,toulouse
F0067,film,2026-08-24,Tournefeuille,Utopia Tournefeuille,L126,https://toulouse.cinemas-utopia.org/film/?id=13760,toulouse
F0108,film,2026-08-24,Tournefeuille,Utopia Tournefeuille,L126,https://toulouse.cinemas-utopia.org/film/?id=5548,toulouse
F0013,film,2026-08-24,Tournefeuille,Utopia Tournefeuille,L126,https://toulouse.cinemas-utopia.org/film/?id=13459,toulouse
F0035,film,2026-08-24,Tournefeuille,Utopia Tournefeuille,L126,https://toulouse.cinemas-utopia.org/film/?id=13722,toulouse
F0005,film,2026-08-24,Tournefeuille,Utopia Tournefeuille,L126,https://toulouse.cinemas-utopia.org/film/?id=13457,toulouse
F0010,film,2026-08-24,Tournefeuille,Utopia Tournefeuille,L126,https://toulouse.cinemas-utopia.org/film/?id=13449,toulouse
F0209,film,2026-08-24,Tournefeuille,Utopia Tournefeuille,L126,https://toulouse.cinemas-utopia.org/film/?id=1093,toulouse
F0090,film,2026-08-24,Tournefeuille,Utopia Tournefeuille,L126,https://toulouse.cinemas-utopia.org/film/?id=13456,toulouse
F0049,film,2026-08-24,Tournefeuille,Utopia Tournefeuille,L126,https://toulouse.cinemas-utopia.org/film/?id=13765,toulouse
F0042,film,2026-08-24,Toulouse,Cinéma ABC,L127,"https://relay.mvtx.us/ticketing/dbz?code_theater=P0071&gid_entity=movie.movie._.308394&tags=Showtime.Accessibility.Subtitled,Localization.Version.Original,Showtime.Accessibility.Accessible,Format.Projection.Digital&perfd=20260824&perft=16:20&code=VO; SUBTITLE; DISABLED ACCESS",toulouse
F0075,film,2026-08-24,Toulouse,Cinéma ABC,L127,"https://relay.mvtx.us/ticketing/dbz?code_theater=P0071&gid_entity=movie.movie._.6796&tags=Showtime.Accessibility.Subtitled,Localization.Version.Original,Showtime.Accessibility.Accessible,Format.Projection.Digital&perfd=20260824&perft=16:40&code=VO; SUBTITLE; DISABLED ACCESS",toulouse
F0005,film,2026-08-24,Toulouse,Cinéma ABC,L127,"https://relay.mvtx.us/ticketing/dbz?code_theater=P0071&gid_entity=movie.movie._.188280&tags=Showtime.Accessibility.Subtitled,Localization.Version.Original,Showtime.Accessibility.Accessible,Format.Projection.Digital&perfd=20260824&perft=17:20&code=VO; SUBTITLE; DISABLED ACCESS",toulouse
F0077,film,2026-08-24,Toulouse,Cinéma ABC,L127,"https://relay.mvtx.us/ticketing/dbz?code_theater=P0071&gid_entity=movie.movie._.1000027856&tags=Showtime.Accessibility.Subtitled,Localization.Version.Original,Showtime.Accessibility.Accessible,Format.Projection.Digital&perfd=20260824&perft=18:15&code=VO; SUBTITLE; DISABLED ACCESS",toulouse
F0026,film,2026-08-24,Toulouse,Cinéma ABC,L127,"https://relay.mvtx.us/ticketing/dbz?code_theater=P0071&gid_entity=movie.movie._.1000041528&tags=Localization.Language.French,Showtime.Accessibility.Accessible,Format.Projection.Digital&perfd=20260824&perft=18:50&code=VF; DISABLED ACCESS",toulouse
F0053,film,2026-08-24,Toulouse,Cinéma ABC,L127,"https://relay.mvtx.us/ticketing/dbz?code_theater=P0071&gid_entity=movie.movie._.316460&tags=Showtime.Accessibility.Subtitled,Localization.Version.Original,Showtime.Accessibility.Accessible,Format.Projection.Digital&perfd=20260824&perft=20:40&code=VO; SUBTITLE; DISABLED ACCESS",toulouse
F0050,film,2026-08-24,Toulouse,Cinéma ABC,L127,"https://relay.mvtx.us/ticketing/dbz?code_theater=P0071&gid_entity=movie.movie._.1000034332&tags=Showtime.Accessibility.Subtitled,Localization.Version.Original,Showtime.Accessibility.Accessible,Format.Projection.Digital&perfd=20260824&perft=20:45&code=VO; SUBTITLE; DISABLED ACCESS",toulouse
F0071,film,2026-08-24,Toulouse,Le Cratère,L128,"https://relay.mvtx.us/ticketing/dbz?code_theater=P0056&gid_entity=movie.movie._.1000025598&tags=Showtime.Accessibility.Subtitled,Localization.Version.Original,Showtime.Accessibility.OpenCaption,Format.Projection.Digital&perfd=20260824&perft=15:55&code=VO; SUBTITLE; SUBTITLE OCAP",toulouse
F0149,film,2026-08-24,Toulouse,Le Cratère,L128,"https://relay.mvtx.us/ticketing/dbz?code_theater=P0056&gid_entity=movie.movie._.493&tags=Localization.Version.Original,Format.Projection.Digital&perfd=20260824&perft=17:35&code=VO",toulouse
F0157,film,2026-08-24,Toulouse,Le Cratère,L128,"https://relay.mvtx.us/ticketing/dbz?code_theater=P0056&gid_entity=movie.movie._.328440&tags=Localization.Version.Original,Format.Projection.Digital&perfd=20260824&perft=19:35&code=VO",toulouse
F0093,film,2026-08-24,Toulouse,Le Cratère,L128,"https://relay.mvtx.us/ticketing/dbz?code_theater=P0056&gid_entity=movie.movie._.1000043086&tags=Localization.Version.Original,Format.Projection.Digital&perfd=20260824&perft=21:15&code=VO",toulouse
F0014,film,2026-08-24,Toulouse,Pathé Toulouse Wilson,L137,,toulouse
F0006,film,2026-08-24,Toulouse,Pathé Toulouse Wilson,L137,,toulouse
F0001,film,2026-08-24,Toulouse,Pathé Toulouse Wilson,L137,,toulouse
F0002,film,2026-08-24,Toulouse,Pathé Toulouse Wilson,L137,,toulouse
F0004,film,2026-08-24,Toulouse,Pathé Toulouse Wilson,L137,,toulouse
F0008,film,2026-08-24,Toulouse,Pathé Toulouse Wilson,L137,,toulouse
F0076,film,2026-08-24,Toulouse,Pathé Toulouse Wilson,L137,,toulouse
F0005,film,2026-08-24,Toulouse,Pathé Toulouse Wilson,L137,,toulouse
F0009,film,2026-08-24,Toulouse,Pathé Toulouse Wilson,L137,,toulouse
F0010,film,2026-08-24,Toulouse,Pathé Toulouse Wilson,L137,,toulouse
F0016,film,2026-08-24,Toulouse,Pathé Toulouse Wilson,L137,,toulouse
F0020,film,2026-08-24,Toulouse,Pathé Toulouse Wilson,L137,,toulouse
F0013,film,2026-08-24,Toulouse,Pathé Toulouse Wilson,L137,,toulouse
F0052,film,2026-08-24,Toulouse,Pathé Toulouse Wilson,L137,,toulouse
F0170,film,2026-08-24,Toulouse,Pathé Toulouse Wilson,L137,,toulouse
F0006,film,2026-08-24,Labège,Pathé Toulouse Labège,L138,,toulouse
F0009,film,2026-08-24,Labège,Pathé Toulouse Labège,L138,,toulouse
F0016,film,2026-08-24,Labège,Pathé Toulouse Labège,L138,,toulouse
F0024,film,2026-08-24,Labège,Pathé Toulouse Labège,L138,,toulouse
F0017,film,2026-08-24,Labège,Pathé Toulouse Labège,L138,,toulouse
F0080,film,2026-08-24,Labège,Pathé Toulouse Labège,L138,,toulouse
F0015,film,2026-08-24,Labège,Pathé Toulouse Labège,L138,,toulouse
F0021,film,2026-08-24,Labège,Pathé Toulouse Labège,L138,,toulouse
F0001,film,2026-08-24,Labège,Pathé Toulouse Labège,L138,,toulouse
F0008,film,2026-08-24,Labège,Pathé Toulouse Labège,L138,,toulouse
F0002,film,2026-08-24,Labège,Pathé Toulouse Labège,L138,,toulouse
F0004,film,2026-08-24,Labège,Pathé Toulouse Labège,L138,,toulouse
F0011,film,2026-08-24,Labège,Pathé Toulouse Labège,L138,,toulouse
F0020,film,2026-08-24,Labège,Pathé Toulouse Labège,L138,,toulouse
F0010,film,2026-08-24,Labège,Pathé Toulouse Labège,L138,,toulouse
F0020,film,2026-08-24,Blagnac,CGR Blagnac,L139,"https://relay.mvtx.us/ticketing/dbz?code_theater=P0692&gid_entity=movie.movie._.294280&tags=Localization.Language.French,Showtime.Accessibility.Accessible&perfd=20260824&perft=17:00&code=Accès PMR; VF;",toulouse
F0002,film,2026-08-24,Blagnac,CGR Blagnac,L139,"https://relay.mvtx.us/ticketing/dbz?code_theater=P0692&gid_entity=movie.movie._.1000013045&tags=Localization.Language.French,Showtime.Accessibility.Accessible&perfd=20260824&perft=17:30&code=Accès PMR; VF;",toulouse
F0017,film,2026-08-24,Blagnac,CGR Blagnac,L139,"https://relay.mvtx.us/ticketing/dbz?code_theater=P0692&gid_entity=movie.movie._.314942&tags=Localization.Language.French,Showtime.Accessibility.Accessible&perfd=20260824&perft=17:40&code=Accès PMR; VF;",toulouse
F0029,film,2026-08-24,Blagnac,CGR Blagnac,L139,"https://relay.mvtx.us/ticketing/dbz?code_theater=P0692&gid_entity=movie.movie._.1000022546&tags=Localization.Language.French,Showtime.Accessibility.Accessible&perfd=20260824&perft=17:40&code=Accès PMR; VF;",toulouse
F0008,film,2026-08-24,Blagnac,CGR Blagnac,L139,"https://relay.mvtx.us/ticketing/dbz?code_theater=P0692&gid_entity=movie.movie._.1000016503&tags=Localization.Language.French,Showtime.Accessibility.Accessible&perfd=20260824&perft=17:45&code=Accès PMR; VF;",toulouse
F0001,film,2026-08-24,Blagnac,CGR Blagnac,L139,"https://relay.mvtx.us/ticketing/dbz?code_theater=P0692&gid_entity=movie.movie._.276608&tags=Localization.Language.French,Showtime.Accessibility.Accessible,Auditorium.Experience.Ice,Auditorium.Experience.DolbyAtmos&perfd=20260824&perft=17:45&code=Accès PMR; Dolby Atmos; ICE; VF;",toulouse
F0016,film,2026-08-24,Blagnac,CGR Blagnac,L139,"https://relay.mvtx.us/ticketing/dbz?code_theater=P0692&gid_entity=movie.movie._.313256&tags=Localization.Language.French,Showtime.Accessibility.Accessible&perfd=20260824&perft=17:45&code=Accès PMR; VF;",toulouse
F0021,film,2026-08-24,Blagnac,CGR Blagnac,L139,"https://relay.mvtx.us/ticketing/dbz?code_theater=P0692&gid_entity=movie.movie._.1000033718&tags=Localization.Language.French,Showtime.Accessibility.Accessible&perfd=20260824&perft=17:45&code=Accès PMR; VF;",toulouse
F0009,film,2026-08-24,Blagnac,CGR Blagnac,L139,"https://relay.mvtx.us/ticketing/dbz?code_theater=P0692&gid_entity=movie.movie._.320681&tags=Localization.Language.French,Showtime.Accessibility.Accessible&perfd=20260824&perft=17:50&code=Accès PMR; VF;",toulouse
F0030,film,2026-08-24,Blagnac,CGR Blagnac,L139,"https://relay.mvtx.us/ticketing/dbz?code_theater=P0692&gid_entity=movie.movie._.1000019899&tags=Localization.Language.French,Showtime.Accessibility.Accessible&perfd=20260824&perft=17:50&code=Accès PMR; VF;",toulouse
F0006,film,2026-08-24,Blagnac,CGR Blagnac,L139,"https://relay.mvtx.us/ticketing/dbz?code_theater=P0692&gid_entity=movie.movie._.314503&tags=Localization.Language.French,Showtime.Accessibility.Accessible&perfd=20260824&perft=18:00&code=Accès PMR; VF;",toulouse
F0004,film,2026-08-24,Blagnac,CGR Blagnac,L139,"https://relay.mvtx.us/ticketing/dbz?code_theater=P0692&gid_entity=movie.movie._.1000032856&tags=Localization.Language.French,Showtime.Accessibility.Accessible&perfd=20260824&perft=18:10&code=Accès PMR; VF;",toulouse
F0011,film,2026-08-24,Blagnac,CGR Blagnac,L139,"https://relay.mvtx.us/ticketing/dbz?code_theater=P0692&gid_entity=movie.movie._.1000002942&tags=Localization.Language.French,Showtime.Accessibility.Accessible&perfd=20260824&perft=18:10&code=Accès PMR; VF;",toulouse
F0076,film,2026-08-24,Blagnac,CGR Blagnac,L139,"https://relay.mvtx.us/ticketing/dbz?code_theater=P0692&gid_entity=movie.movie._.1000019382&tags=Showtime.Accessibility.Accessible,Localization.Version.Original,Showtime.Accessibility.Subtitled&perfd=20260824&perft=19:50&code=Accès PMR; VOST;",toulouse
F0014,film,2026-08-24,Blagnac,CGR Blagnac,L139,"https://relay.mvtx.us/ticketing/dbz?code_theater=P0692&gid_entity=movie.movie._.316021&tags=Localization.Language.French,Showtime.Accessibility.Accessible&perfd=20260824&perft=19:50&code=Accès PMR; VF;",toulouse
F0008,film,2026-08-24,Fenouillet,Kinepolis Fenouillet,L140,https://relay.mvtx.us/ticketing/dbz?code_theater=W3115&gid_entity=movie.movie._.1000016503&tags=Format.Projection.Digital&perfd=20260824&perft=13:30,toulouse
F0009,film,2026-08-24,Fenouillet,Kinepolis Fenouillet,L140,https://relay.mvtx.us/ticketing/dbz?code_theater=W3115&gid_entity=movie.movie._.320681&tags=Format.Projection.Digital&perfd=20260824&perft=13:30,toulouse
F0021,film,2026-08-24,Fenouillet,Kinepolis Fenouillet,L140,https://relay.mvtx.us/ticketing/dbz?code_theater=W3115&gid_entity=movie.movie._.1000033718&tags=Format.Projection.Digital&perfd=20260824&perft=13:30,toulouse
F0002,film,2026-08-24,Fenouillet,Kinepolis Fenouillet,L140,https://relay.mvtx.us/ticketing/dbz?code_theater=W3115&gid_entity=movie.movie._.1000013045&tags=Format.Projection.Digital&perfd=20260824&perft=13:30,toulouse
F0006,film,2026-08-24,Fenouillet,Kinepolis Fenouillet,L140,https://relay.mvtx.us/ticketing/dbz?code_theater=W3115&gid_entity=movie.movie._.314503&tags=Format.Projection.Digital&perfd=20260824&perft=13:40,toulouse
F0001,film,2026-08-24,Fenouillet,Kinepolis Fenouillet,L140,https://relay.mvtx.us/ticketing/dbz?code_theater=W3115&gid_entity=movie.movie._.276608&tags=Format.Projection.Digital&perfd=20260824&perft=13:45,toulouse
F0004,film,2026-08-24,Fenouillet,Kinepolis Fenouillet,L140,https://relay.mvtx.us/ticketing/dbz?code_theater=W3115&gid_entity=movie.movie._.1000032856&tags=Format.Projection.Digital&perfd=20260824&perft=13:50,toulouse
F0011,film,2026-08-24,Fenouillet,Kinepolis Fenouillet,L140,https://relay.mvtx.us/ticketing/dbz?code_theater=W3115&gid_entity=movie.movie._.1000002942&tags=Format.Projection.Digital&perfd=20260824&perft=14:00,toulouse
F0017,film,2026-08-24,Fenouillet,Kinepolis Fenouillet,L140,https://relay.mvtx.us/ticketing/dbz?code_theater=W3115&gid_entity=movie.movie._.314942&tags=Format.Projection.Digital&perfd=20260824&perft=15:40,toulouse
F0016,film,2026-08-24,Fenouillet,Kinepolis Fenouillet,L140,https://relay.mvtx.us/ticketing/dbz?code_theater=W3115&gid_entity=movie.movie._.313256&tags=Format.Projection.Digital&perfd=20260824&perft=16:05,toulouse
F0030,film,2026-08-24,Fenouillet,Kinepolis Fenouillet,L140,https://relay.mvtx.us/ticketing/dbz?code_theater=W3115&gid_entity=movie.movie._.1000019899&tags=Format.Projection.Digital&perfd=20260824&perft=18:00,toulouse
F0020,film,2026-08-24,Fenouillet,Kinepolis Fenouillet,L140,https://relay.mvtx.us/ticketing/dbz?code_theater=W3115&gid_entity=movie.movie._.294280&tags=Format.Projection.Digital&perfd=20260824&perft=20:25,toulouse
F0013,film,2026-08-24,Toulouse,American Cosmograph,L141,"https://relay.mvtx.us/ticketing/dbz?code_theater=P0235&gid_entity=movie.movie._.1000024105&tags=Localization.Version.Original,Format.Projection.Digital&perfd=20260824&perft=14:00&code=;;VO;;;1",toulouse
F0062,film,2026-08-24,Toulouse,American Cosmograph,L141,"https://relay.mvtx.us/ticketing/dbz?code_theater=P0235&gid_entity=movie.movie._.1000029301&tags=Localization.Version.Original,Format.Projection.Digital&perfd=20260824&perft=14:10&code=;;VO;;;1",toulouse
F0063,film,2026-08-24,Toulouse,American Cosmograph,L141,"https://relay.mvtx.us/ticketing/dbz?code_theater=P0235&gid_entity=movie.movie._.1000037432&tags=Localization.Version.Original,Format.Projection.Digital&perfd=20260824&perft=14:20&code=;;VO;;;1",toulouse
F0090,film,2026-08-24,Toulouse,American Cosmograph,L141,"https://relay.mvtx.us/ticketing/dbz?code_theater=P0235&gid_entity=movie.movie._.1000007388&tags=Localization.Version.Original,Format.Projection.Digital&perfd=20260824&perft=16:00&code=;;VO;;;1",toulouse
F0108,film,2026-08-24,Toulouse,American Cosmograph,L141,"https://relay.mvtx.us/ticketing/dbz?code_theater=P0235&gid_entity=movie.movie._.231700&tags=Localization.Version.Original,Format.Projection.Digital&perfd=20260824&perft=16:45&code=;;VO;;;1",toulouse
F0040,film,2026-08-24,Toulouse,American Cosmograph,L141,"https://relay.mvtx.us/ticketing/dbz?code_theater=P0235&gid_entity=movie.movie._.310112&tags=Localization.Version.Original,Format.Projection.Digital&perfd=20260824&perft=17:40&code=;;VO;;;1",toulouse
F0098,film,2026-08-24,Toulouse,American Cosmograph,L141,"https://relay.mvtx.us/ticketing/dbz?code_theater=P0235&gid_entity=movie.movie._.1581&tags=Localization.Version.Original,Format.Projection.Digital&perfd=20260824&perft=17:50&code=;;VO;;;1",toulouse
F0002,film,2026-08-24,Toulouse,American Cosmograph,L141,"https://relay.mvtx.us/ticketing/dbz?code_theater=P0235&gid_entity=movie.movie._.1000013045&tags=Localization.Version.Original,Format.Projection.Digital&perfd=20260824&perft=19:30&code=;;VO;;;1",toulouse
F0088,film,2026-08-24,Toulouse,American Cosmograph,L141,"https://relay.mvtx.us/ticketing/dbz?code_theater=P0235&gid_entity=movie.movie._.1000003998&tags=Localization.Version.Original,Format.Projection.Digital&perfd=20260824&perft=20:00&code=;;VO;;;1",toulouse
F0009,film,2026-08-24,Toulouse,UGC Montaudran,L142,"https://relay.mvtx.us/ticketing/dbz?code_theater=W3140&gid_entity=movie.movie._.320681&tags=Showtime.Accessibility.Accessible,Localization.Version.French,Format.Projection.Digital&perfd=20260824&perft=13:15&code=apd03a; PMR; 2D; VF; ",toulouse
F0024,film,2026-08-24,Toulouse,UGC Montaudran,L142,"https://relay.mvtx.us/ticketing/dbz?code_theater=W3140&gid_entity=movie.movie._.315380&tags=Showtime.Accessibility.Accessible,Localization.Version.French,Format.Projection.Digital&perfd=20260824&perft=13:30&code=SME; AUDIO; GRETA; apd06a; PMR; 2D; VF; ",toulouse
F0016,film,2026-08-24,Toulouse,UGC Montaudran,L142,"https://relay.mvtx.us/ticketing/dbz?code_theater=W3140&gid_entity=movie.movie._.313256&tags=Showtime.Accessibility.Accessible,Localization.Version.French,Format.Projection.Digital&perfd=20260824&perft=13:40&code=SME; AUDIO; GRETA; apd06a; PMR; 2D; VF; ",toulouse
F0004,film,2026-08-24,Toulouse,UGC Montaudran,L142,"https://relay.mvtx.us/ticketing/dbz?code_theater=W3140&gid_entity=movie.movie._.1000032856&tags=Showtime.Accessibility.Accessible,Localization.Version.French,Format.Projection.Digital&perfd=20260824&perft=13:50&code=SME; AUDIO; PMR; 2D; VF; ",toulouse
F0002,film,2026-08-24,Toulouse,UGC Montaudran,L142,"https://relay.mvtx.us/ticketing/dbz?code_theater=W3140&gid_entity=movie.movie._.1000013045&tags=Showtime.Accessibility.Accessible,Localization.Subtitle.French,Localization.Version.Original,Format.Projection.Digital&perfd=20260824&perft=14:00&code=SME; AUDIO; GRETA; PMR; 2D; VO; ",toulouse
F0001,film,2026-08-24,Toulouse,UGC Montaudran,L142,"https://relay.mvtx.us/ticketing/dbz?code_theater=W3140&gid_entity=movie.movie._.276608&tags=Showtime.Accessibility.Accessible,Localization.Version.French,Format.Projection.Digital&perfd=20260824&perft=14:00&code=SME; AUDIO; GRETA; PMR; 2D; VF; ",toulouse
F0005,film,2026-08-24,Toulouse,UGC Montaudran,L142,"https://relay.mvtx.us/ticketing/dbz?code_theater=W3140&gid_entity=movie.movie._.188280&tags=Showtime.Accessibility.Accessible,Localization.Subtitle.French,Localization.Version.Original,Format.Projection.Digital&perfd=20260824&perft=14:10&code=PMR; 2D; VO; ",toulouse
F0006,film,2026-08-24,Toulouse,UGC Montaudran,L142,"https://relay.mvtx.us/ticketing/dbz?code_theater=W3140&gid_entity=movie.movie._.314503&tags=Showtime.Accessibility.Accessible,Localization.Version.French,Format.Projection.Digital&perfd=20260824&perft=15:50&code=SME; AUDIO; GRETA; PMR; 2D; VF; ",toulouse
F0010,film,2026-08-24,Toulouse,UGC Montaudran,L142,"https://relay.mvtx.us/ticketing/dbz?code_theater=W3140&gid_entity=movie.movie._.1000037046&tags=Showtime.Accessibility.Accessible,Localization.Version.French,Format.Projection.Digital&perfd=20260824&perft=18:00&code=SME; AUDIO; PMR; 2D; VF; ",toulouse
F0030,film,2026-08-24,Toulouse,UGC Montaudran,L142,"https://relay.mvtx.us/ticketing/dbz?code_theater=W3140&gid_entity=movie.movie._.1000019899&tags=Showtime.Accessibility.Accessible,Localization.Subtitle.French,Localization.Version.Original,Format.Projection.Digital&perfd=20260824&perft=18:00&code=SME; AUDIO; PMR; 2D; VO; ",toulouse
F0052,film,2026-08-24,Toulouse,UGC Montaudran,L142,"https://relay.mvtx.us/ticketing/dbz?code_theater=W3140&gid_entity=movie.movie._.1000028234&tags=Showtime.Accessibility.Accessible,Localization.Subtitle.French,Localization.Version.Original,Format.Projection.Digital&perfd=20260824&perft=22:00&code=PMR; 2D; VO; ",toulouse
F0017,film,2026-08-24,Ramonville-Saint-Agne,L'Autan,L143,"https://relay.mvtx.us/ticketing/dbz?code_theater=P0881&gid_entity=movie.movie._.314942&tags=Localization.Language.French,Showtime.Accessibility.Accessible,Format.Projection.Digital&perfd=20260824&perft=17:30&code=VF; DISABLED ACCESS",toulouse
F0002,film,2026-08-24,Ramonville-Saint-Agne,L'Autan,L143,"https://relay.mvtx.us/ticketing/dbz?code_theater=P0881&gid_entity=movie.movie._.1000013045&tags=Localization.Language.French,Showtime.Accessibility.Accessible,Format.Projection.Digital&perfd=20260824&perft=20:30&code=VF; DISABLED ACCESS",toulouse
F0406,film,2026-08-24,Colomiers,Véo Grand Central Colomiers,L144,"https://relay.mvtx.us/ticketing/dbz?code_theater=P6864&gid_entity=movie.movie._.304180&tags=Localization.Language.French,Format.Projection.Digital&perfd=20260824&perft=10:00",toulouse
F0144,film,2026-08-24,Colomiers,Véo Grand Central Colomiers,L144,"https://relay.mvtx.us/ticketing/dbz?code_theater=P6864&gid_entity=movie.movie._.286853&tags=Localization.Language.French,Format.Projection.Digital&perfd=20260824&perft=10:00",toulouse
F0020,film,2026-08-24,Colomiers,Véo Grand Central Colomiers,L144,"https://relay.mvtx.us/ticketing/dbz?code_theater=P6864&gid_entity=movie.movie._.294280&tags=Localization.Language.French,Format.Projection.Digital,Format.Sound.71&perfd=20260824&perft=10:30",toulouse
F0024,film,2026-08-24,Colomiers,Véo Grand Central Colomiers,L144,"https://relay.mvtx.us/ticketing/dbz?code_theater=P6864&gid_entity=movie.movie._.315380&tags=Localization.Language.French,Showtime.Accessibility.Dubbed,Format.Projection.Digital,Format.Sound.71&perfd=20260824&perft=11:00",toulouse
F0009,film,2026-08-24,Colomiers,Véo Grand Central Colomiers,L144,"https://relay.mvtx.us/ticketing/dbz?code_theater=P6864&gid_entity=movie.movie._.320681&tags=Localization.Language.French,Showtime.Accessibility.Dubbed,Format.Projection.Digital&perfd=20260824&perft=11:00",toulouse
F0030,film,2026-08-24,Colomiers,Véo Grand Central Colomiers,L144,"https://relay.mvtx.us/ticketing/dbz?code_theater=P6864&gid_entity=movie.movie._.1000019899&tags=Localization.Version.Original,Format.Projection.Digital&perfd=20260824&perft=11:00",toulouse
F0017,film,2026-08-24,Colomiers,Véo Grand Central Colomiers,L144,"https://relay.mvtx.us/ticketing/dbz?code_theater=P6864&gid_entity=movie.movie._.314942&tags=Localization.Language.French,Showtime.Accessibility.Dubbed,Format.Projection.Digital,Format.Sound.71&perfd=20260824&perft=11:00",toulouse
F0004,film,2026-08-24,Colomiers,Véo Grand Central Colomiers,L144,"https://relay.mvtx.us/ticketing/dbz?code_theater=P6864&gid_entity=movie.movie._.1000032856&tags=Localization.Language.French,Format.Projection.Digital&perfd=20260824&perft=13:30",toulouse
F0005,film,2026-08-24,Colomiers,Véo Grand Central Colomiers,L144,"https://relay.mvtx.us/ticketing/dbz?code_theater=P6864&gid_entity=movie.movie._.188280&tags=Localization.Version.Original,Format.Projection.Digital&perfd=20260824&perft=13:50",toulouse
F0001,film,2026-08-24,Colomiers,Véo Grand Central Colomiers,L144,"https://relay.mvtx.us/ticketing/dbz?code_theater=P6864&gid_entity=movie.movie._.276608&tags=Localization.Language.French,Showtime.Accessibility.Dubbed,Format.Projection.Digital,Format.Sound.71&perfd=20260824&perft=13:50",toulouse
F0016,film,2026-08-24,Colomiers,Véo Grand Central Colomiers,L144,"https://relay.mvtx.us/ticketing/dbz?code_theater=P6864&gid_entity=movie.movie._.313256&tags=Localization.Language.French,Showtime.Accessibility.Dubbed,Format.Projection.Digital,Format.Sound.71&perfd=20260824&perft=13:50",toulouse
F0123,film,2026-08-24,Colomiers,Véo Grand Central Colomiers,L144,"https://relay.mvtx.us/ticketing/dbz?code_theater=P6864&gid_entity=movie.movie._.320561&tags=Localization.Language.French,Format.Projection.Digital&perfd=20260824&perft=14:00",toulouse
F0202,film,2026-08-24,Colomiers,Véo Grand Central Colomiers,L144,"https://relay.mvtx.us/ticketing/dbz?code_theater=P6864&gid_entity=movie.movie._.259479&tags=Localization.Language.French,Format.Projection.Digital&perfd=20260824&perft=15:30",toulouse
F0029,film,2026-08-24,Colomiers,Véo Grand Central Colomiers,L144,"https://relay.mvtx.us/ticketing/dbz?code_theater=P6864&gid_entity=movie.movie._.1000022546&tags=Localization.Language.French,Format.Projection.Digital&perfd=20260824&perft=15:55",toulouse
F0006,film,2026-08-24,Colomiers,Véo Grand Central Colomiers,L144,"https://relay.mvtx.us/ticketing/dbz?code_theater=P6864&gid_entity=movie.movie._.314503&tags=Localization.Language.French,Showtime.Accessibility.Dubbed,Format.Projection.Digital,Format.Sound.71&perfd=20260824&perft=16:40",toulouse
F0006,film,2026-08-24,Plaisance-du-Touch,Ecran7 Plaisance,L145,"https://relay.mvtx.us/ticketing/dbz?code_theater=P0918&gid_entity=movie.movie._.314503&tags=Localization.Language.French,Showtime.Accessibility.Dubbed,Format.Projection.Digital,Showtime.Accessibility.Accessible&perfd=20260824&perft=14:00",toulouse
F0017,film,2026-08-24,Plaisance-du-Touch,Ecran7 Plaisance,L145,"https://relay.mvtx.us/ticketing/dbz?code_theater=P0918&gid_entity=movie.movie._.314942&tags=Localization.Language.French,Showtime.Accessibility.Dubbed,BoostPos.Image.2D,BoostPos.XpEtLabels.DerniereSeance,Format.Projection.Digital,Showtime.Accessibility.Accessible&perfd=20260824&perft=14:00",toulouse
F0010,film,2026-08-24,Plaisance-du-Touch,Ecran7 Plaisance,L145,"https://relay.mvtx.us/ticketing/dbz?code_theater=P0918&gid_entity=movie.movie._.1000037046&tags=Localization.Language.French,Format.Projection.Digital,Showtime.Accessibility.Accessible&perfd=20260824&perft=14:15",toulouse
F0009,film,2026-08-24,Plaisance-du-Touch,Ecran7 Plaisance,L145,"https://relay.mvtx.us/ticketing/dbz?code_theater=P0918&gid_entity=movie.movie._.320681&tags=Localization.Language.French,Showtime.Accessibility.Dubbed,Format.Projection.Digital,Showtime.Accessibility.Accessible&perfd=20260824&perft=16:00",toulouse
F0029,film,2026-08-24,Plaisance-du-Touch,Ecran7 Plaisance,L145,"https://relay.mvtx.us/ticketing/dbz?code_theater=P0918&gid_entity=movie.movie._.1000022546&tags=Localization.Language.French,Format.Projection.Digital,Showtime.Accessibility.Accessible&perfd=20260824&perft=16:00",toulouse
F0016,film,2026-08-24,Plaisance-du-Touch,Ecran7 Plaisance,L145,"https://relay.mvtx.us/ticketing/dbz?code_theater=P0918&gid_entity=movie.movie._.313256&tags=Localization.Language.French,Showtime.Accessibility.Dubbed,BoostPos.Image.2D,BoostPos.XpEtLabels.DerniereSeance,Format.Projection.Digital,Showtime.Accessibility.Accessible&perfd=20260824&perft=16:15",toulouse
F0001,film,2026-08-24,Plaisance-du-Touch,Ecran7 Plaisance,L145,"https://relay.mvtx.us/ticketing/dbz?code_theater=P0918&gid_entity=movie.movie._.276608&tags=Localization.Language.French,Showtime.Accessibility.Dubbed,BoostPos.Image.2D,Format.Projection.Digital,Showtime.Accessibility.Accessible&perfd=20260824&perft=18:00",toulouse
F0053,film,2026-08-24,Plaisance-du-Touch,Ecran7 Plaisance,L145,"https://relay.mvtx.us/ticketing/dbz?code_theater=P0918&gid_entity=movie.movie._.316460&tags=Localization.Language.French,Showtime.Accessibility.Dubbed,Format.Projection.Digital,Showtime.Accessibility.Accessible&perfd=20260824&perft=18:15",toulouse
F0002,film,2026-08-24,Plaisance-du-Touch,Ecran7 Plaisance,L145,"https://relay.mvtx.us/ticketing/dbz?code_theater=P0918&gid_entity=movie.movie._.1000013045&tags=Localization.Language.French,Showtime.Accessibility.Dubbed,Format.Projection.Digital,Showtime.Accessibility.Accessible&perfd=20260824&perft=20:30",toulouse
F0080,film,2026-08-24,Plaisance-du-Touch,Ecran7 Plaisance,L145,"https://relay.mvtx.us/ticketing/dbz?code_theater=P0918&gid_entity=movie.movie._.1000017192&tags=Localization.Version.Original,Format.Projection.Digital,Showtime.Accessibility.Accessible&perfd=20260824&perft=20:45",toulouse
F0103,film,2026-08-24,Plaisance-du-Touch,Ecran7 Plaisance,L145,"https://relay.mvtx.us/ticketing/dbz?code_theater=P0918&gid_entity=movie.movie._.1000003105&tags=Localization.Language.French,Showtime.Accessibility.Dubbed,Format.Projection.Digital,Showtime.Accessibility.Accessible&perfd=20260824&perft=20:45",toulouse
F0009,film,2026-08-24,Castelginest,Le Castelia,L146,"https://relay.mvtx.us/ticketing/dbz?code_theater=P0583&gid_entity=movie.movie._.320681&tags=Localization.Language.French,Showtime.Accessibility.Accessible,Format.Projection.Digital&perfd=20260824&perft=15:00&code=VF; DISABLED ACCESS",toulouse
F0002,film,2026-08-24,Castelginest,Le Castelia,L146,"https://relay.mvtx.us/ticketing/dbz?code_theater=P0583&gid_entity=movie.movie._.1000013045&tags=Localization.Language.French,Showtime.Accessibility.Accessible,Format.Projection.Digital&perfd=20260824&perft=17:15&code=VF; DISABLED ACCESS",toulouse
F0001,film,2026-08-24,Castelginest,Le Castelia,L146,"https://relay.mvtx.us/ticketing/dbz?code_theater=P0583&gid_entity=movie.movie._.276608&tags=Localization.Language.French,Showtime.Accessibility.Accessible,Format.Projection.Digital&perfd=20260824&perft=20:45&code=VF; DISABLED ACCESS",toulouse
F0020,film,2026-08-24,Muret,Véo Muret,L147,"https://relay.mvtx.us/ticketing/dbz?code_theater=W3161&gid_entity=movie.movie._.294280&tags=Localization.Language.French,Format.Projection.Digital&perfd=20260824&perft=10:30",toulouse
F0014,film,2026-08-24,Muret,Véo Muret,L147,"https://relay.mvtx.us/ticketing/dbz?code_theater=W3161&gid_entity=movie.movie._.316021&tags=Localization.Version.Original,Format.Projection.Digital&perfd=20260824&perft=10:50",toulouse
F0001,film,2026-08-24,Muret,Véo Muret,L147,"https://relay.mvtx.us/ticketing/dbz?code_theater=W3161&gid_entity=movie.movie._.276608&tags=Localization.Language.French,Format.Projection.Digital&perfd=20260824&perft=10:50",toulouse
F0009,film,2026-08-24,Muret,Véo Muret,L147,"https://relay.mvtx.us/ticketing/dbz?code_theater=W3161&gid_entity=movie.movie._.320681&tags=Localization.Language.French,Showtime.Accessibility.Dubbed,Format.Projection.Digital&perfd=20260824&perft=11:00",toulouse
F0016,film,2026-08-24,Muret,Véo Muret,L147,"https://relay.mvtx.us/ticketing/dbz?code_theater=W3161&gid_entity=movie.movie._.313256&tags=Localization.Language.French,Showtime.Accessibility.Dubbed,Format.Projection.Digital&perfd=20260824&perft=11:00",toulouse
F0017,film,2026-08-24,Muret,Véo Muret,L147,"https://relay.mvtx.us/ticketing/dbz?code_theater=W3161&gid_entity=movie.movie._.314942&tags=Localization.Language.French,Showtime.Accessibility.Dubbed,Format.Projection.Digital&perfd=20260824&perft=11:00",toulouse
F0024,film,2026-08-24,Muret,Véo Muret,L147,"https://relay.mvtx.us/ticketing/dbz?code_theater=W3161&gid_entity=movie.movie._.315380&tags=Localization.Language.French,Showtime.Accessibility.Dubbed,Format.Projection.Digital&perfd=20260824&perft=11:00",toulouse
F0029,film,2026-08-24,Muret,Véo Muret,L147,"https://relay.mvtx.us/ticketing/dbz?code_theater=W3161&gid_entity=movie.movie._.1000022546&tags=Localization.Language.French,Format.Projection.Digital&perfd=20260824&perft=11:00",toulouse
F0011,film,2026-08-24,Muret,Véo Muret,L147,"https://relay.mvtx.us/ticketing/dbz?code_theater=W3161&gid_entity=movie.movie._.1000002942&tags=Localization.Language.French,Showtime.Accessibility.Dubbed,Format.Projection.Digital&perfd=20260824&perft=13:30",toulouse
F0005,film,2026-08-24,Muret,Véo Muret,L147,"https://relay.mvtx.us/ticketing/dbz?code_theater=W3161&gid_entity=movie.movie._.188280&tags=Localization.Version.Original,Format.Projection.Digital&perfd=20260824&perft=13:30",toulouse
F0008,film,2026-08-24,Muret,Véo Muret,L147,"https://relay.mvtx.us/ticketing/dbz?code_theater=W3161&gid_entity=movie.movie._.1000016503&tags=Localization.Language.French,Showtime.Accessibility.Dubbed,Format.Projection.Digital&perfd=20260824&perft=13:30",toulouse
F0004,film,2026-08-24,Muret,Véo Muret,L147,"https://relay.mvtx.us/ticketing/dbz?code_theater=W3161&gid_entity=movie.movie._.1000032856&tags=Localization.Language.French,Format.Projection.Digital&perfd=20260824&perft=13:50",toulouse
F0002,film,2026-08-24,Muret,Véo Muret,L147,"https://relay.mvtx.us/ticketing/dbz?code_theater=W3161&gid_entity=movie.movie._.1000013045&tags=Localization.Language.French,Showtime.Accessibility.Dubbed,Format.Projection.Digital&perfd=20260824&perft=14:00",toulouse
F0015,film,2026-08-24,Muret,Véo Muret,L147,"https://relay.mvtx.us/ticketing/dbz?code_theater=W3161&gid_entity=movie.movie._.294281&tags=Localization.Language.French,Format.Projection.Digital&perfd=20260824&perft=15:30",toulouse
F0010,film,2026-08-24,Muret,Véo Muret,L147,"https://relay.mvtx.us/ticketing/dbz?code_theater=W3161&gid_entity=movie.movie._.1000037046&tags=Localization.Language.French,Format.Projection.Digital&perfd=20260824&perft=16:20",toulouse
F0010,film,2026-08-24,Castanet-Tolosan,MJC Ciné 113,L148,"https://relay.mvtx.us/ticketing/dbz?code_theater=P2235&gid_entity=movie.movie._.1000037046&tags=Localization.Language.French,Format.Projection.Digital&perfd=20260824&perft=17:15&code=VF",toulouse
F0051,film,2026-08-24,Castanet-Tolosan,MJC Ciné 113,L148,"https://relay.mvtx.us/ticketing/dbz?code_theater=P2235&gid_entity=movie.movie._.1000031160&tags=Localization.Language.French,Format.Projection.Digital&perfd=20260824&perft=20:15&code=VF",toulouse
F0408,film,2026-08-25,Toulouse,Utopia Borderouge,L125,https://toulouse.cinemas-utopia.org/film/?id=13337,toulouse
F0002,film,2026-08-25,Toulouse,Utopia Borderouge,L125,https://toulouse.cinemas-utopia.org/film/?id=13767,toulouse
F0090,film,2026-08-25,Toulouse,Utopia Borderouge,L125,https://toulouse.cinemas-utopia.org/film/?id=13456,toulouse
F0005,film,2026-08-25,Toulouse,Utopia Borderouge,L125,https://toulouse.cinemas-utopia.org/film/?id=13457,toulouse
F0336,film,2026-08-25,Toulouse,Utopia Borderouge,L125,https://toulouse.cinemas-utopia.org/,toulouse
F0162,film,2026-08-25,Toulouse,Utopia Borderouge,L125,https://toulouse.cinemas-utopia.org/film/?id=7006,toulouse
F0107,film,2026-08-25,Toulouse,Utopia Borderouge,L125,https://toulouse.cinemas-utopia.org/film/?id=13446,toulouse
F0239,film,2026-08-25,Toulouse,Utopia Borderouge,L125,https://toulouse.cinemas-utopia.org/film/?id=13477,toulouse
F0040,film,2026-08-25,Toulouse,Utopia Borderouge,L125,https://toulouse.cinemas-utopia.org/film/?id=13042,toulouse
F0049,film,2026-08-25,Toulouse,Utopia Borderouge,L125,https://toulouse.cinemas-utopia.org/film/?id=13765,toulouse
F0010,film,2026-08-25,Toulouse,Utopia Borderouge,L125,https://toulouse.cinemas-utopia.org/film/?id=13449,toulouse
F0423,film,2026-08-25,Tournefeuille,Utopia Tournefeuille,L126,https://toulouse.cinemas-utopia.org/film/?id=1066,toulouse
F0090,film,2026-08-25,Tournefeuille,Utopia Tournefeuille,L126,https://toulouse.cinemas-utopia.org/film/?id=13456,toulouse
F0005,film,2026-08-25,Tournefeuille,Utopia Tournefeuille,L126,https://toulouse.cinemas-utopia.org/film/?id=13457,toulouse
F0235,film,2026-08-25,Tournefeuille,Utopia Tournefeuille,L126,https://toulouse.cinemas-utopia.org/film/?id=10646,toulouse
F0013,film,2026-08-25,Tournefeuille,Utopia Tournefeuille,L126,https://toulouse.cinemas-utopia.org/film/?id=13459,toulouse
F0067,film,2026-08-25,Tournefeuille,Utopia Tournefeuille,L126,https://toulouse.cinemas-utopia.org/film/?id=13760,toulouse
F0049,film,2026-08-25,Tournefeuille,Utopia Tournefeuille,L126,https://toulouse.cinemas-utopia.org/film/?id=13765,toulouse
F0215,film,2026-08-25,Tournefeuille,Utopia Tournefeuille,L126,https://toulouse.cinemas-utopia.org/film/?id=2758,toulouse
F0051,film,2026-08-25,Tournefeuille,Utopia Tournefeuille,L126,https://toulouse.cinemas-utopia.org/film/?id=13341,toulouse
F0002,film,2026-08-25,Tournefeuille,Utopia Tournefeuille,L126,https://toulouse.cinemas-utopia.org/film/?id=13767,toulouse
F0034,film,2026-08-25,Tournefeuille,Utopia Tournefeuille,L126,https://toulouse.cinemas-utopia.org/film/?id=13462,toulouse
F0040,film,2026-08-25,Tournefeuille,Utopia Tournefeuille,L126,https://toulouse.cinemas-utopia.org/film/?id=13042,toulouse
F0152,film,2026-08-25,Toulouse,Cinéma ABC,L127,"https://relay.mvtx.us/ticketing/dbz?code_theater=P0071&gid_entity=movie.movie._.317561&tags=Localization.Language.French,Showtime.Accessibility.Accessible,Showtime.Event.Headline,Format.Projection.Digital&perfd=20260825&perft=10:45&code=VF; DISABLED ACCESS; HEADLINE",toulouse
F0026,film,2026-08-25,Toulouse,Cinéma ABC,L127,"https://relay.mvtx.us/ticketing/dbz?code_theater=P0071&gid_entity=movie.movie._.1000041528&tags=Localization.Language.French,Showtime.Accessibility.Accessible,Format.Projection.Digital&perfd=20260825&perft=11:00&code=VF; DISABLED ACCESS",toulouse
F0077,film,2026-08-25,Toulouse,Cinéma ABC,L127,"https://relay.mvtx.us/ticketing/dbz?code_theater=P0071&gid_entity=movie.movie._.1000027856&tags=Showtime.Accessibility.Subtitled,Localization.Version.Original,Showtime.Accessibility.Accessible,Format.Projection.Digital&perfd=20260825&perft=11:00&code=VO; SUBTITLE; DISABLED ACCESS",toulouse
F0050,film,2026-08-25,Toulouse,Cinéma ABC,L127,"https://relay.mvtx.us/ticketing/dbz?code_theater=P0071&gid_entity=movie.movie._.1000034332&tags=Showtime.Accessibility.Subtitled,Localization.Version.Original,Showtime.Accessibility.Accessible,Format.Projection.Digital&perfd=20260825&perft=12:40&code=VO; SUBTITLE; DISABLED ACCESS",toulouse
F0061,film,2026-08-25,Toulouse,Cinéma ABC,L127,"https://relay.mvtx.us/ticketing/dbz?code_theater=P0071&gid_entity=movie.movie._.305836&tags=Showtime.Accessibility.Subtitled,Localization.Version.Original,Showtime.Accessibility.Accessible,Format.Projection.Digital&perfd=20260825&perft=12:50&code=VO; SUBTITLE; DISABLED ACCESS",toulouse
F0005,film,2026-08-25,Toulouse,Cinéma ABC,L127,"https://relay.mvtx.us/ticketing/dbz?code_theater=P0071&gid_entity=movie.movie._.188280&tags=Showtime.Accessibility.Subtitled,Localization.Version.Original,Showtime.Accessibility.Accessible,Format.Projection.Digital&perfd=20260825&perft=14:30&code=VO; SUBTITLE; DISABLED ACCESS",toulouse
F0042,film,2026-08-25,Toulouse,Cinéma ABC,L127,"https://relay.mvtx.us/ticketing/dbz?code_theater=P0071&gid_entity=movie.movie._.308394&tags=Showtime.Accessibility.Subtitled,Localization.Version.Original,Showtime.Accessibility.Accessible,Format.Projection.Digital&perfd=20260825&perft=14:45&code=VO; SUBTITLE; DISABLED ACCESS",toulouse
F0167,film,2026-08-25,Toulouse,Cinéma ABC,L127,"https://relay.mvtx.us/ticketing/dbz?code_theater=P0071&gid_entity=movie.movie._.213641&tags=Localization.Language.French,Showtime.Accessibility.Accessible,Format.Projection.Digital&perfd=20260825&perft=15:00&code=VF; DISABLED ACCESS",toulouse
F0033,film,2026-08-25,Toulouse,Cinéma ABC,L127,"https://relay.mvtx.us/ticketing/dbz?code_theater=P0071&gid_entity=movie.movie._.1000023007&tags=Showtime.Accessibility.Subtitled,Localization.Version.Original,Showtime.Accessibility.Accessible,Format.Projection.Digital&perfd=20260825&perft=16:45&code=VO; SUBTITLE; DISABLED ACCESS",toulouse
F0053,film,2026-08-25,Toulouse,Cinéma ABC,L127,"https://relay.mvtx.us/ticketing/dbz?code_theater=P0071&gid_entity=movie.movie._.316460&tags=Showtime.Accessibility.Subtitled,Localization.Version.Original,Showtime.Accessibility.Accessible,Format.Projection.Digital&perfd=20260825&perft=18:40&code=VO; SUBTITLE; DISABLED ACCESS",toulouse
F0075,film,2026-08-25,Toulouse,Cinéma ABC,L127,"https://relay.mvtx.us/ticketing/dbz?code_theater=P0071&gid_entity=movie.movie._.6796&tags=Showtime.Accessibility.Subtitled,Localization.Version.Original,Showtime.Accessibility.Accessible,Format.Projection.Digital&perfd=20260825&perft=20:40&code=VO; SUBTITLE; DISABLED ACCESS",toulouse
F0071,film,2026-08-25,Toulouse,Le Cratère,L128,"https://relay.mvtx.us/ticketing/dbz?code_theater=P0056&gid_entity=movie.movie._.1000025598&tags=Localization.Version.Original,Format.Projection.Digital&perfd=20260825&perft=19:30&code=VO",toulouse
F0053,film,2026-08-25,Toulouse,Le Cratère,L128,"https://relay.mvtx.us/ticketing/dbz?code_theater=P0056&gid_entity=movie.movie._.316460&tags=Localization.Version.Original,Format.Projection.Digital&perfd=20260825&perft=21:10&code=VO",toulouse
F0447,film,2026-08-25,Toulouse,Cinémathèque de Toulouse,L131,https://www.lacinemathequedetoulouse.com/programmation/agenda,toulouse
F0446,film,2026-08-25,Toulouse,Cinémathèque de Toulouse,L131,"https://relay.mvtx.us/ticketing/dbz?code_theater=P0062&gid_entity=movie.movie._.2762&tags=Showtime.Accessibility.Subtitled,Localization.Version.Original,Format.Projection.Digital&perfd=20260825&perft=18:30&code=VO; SUBTITLE",toulouse
F0248,film,2026-08-25,Toulouse,Cinémathèque de Toulouse,L131,https://www.lacinemathequedetoulouse.com/programmation/agenda,toulouse
F0005,film,2026-08-25,Toulouse,Pathé Toulouse Wilson,L137,,toulouse
F0008,film,2026-08-25,Toulouse,Pathé Toulouse Wilson,L137,,toulouse
F0002,film,2026-08-25,Toulouse,Pathé Toulouse Wilson,L137,,toulouse
F0017,film,2026-08-25,Toulouse,Pathé Toulouse Wilson,L137,,toulouse
F0004,film,2026-08-25,Toulouse,Pathé Toulouse Wilson,L137,,toulouse
F0006,film,2026-08-25,Toulouse,Pathé Toulouse Wilson,L137,,toulouse
F0009,film,2026-08-25,Toulouse,Pathé Toulouse Wilson,L137,,toulouse
F0016,film,2026-08-25,Toulouse,Pathé Toulouse Wilson,L137,,toulouse
F0024,film,2026-08-25,Toulouse,Pathé Toulouse Wilson,L137,,toulouse
F0014,film,2026-08-25,Toulouse,Pathé Toulouse Wilson,L137,,toulouse
F0001,film,2026-08-25,Toulouse,Pathé Toulouse Wilson,L137,,toulouse
F0010,film,2026-08-25,Toulouse,Pathé Toulouse Wilson,L137,,toulouse
F0040,film,2026-08-25,Toulouse,Pathé Toulouse Wilson,L137,,toulouse
F0131,film,2026-08-25,Toulouse,Pathé Toulouse Wilson,L137,,toulouse
F0020,film,2026-08-25,Toulouse,Pathé Toulouse Wilson,L137,,toulouse
F0002,film,2026-08-25,Labège,Pathé Toulouse Labège,L138,,toulouse
F0011,film,2026-08-25,Labège,Pathé Toulouse Labège,L138,,toulouse
F0001,film,2026-08-25,Labège,Pathé Toulouse Labège,L138,,toulouse
F0004,film,2026-08-25,Labège,Pathé Toulouse Labège,L138,,toulouse
F0020,film,2026-08-25,Labège,Pathé Toulouse Labège,L138,,toulouse
F0009,film,2026-08-25,Labège,Pathé Toulouse Labège,L138,,toulouse
F0017,film,2026-08-25,Labège,Pathé Toulouse Labège,L138,,toulouse
F0016,film,2026-08-25,Labège,Pathé Toulouse Labège,L138,,toulouse
F0006,film,2026-08-25,Labège,Pathé Toulouse Labège,L138,,toulouse
F0029,film,2026-08-25,Labège,Pathé Toulouse Labège,L138,,toulouse
F0008,film,2026-08-25,Labège,Pathé Toulouse Labège,L138,,toulouse
F0126,film,2026-08-25,Labège,Pathé Toulouse Labège,L138,,toulouse
F0021,film,2026-08-25,Labège,Pathé Toulouse Labège,L138,,toulouse
F0038,film,2026-08-25,Labège,Pathé Toulouse Labège,L138,,toulouse
F0080,film,2026-08-25,Labège,Pathé Toulouse Labège,L138,,toulouse
F0002,film,2026-08-25,Blagnac,CGR Blagnac,L139,"https://relay.mvtx.us/ticketing/dbz?code_theater=P0692&gid_entity=movie.movie._.1000013045&tags=Localization.Language.French,Showtime.Accessibility.Accessible&perfd=20260825&perft=10:30&code=Accès PMR; VF;",toulouse
F0001,film,2026-08-25,Blagnac,CGR Blagnac,L139,"https://relay.mvtx.us/ticketing/dbz?code_theater=P0692&gid_entity=movie.movie._.276608&tags=Localization.Language.French,Showtime.Accessibility.Accessible,Auditorium.Experience.DolbyAtmos&perfd=20260825&perft=10:30&code=Accès PMR; Dolby Atmos; VF;",toulouse
F0020,film,2026-08-25,Blagnac,CGR Blagnac,L139,"https://relay.mvtx.us/ticketing/dbz?code_theater=P0692&gid_entity=movie.movie._.294280&tags=Localization.Language.French,Showtime.Accessibility.Accessible&perfd=20260825&perft=10:30&code=Accès PMR; VF;",toulouse
F0081,film,2026-08-25,Blagnac,CGR Blagnac,L139,"https://relay.mvtx.us/ticketing/dbz?code_theater=P0692&gid_entity=movie.movie._.1000016375&tags=Localization.Language.French,Showtime.Accessibility.Accessible&perfd=20260825&perft=10:30&code=Accès PMR; VF;",toulouse
F0038,film,2026-08-25,Blagnac,CGR Blagnac,L139,"https://relay.mvtx.us/ticketing/dbz?code_theater=P0692&gid_entity=movie.movie._.1000022217&tags=Localization.Language.French,Showtime.Accessibility.Accessible&perfd=20260825&perft=10:40&code=Accès PMR; VF;",toulouse
F0126,film,2026-08-25,Blagnac,CGR Blagnac,L139,"https://relay.mvtx.us/ticketing/dbz?code_theater=P0692&gid_entity=movie.movie._.327754&tags=Localization.Language.French,Showtime.Accessibility.Accessible&perfd=20260825&perft=10:40&code=Accès PMR; VF;",toulouse
F0009,film,2026-08-25,Blagnac,CGR Blagnac,L139,"https://relay.mvtx.us/ticketing/dbz?code_theater=P0692&gid_entity=movie.movie._.320681&tags=Localization.Language.French,Showtime.Accessibility.Accessible&perfd=20260825&perft=10:45&code=Accès PMR; VF;",toulouse
F0016,film,2026-08-25,Blagnac,CGR Blagnac,L139,"https://relay.mvtx.us/ticketing/dbz?code_theater=P0692&gid_entity=movie.movie._.313256&tags=Localization.Language.French,Showtime.Accessibility.Accessible&perfd=20260825&perft=10:45&code=Accès PMR; VF;",toulouse
F0017,film,2026-08-25,Blagnac,CGR Blagnac,L139,"https://relay.mvtx.us/ticketing/dbz?code_theater=P0692&gid_entity=movie.movie._.314942&tags=Localization.Language.French,Showtime.Accessibility.Accessible&perfd=20260825&perft=10:45&code=Accès PMR; VF;",toulouse
F0024,film,2026-08-25,Blagnac,CGR Blagnac,L139,"https://relay.mvtx.us/ticketing/dbz?code_theater=P0692&gid_entity=movie.movie._.315380&tags=Localization.Language.French,Showtime.Accessibility.Accessible&perfd=20260825&perft=10:50&code=Accès PMR; VF;",toulouse
F0103,film,2026-08-25,Blagnac,CGR Blagnac,L139,"https://relay.mvtx.us/ticketing/dbz?code_theater=P0692&gid_entity=movie.movie._.1000003105&tags=Localization.Language.French,Showtime.Accessibility.Accessible&perfd=20260825&perft=10:50&code=Accès PMR; VF;",toulouse
F0014,film,2026-08-25,Blagnac,CGR Blagnac,L139,"https://relay.mvtx.us/ticketing/dbz?code_theater=P0692&gid_entity=movie.movie._.316021&tags=Localization.Language.French,Showtime.Accessibility.Accessible&perfd=20260825&perft=13:00&code=Accès PMR; VF;",toulouse
F0008,film,2026-08-25,Blagnac,CGR Blagnac,L139,"https://relay.mvtx.us/ticketing/dbz?code_theater=P0692&gid_entity=movie.movie._.1000016503&tags=Localization.Language.French,Showtime.Accessibility.Accessible&perfd=20260825&perft=13:30&code=Accès PMR; VF;",toulouse
F0021,film,2026-08-25,Blagnac,CGR Blagnac,L139,"https://relay.mvtx.us/ticketing/dbz?code_theater=P0692&gid_entity=movie.movie._.1000033718&tags=Localization.Language.French,Showtime.Accessibility.Accessible&perfd=20260825&perft=13:30&code=Accès PMR; VF;",toulouse
F0011,film,2026-08-25,Blagnac,CGR Blagnac,L139,"https://relay.mvtx.us/ticketing/dbz?code_theater=P0692&gid_entity=movie.movie._.1000002942&tags=Localization.Language.French,Showtime.Accessibility.Accessible&perfd=20260825&perft=13:40&code=Accès PMR; VF;",toulouse
F0008,film,2026-08-25,Fenouillet,Kinepolis Fenouillet,L140,https://relay.mvtx.us/ticketing/dbz?code_theater=W3115&gid_entity=movie.movie._.1000016503&tags=Format.Projection.Digital&perfd=20260825&perft=13:30&code=Version Francaise; 2D,toulouse
F0021,film,2026-08-25,Fenouillet,Kinepolis Fenouillet,L140,https://relay.mvtx.us/ticketing/dbz?code_theater=W3115&gid_entity=movie.movie._.1000033718&tags=Format.Projection.Digital&perfd=20260825&perft=13:30&code=Version Francaise; 2D,toulouse
F0002,film,2026-08-25,Fenouillet,Kinepolis Fenouillet,L140,https://relay.mvtx.us/ticketing/dbz?code_theater=W3115&gid_entity=movie.movie._.1000013045&tags=Format.Projection.Digital&perfd=20260825&perft=13:30&code=Version Francaise; 2D,toulouse
F0009,film,2026-08-25,Fenouillet,Kinepolis Fenouillet,L140,https://relay.mvtx.us/ticketing/dbz?code_theater=W3115&gid_entity=movie.movie._.320681&tags=Format.Projection.Digital&perfd=20260825&perft=13:30&code=Version Francaise; 2D,toulouse
F0006,film,2026-08-25,Fenouillet,Kinepolis Fenouillet,L140,https://relay.mvtx.us/ticketing/dbz?code_theater=W3115&gid_entity=movie.movie._.314503&tags=Format.Projection.Digital&perfd=20260825&perft=13:40&code=Version Francaise; 2D,toulouse
F0001,film,2026-08-25,Fenouillet,Kinepolis Fenouillet,L140,https://relay.mvtx.us/ticketing/dbz?code_theater=W3115&gid_entity=movie.movie._.276608&tags=Format.Projection.Digital&perfd=20260825&perft=13:45&code=Version Francaise; 2D Laser Ultra,toulouse
F0004,film,2026-08-25,Fenouillet,Kinepolis Fenouillet,L140,https://relay.mvtx.us/ticketing/dbz?code_theater=W3115&gid_entity=movie.movie._.1000032856&tags=Format.Projection.Digital&perfd=20260825&perft=13:50&code=Version Francaise; 2D,toulouse
F0011,film,2026-08-25,Fenouillet,Kinepolis Fenouillet,L140,https://relay.mvtx.us/ticketing/dbz?code_theater=W3115&gid_entity=movie.movie._.1000002942&tags=Format.Projection.Digital&perfd=20260825&perft=14:00&code=Version Francaise; 2D,toulouse
F0017,film,2026-08-25,Fenouillet,Kinepolis Fenouillet,L140,https://relay.mvtx.us/ticketing/dbz?code_theater=W3115&gid_entity=movie.movie._.314942&tags=Format.Projection.Digital&perfd=20260825&perft=15:40&code=Version Francaise; 2D,toulouse
F0024,film,2026-08-25,Fenouillet,Kinepolis Fenouillet,L140,https://relay.mvtx.us/ticketing/dbz?code_theater=W3115&gid_entity=movie.movie._.315380&tags=Format.Projection.Digital&perfd=20260825&perft=16:10&code=Version Francaise; 2D,toulouse
F0030,film,2026-08-25,Fenouillet,Kinepolis Fenouillet,L140,https://relay.mvtx.us/ticketing/dbz?code_theater=W3115&gid_entity=movie.movie._.1000019899&tags=Format.Projection.Digital&perfd=20260825&perft=18:00&code=Version Francaise; 2D,toulouse
F0209,film,2026-08-25,Fenouillet,Kinepolis Fenouillet,L140,https://relay.mvtx.us/ticketing/dbz?code_theater=W3115&gid_entity=movie.movie._.10251&tags=Format.Projection.Digital&perfd=20260825&perft=20:15&code=Version Francaise; 2D,toulouse
F0013,film,2026-08-25,Toulouse,American Cosmograph,L141,"https://relay.mvtx.us/ticketing/dbz?code_theater=P0235&gid_entity=movie.movie._.1000024105&tags=Localization.Version.Original,Format.Projection.Digital&perfd=20260825&perft=15:50&code=;;VO;;;1",toulouse
F0090,film,2026-08-25,Toulouse,American Cosmograph,L141,"https://relay.mvtx.us/ticketing/dbz?code_theater=P0235&gid_entity=movie.movie._.1000007388&tags=Localization.Version.Original,Format.Projection.Digital&perfd=20260825&perft=16:00&code=;;VO;;;1",toulouse
F0162,film,2026-08-25,Toulouse,American Cosmograph,L141,"https://relay.mvtx.us/ticketing/dbz?code_theater=P0235&gid_entity=movie.movie._.257259&tags=Localization.Version.Original,Format.Projection.Digital&perfd=20260825&perft=16:10&code=;;VO;;;1",toulouse
F0002,film,2026-08-25,Toulouse,American Cosmograph,L141,"https://relay.mvtx.us/ticketing/dbz?code_theater=P0235&gid_entity=movie.movie._.1000013045&tags=Localization.Version.Original,Format.Projection.Digital&perfd=20260825&perft=17:10&code=;;VO;;;1",toulouse
F0062,film,2026-08-25,Toulouse,American Cosmograph,L141,"https://relay.mvtx.us/ticketing/dbz?code_theater=P0235&gid_entity=movie.movie._.1000029301&tags=Localization.Version.Original,Format.Projection.Digital&perfd=20260825&perft=19:00&code=;;VO;;;1",toulouse
F0023,film,2026-08-25,Toulouse,American Cosmograph,L141,"https://relay.mvtx.us/ticketing/dbz?code_theater=P0235&gid_entity=movie.movie._.1000019852&tags=Localization.Version.Original,Format.Projection.Digital&perfd=20260825&perft=20:30&code=;;VO;;;1",toulouse
F0063,film,2026-08-25,Toulouse,American Cosmograph,L141,"https://relay.mvtx.us/ticketing/dbz?code_theater=P0235&gid_entity=movie.movie._.1000037432&tags=Localization.Version.Original,Format.Projection.Digital&perfd=20260825&perft=20:50&code=;;VO;;;1",toulouse
F0009,film,2026-08-25,Toulouse,UGC Montaudran,L142,"https://relay.mvtx.us/ticketing/dbz?code_theater=W3140&gid_entity=movie.movie._.320681&tags=Showtime.Accessibility.Accessible,Localization.Version.French,Format.Projection.Digital&perfd=20260825&perft=13:15&code=apd03a; PMR; 2D; VF; ",toulouse
F0016,film,2026-08-25,Toulouse,UGC Montaudran,L142,"https://relay.mvtx.us/ticketing/dbz?code_theater=W3140&gid_entity=movie.movie._.313256&tags=Showtime.Accessibility.Accessible,Localization.Version.French,Format.Projection.Digital&perfd=20260825&perft=13:40&code=SME; AUDIO; GRETA; apd06a; PMR; 2D; VF; ",toulouse
F0004,film,2026-08-25,Toulouse,UGC Montaudran,L142,"https://relay.mvtx.us/ticketing/dbz?code_theater=W3140&gid_entity=movie.movie._.1000032856&tags=Showtime.Accessibility.Accessible,Localization.Version.French,Format.Projection.Digital&perfd=20260825&perft=13:50&code=SME; AUDIO; PMR; 2D; VF; ",toulouse
F0002,film,2026-08-25,Toulouse,UGC Montaudran,L142,"https://relay.mvtx.us/ticketing/dbz?code_theater=W3140&gid_entity=movie.movie._.1000013045&tags=Showtime.Accessibility.Accessible,Localization.Subtitle.French,Localization.Version.Original,Format.Projection.Digital&perfd=20260825&perft=14:00&code=SME; AUDIO; GRETA; PMR; 2D; VO; ",toulouse
F0001,film,2026-08-25,Toulouse,UGC Montaudran,L142,"https://relay.mvtx.us/ticketing/dbz?code_theater=W3140&gid_entity=movie.movie._.276608&tags=Showtime.Accessibility.Accessible,Localization.Version.French,Format.Projection.Digital&perfd=20260825&perft=14:00&code=SME; AUDIO; GRETA; PMR; 2D; VF; ",toulouse
F0005,film,2026-08-25,Toulouse,UGC Montaudran,L142,"https://relay.mvtx.us/ticketing/dbz?code_theater=W3140&gid_entity=movie.movie._.188280&tags=Showtime.Accessibility.Accessible,Localization.Subtitle.French,Localization.Version.Original,Format.Projection.Digital&perfd=20260825&perft=14:10&code=PMR; 2D; VO; ",toulouse
F0010,film,2026-08-25,Toulouse,UGC Montaudran,L142,"https://relay.mvtx.us/ticketing/dbz?code_theater=W3140&gid_entity=movie.movie._.1000037046&tags=Showtime.Accessibility.Accessible,Localization.Version.French,Format.Projection.Digital&perfd=20260825&perft=18:00&code=SME; AUDIO; PMR; 2D; VF; ",toulouse
F0030,film,2026-08-25,Toulouse,UGC Montaudran,L142,"https://relay.mvtx.us/ticketing/dbz?code_theater=W3140&gid_entity=movie.movie._.1000019899&tags=Showtime.Accessibility.Accessible,Localization.Subtitle.French,Localization.Version.Original,Format.Projection.Digital&perfd=20260825&perft=18:00&code=SME; AUDIO; PMR; 2D; VO; ",toulouse
F0006,film,2026-08-25,Toulouse,UGC Montaudran,L142,"https://relay.mvtx.us/ticketing/dbz?code_theater=W3140&gid_entity=movie.movie._.314503&tags=Showtime.Accessibility.Accessible,Localization.Subtitle.French,Localization.Version.Original,Format.Projection.Digital&perfd=20260825&perft=19:50&code=SME; AUDIO; GRETA; PMR; 2D; VO; ",toulouse
F0052,film,2026-08-25,Toulouse,UGC Montaudran,L142,"https://relay.mvtx.us/ticketing/dbz?code_theater=W3140&gid_entity=movie.movie._.1000028234&tags=Showtime.Accessibility.Accessible,Localization.Subtitle.French,Localization.Version.Original,Format.Projection.Digital&perfd=20260825&perft=22:00&code=PMR; 2D; VO; ",toulouse
F0356,film,2026-08-25,Colomiers,Véo Grand Central Colomiers,L144,"https://relay.mvtx.us/ticketing/dbz?code_theater=P6864&gid_entity=movie.movie._.268872&tags=Localization.Language.French,Showtime.Accessibility.Dubbed,Format.Projection.Digital&perfd=20260825&perft=10:00",toulouse
F0133,film,2026-08-25,Colomiers,Véo Grand Central Colomiers,L144,"https://relay.mvtx.us/ticketing/dbz?code_theater=P6864&gid_entity=movie.movie._.284565&tags=Localization.Language.French,Format.Projection.Digital&perfd=20260825&perft=10:00",toulouse
F0009,film,2026-08-25,Colomiers,Véo Grand Central Colomiers,L144,"https://relay.mvtx.us/ticketing/dbz?code_theater=P6864&gid_entity=movie.movie._.320681&tags=Localization.Language.French,Showtime.Accessibility.Dubbed,Format.Projection.Digital&perfd=20260825&perft=10:30",toulouse
F0004,film,2026-08-25,Colomiers,Véo Grand Central Colomiers,L144,"https://relay.mvtx.us/ticketing/dbz?code_theater=P6864&gid_entity=movie.movie._.1000032856&tags=Localization.Language.French,Format.Projection.Digital,Showtime.Accessibility.OpenCaption&perfd=20260825&perft=11:00",toulouse
F0016,film,2026-08-25,Colomiers,Véo Grand Central Colomiers,L144,"https://relay.mvtx.us/ticketing/dbz?code_theater=P6864&gid_entity=movie.movie._.313256&tags=Localization.Language.French,Showtime.Accessibility.Dubbed,Format.Projection.Digital,Format.Sound.71&perfd=20260825&perft=11:00",toulouse
F0029,film,2026-08-25,Colomiers,Véo Grand Central Colomiers,L144,"https://relay.mvtx.us/ticketing/dbz?code_theater=P6864&gid_entity=movie.movie._.1000022546&tags=Localization.Language.French,Format.Projection.Digital&perfd=20260825&perft=11:00",toulouse
F0103,film,2026-08-25,Colomiers,Véo Grand Central Colomiers,L144,"https://relay.mvtx.us/ticketing/dbz?code_theater=P6864&gid_entity=movie.movie._.1000003105&tags=Localization.Language.French,Showtime.Accessibility.Dubbed,Format.Projection.Digital&perfd=20260825&perft=11:00",toulouse
F0017,film,2026-08-25,Colomiers,Véo Grand Central Colomiers,L144,"https://relay.mvtx.us/ticketing/dbz?code_theater=P6864&gid_entity=movie.movie._.314942&tags=Localization.Language.French,Showtime.Accessibility.Dubbed,Format.Projection.Digital,Format.Sound.71&perfd=20260825&perft=13:30",toulouse
F0006,film,2026-08-25,Colomiers,Véo Grand Central Colomiers,L144,"https://relay.mvtx.us/ticketing/dbz?code_theater=P6864&gid_entity=movie.movie._.314503&tags=Localization.Language.French,Showtime.Accessibility.Dubbed,Format.Projection.Digital,Format.Sound.71&perfd=20260825&perft=13:45",toulouse
F0030,film,2026-08-25,Colomiers,Véo Grand Central Colomiers,L144,"https://relay.mvtx.us/ticketing/dbz?code_theater=P6864&gid_entity=movie.movie._.1000019899&tags=Localization.Language.French,Showtime.Accessibility.Dubbed,Format.Projection.Digital&perfd=20260825&perft=13:50",toulouse
F0001,film,2026-08-25,Colomiers,Véo Grand Central Colomiers,L144,"https://relay.mvtx.us/ticketing/dbz?code_theater=P6864&gid_entity=movie.movie._.276608&tags=Localization.Language.French,Showtime.Accessibility.Dubbed,Format.Projection.Digital,Format.Sound.71&perfd=20260825&perft=15:50",toulouse
F0024,film,2026-08-25,Colomiers,Véo Grand Central Colomiers,L144,"https://relay.mvtx.us/ticketing/dbz?code_theater=P6864&gid_entity=movie.movie._.315380&tags=Localization.Language.French,Showtime.Accessibility.Dubbed,Format.Projection.Digital,Format.Sound.71&perfd=20260825&perft=15:50",toulouse
F0005,film,2026-08-25,Colomiers,Véo Grand Central Colomiers,L144,"https://relay.mvtx.us/ticketing/dbz?code_theater=P6864&gid_entity=movie.movie._.188280&tags=Localization.Version.Original,Format.Projection.Digital&perfd=20260825&perft=16:00",toulouse
F0010,film,2026-08-25,Colomiers,Véo Grand Central Colomiers,L144,"https://relay.mvtx.us/ticketing/dbz?code_theater=P6864&gid_entity=movie.movie._.1000037046&tags=Localization.Language.French,Format.Projection.Digital&perfd=20260825&perft=17:25",toulouse
F0002,film,2026-08-25,Colomiers,Véo Grand Central Colomiers,L144,"https://relay.mvtx.us/ticketing/dbz?code_theater=P6864&gid_entity=movie.movie._.1000013045&tags=Localization.Version.Original,Format.Projection.Digital,Format.Sound.71&perfd=20260825&perft=17:45",toulouse
F0024,film,2026-08-25,Plaisance-du-Touch,Ecran7 Plaisance,L145,"https://relay.mvtx.us/ticketing/dbz?code_theater=P0918&gid_entity=movie.movie._.315380&tags=Localization.Language.French,Showtime.Accessibility.Dubbed,BoostPos.Image.2D,BoostPos.XpEtLabels.DerniereSeance,Format.Projection.Digital,Showtime.Accessibility.Accessible&perfd=20260825&perft=14:00",toulouse
F0053,film,2026-08-25,Plaisance-du-Touch,Ecran7 Plaisance,L145,"https://relay.mvtx.us/ticketing/dbz?code_theater=P0918&gid_entity=movie.movie._.316460&tags=Localization.Language.French,Showtime.Accessibility.Dubbed,BoostPos.XpEtLabels.DerniereSeance,Format.Projection.Digital,Showtime.Accessibility.Accessible&perfd=20260825&perft=14:00",toulouse
F0009,film,2026-08-25,Plaisance-du-Touch,Ecran7 Plaisance,L145,"https://relay.mvtx.us/ticketing/dbz?code_theater=P0918&gid_entity=movie.movie._.320681&tags=Localization.Language.French,Showtime.Accessibility.Dubbed,Format.Projection.Digital,Showtime.Accessibility.Accessible&perfd=20260825&perft=14:15",toulouse
F0010,film,2026-08-25,Plaisance-du-Touch,Ecran7 Plaisance,L145,"https://relay.mvtx.us/ticketing/dbz?code_theater=P0918&gid_entity=movie.movie._.1000037046&tags=Localization.Language.French,BoostPos.XpEtLabels.DerniereSeance,Format.Projection.Digital,Showtime.Accessibility.Accessible&perfd=20260825&perft=16:00",toulouse
F0103,film,2026-08-25,Plaisance-du-Touch,Ecran7 Plaisance,L145,"https://relay.mvtx.us/ticketing/dbz?code_theater=P0918&gid_entity=movie.movie._.1000003105&tags=Localization.Language.French,Showtime.Accessibility.Dubbed,BoostPos.XpEtLabels.DerniereSeance,Format.Projection.Digital,Showtime.Accessibility.Accessible&perfd=20260825&perft=16:00",toulouse
F0006,film,2026-08-25,Plaisance-du-Touch,Ecran7 Plaisance,L145,"https://relay.mvtx.us/ticketing/dbz?code_theater=P0918&gid_entity=movie.movie._.314503&tags=Localization.Language.French,Showtime.Accessibility.Dubbed,Format.Projection.Digital,Showtime.Accessibility.Accessible&perfd=20260825&perft=16:15",toulouse
F0002,film,2026-08-25,Plaisance-du-Touch,Ecran7 Plaisance,L145,"https://relay.mvtx.us/ticketing/dbz?code_theater=P0918&gid_entity=movie.movie._.1000013045&tags=Localization.Version.Original,Format.Projection.Digital,Showtime.Accessibility.Accessible&perfd=20260825&perft=17:45",toulouse
F0080,film,2026-08-25,Plaisance-du-Touch,Ecran7 Plaisance,L145,"https://relay.mvtx.us/ticketing/dbz?code_theater=P0918&gid_entity=movie.movie._.1000017192&tags=Localization.Version.Original,BoostPos.XpEtLabels.DerniereSeance,Format.Projection.Digital,Showtime.Accessibility.Accessible&perfd=20260825&perft=18:15",toulouse
F0001,film,2026-08-25,Plaisance-du-Touch,Ecran7 Plaisance,L145,"https://relay.mvtx.us/ticketing/dbz?code_theater=P0918&gid_entity=movie.movie._.276608&tags=Localization.Version.Original,BoostPos.Image.2D,Format.Projection.Digital,Showtime.Accessibility.Accessible&perfd=20260825&perft=20:45",toulouse
F0029,film,2026-08-25,Plaisance-du-Touch,Ecran7 Plaisance,L145,"https://relay.mvtx.us/ticketing/dbz?code_theater=P0918&gid_entity=movie.movie._.1000022546&tags=Localization.Language.French,Format.Projection.Digital,Showtime.Accessibility.Accessible&perfd=20260825&perft=21:00",toulouse
F0009,film,2026-08-25,Castelginest,Le Castelia,L146,"https://relay.mvtx.us/ticketing/dbz?code_theater=P0583&gid_entity=movie.movie._.320681&tags=Localization.Language.French,Showtime.Accessibility.Accessible,Format.Projection.Digital&perfd=20260825&perft=18:30&code=VF; DISABLED ACCESS",toulouse
F0010,film,2026-08-25,Castelginest,Le Castelia,L146,"https://relay.mvtx.us/ticketing/dbz?code_theater=P0583&gid_entity=movie.movie._.1000037046&tags=Localization.Language.French,Showtime.Accessibility.Accessible,Format.Projection.Digital&perfd=20260825&perft=20:30&code=VF; DISABLED ACCESS",toulouse
F0001,film,2026-08-25,Muret,Véo Muret,L147,"https://relay.mvtx.us/ticketing/dbz?code_theater=W3161&gid_entity=movie.movie._.276608&tags=Localization.Language.French,Format.Projection.Digital&perfd=20260825&perft=10:40",toulouse
F0015,film,2026-08-25,Muret,Véo Muret,L147,"https://relay.mvtx.us/ticketing/dbz?code_theater=W3161&gid_entity=movie.movie._.294281&tags=Localization.Language.French,Format.Projection.Digital&perfd=20260825&perft=10:40",toulouse
F0010,film,2026-08-25,Muret,Véo Muret,L147,"https://relay.mvtx.us/ticketing/dbz?code_theater=W3161&gid_entity=movie.movie._.1000037046&tags=Localization.Language.French,Format.Projection.Digital&perfd=20260825&perft=11:00",toulouse
F0009,film,2026-08-25,Muret,Véo Muret,L147,"https://relay.mvtx.us/ticketing/dbz?code_theater=W3161&gid_entity=movie.movie._.320681&tags=Localization.Language.French,Showtime.Accessibility.Dubbed,Format.Projection.Digital&perfd=20260825&perft=11:00",toulouse
F0030,film,2026-08-25,Muret,Véo Muret,L147,"https://relay.mvtx.us/ticketing/dbz?code_theater=W3161&gid_entity=movie.movie._.1000019899&tags=Localization.Language.French,Showtime.Accessibility.Dubbed,Format.Projection.Digital&perfd=20260825&perft=11:00",toulouse
F0016,film,2026-08-25,Muret,Véo Muret,L147,"https://relay.mvtx.us/ticketing/dbz?code_theater=W3161&gid_entity=movie.movie._.313256&tags=Localization.Language.French,Showtime.Accessibility.Dubbed,Format.Projection.Digital&perfd=20260825&perft=11:00",toulouse
F0017,film,2026-08-25,Muret,Véo Muret,L147,"https://relay.mvtx.us/ticketing/dbz?code_theater=W3161&gid_entity=movie.movie._.314942&tags=Localization.Language.French,Showtime.Accessibility.Dubbed,Format.Projection.Digital&perfd=20260825&perft=11:00",toulouse
F0024,film,2026-08-25,Muret,Véo Muret,L147,"https://relay.mvtx.us/ticketing/dbz?code_theater=W3161&gid_entity=movie.movie._.315380&tags=Localization.Language.French,Showtime.Accessibility.Dubbed,Format.Projection.Digital&perfd=20260825&perft=11:00",toulouse
F0011,film,2026-08-25,Muret,Véo Muret,L147,"https://relay.mvtx.us/ticketing/dbz?code_theater=W3161&gid_entity=movie.movie._.1000002942&tags=Localization.Language.French,Showtime.Accessibility.Dubbed,Format.Projection.Digital&perfd=20260825&perft=13:30",toulouse
F0008,film,2026-08-25,Muret,Véo Muret,L147,"https://relay.mvtx.us/ticketing/dbz?code_theater=W3161&gid_entity=movie.movie._.1000016503&tags=Localization.Language.French,Showtime.Accessibility.Dubbed,Format.Projection.Digital&perfd=20260825&perft=13:30",toulouse
F0006,film,2026-08-25,Muret,Véo Muret,L147,"https://relay.mvtx.us/ticketing/dbz?code_theater=W3161&gid_entity=movie.movie._.314503&tags=Localization.Language.French,Showtime.Accessibility.Dubbed,Format.Projection.Digital&perfd=20260825&perft=13:30",toulouse
F0004,film,2026-08-25,Muret,Véo Muret,L147,"https://relay.mvtx.us/ticketing/dbz?code_theater=W3161&gid_entity=movie.movie._.1000032856&tags=Localization.Language.French,Format.Projection.Digital&perfd=20260825&perft=13:50",toulouse
F0005,film,2026-08-25,Muret,Véo Muret,L147,"https://relay.mvtx.us/ticketing/dbz?code_theater=W3161&gid_entity=movie.movie._.188280&tags=Localization.Version.Original,Format.Projection.Digital&perfd=20260825&perft=14:00",toulouse
F0002,film,2026-08-25,Muret,Véo Muret,L147,"https://relay.mvtx.us/ticketing/dbz?code_theater=W3161&gid_entity=movie.movie._.1000013045&tags=Localization.Language.French,Format.Projection.Digital&perfd=20260825&perft=14:00",toulouse
F0014,film,2026-08-25,Muret,Véo Muret,L147,"https://relay.mvtx.us/ticketing/dbz?code_theater=W3161&gid_entity=movie.movie._.316021&tags=Localization.Version.Original,Format.Projection.Digital&perfd=20260825&perft=18:00",toulouse
F0103,film,2026-08-25,Castanet-Tolosan,MJC Ciné 113,L148,"https://relay.mvtx.us/ticketing/dbz?code_theater=P2235&gid_entity=movie.movie._.1000003105&tags=Localization.Language.French,Format.Projection.Digital&perfd=20260825&perft=14:15&code=VF",toulouse
F0001,film,2026-08-25,Castanet-Tolosan,MJC Ciné 113,L148,"https://relay.mvtx.us/ticketing/dbz?code_theater=P2235&gid_entity=movie.movie._.276608&tags=Localization.Language.French,Format.Projection.Digital&perfd=20260825&perft=17:15&code=VF",toulouse
F0372,film,2026-08-25,Castanet-Tolosan,MJC Ciné 113,L148,"https://relay.mvtx.us/ticketing/dbz?code_theater=P2235&gid_entity=movie.movie._.326124&tags=Localization.Language.French,Format.Projection.Digital&perfd=20260825&perft=20:15&code=VF",toulouse
A0256,live,2026-08-26,Toulouse,Les Jardins de Candie,L092,https://lesjardinsdecandie.com/,toulouse
F0005,film,2026-08-26,Toulouse,Utopia Borderouge,L125,https://toulouse.cinemas-utopia.org/film/?id=13457,toulouse
F0051,film,2026-08-26,Toulouse,Utopia Borderouge,L125,https://toulouse.cinemas-utopia.org/film/?id=13341,toulouse
F0069,film,2026-08-26,Toulouse,Utopia Borderouge,L125,https://toulouse.cinemas-utopia.org/film/?id=13240,toulouse
F0013,film,2026-08-26,Toulouse,Utopia Borderouge,L125,https://toulouse.cinemas-utopia.org/film/?id=13459,toulouse
F0056,film,2026-08-26,Toulouse,Utopia Borderouge,L125,https://toulouse.cinemas-utopia.org/film/?id=13551,toulouse
F0049,film,2026-08-26,Toulouse,Utopia Borderouge,L125,https://toulouse.cinemas-utopia.org/film/?id=13765,toulouse
F0065,film,2026-08-26,Toulouse,Utopia Borderouge,L125,https://toulouse.cinemas-utopia.org/film/?id=13430,toulouse
F0002,film,2026-08-26,Toulouse,Utopia Borderouge,L125,https://toulouse.cinemas-utopia.org/film/?id=13767,toulouse
F0035,film,2026-08-26,Toulouse,Utopia Borderouge,L125,https://toulouse.cinemas-utopia.org/film/?id=13722,toulouse
F0010,film,2026-08-26,Toulouse,Utopia Borderouge,L125,https://toulouse.cinemas-utopia.org/film/?id=13449,toulouse
F0012,film,2026-08-26,Tournefeuille,Utopia Tournefeuille,L126,https://toulouse.cinemas-utopia.org/film/?id=13805,toulouse
F0005,film,2026-08-26,Tournefeuille,Utopia Tournefeuille,L126,https://toulouse.cinemas-utopia.org/film/?id=13457,toulouse
F0037,film,2026-08-26,Tournefeuille,Utopia Tournefeuille,L126,https://toulouse.cinemas-utopia.org/film/?id=13251,toulouse
F0096,film,2026-08-26,Tournefeuille,Utopia Tournefeuille,L126,https://toulouse.cinemas-utopia.org/film/?id=6729,toulouse
F0027,film,2026-08-26,Tournefeuille,Utopia Tournefeuille,L126,https://toulouse.cinemas-utopia.org/film/?id=13806,toulouse
F0034,film,2026-08-26,Tournefeuille,Utopia Tournefeuille,L126,https://toulouse.cinemas-utopia.org/film/?id=13462,toulouse
F0049,film,2026-08-26,Tournefeuille,Utopia Tournefeuille,L126,https://toulouse.cinemas-utopia.org/film/?id=13765,toulouse
F0002,film,2026-08-26,Tournefeuille,Utopia Tournefeuille,L126,https://toulouse.cinemas-utopia.org/film/?id=13767,toulouse
F0010,film,2026-08-26,Tournefeuille,Utopia Tournefeuille,L126,https://toulouse.cinemas-utopia.org/film/?id=13449,toulouse
F0013,film,2026-08-26,Tournefeuille,Utopia Tournefeuille,L126,https://toulouse.cinemas-utopia.org/film/?id=13459,toulouse
F0028,film,2026-08-26,Tournefeuille,Utopia Tournefeuille,L126,https://toulouse.cinemas-utopia.org/film/?id=13804,toulouse
F0169,film,2026-08-26,Toulouse,Cinéma ABC,L127,"https://relay.mvtx.us/ticketing/dbz?code_theater=P0071&gid_entity=movie.movie._.274108&tags=Localization.Language.French,Showtime.Accessibility.Accessible,Format.Projection.Digital&perfd=20260826&perft=10:45&code=VF; DISABLED ACCESS",toulouse
F0239,film,2026-08-26,Toulouse,Cinéma ABC,L127,"https://relay.mvtx.us/ticketing/dbz?code_theater=P0071&gid_entity=movie.movie._.925&tags=Localization.Language.French,Showtime.Accessibility.Accessible,Format.Projection.Digital&perfd=20260826&perft=10:45&code=VF; DISABLED ACCESS",toulouse
F0042,film,2026-08-26,Toulouse,Cinéma ABC,L127,"https://relay.mvtx.us/ticketing/dbz?code_theater=P0071&gid_entity=movie.movie._.308394&tags=Showtime.Accessibility.Subtitled,Localization.Version.Original,Showtime.Accessibility.Accessible,Format.Projection.Digital&perfd=20260826&perft=11:30&code=VO; SUBTITLE; DISABLED ACCESS",toulouse
F0026,film,2026-08-26,Toulouse,Cinéma ABC,L127,"https://relay.mvtx.us/ticketing/dbz?code_theater=P0071&gid_entity=movie.movie._.1000041528&tags=Localization.Language.French,Showtime.Accessibility.Accessible,Format.Projection.Digital&perfd=20260826&perft=11:45&code=VF; DISABLED ACCESS",toulouse
F0058,film,2026-08-26,Toulouse,Cinéma ABC,L127,"https://relay.mvtx.us/ticketing/dbz?code_theater=P0071&gid_entity=movie.movie._.1000032278&tags=Showtime.Accessibility.Subtitled,Localization.Version.Original,Showtime.Accessibility.Accessible,Format.Projection.Digital&perfd=20260826&perft=13:45&code=VO; SUBTITLE; DISABLED ACCESS",toulouse
F0005,film,2026-08-26,Toulouse,Cinéma ABC,L127,"https://relay.mvtx.us/ticketing/dbz?code_theater=P0071&gid_entity=movie.movie._.188280&tags=Showtime.Accessibility.Subtitled,Localization.Version.Original,Showtime.Accessibility.Accessible,Format.Projection.Digital&perfd=20260826&perft=14:00&code=VO; SUBTITLE; DISABLED ACCESS",toulouse
F0012,film,2026-08-26,Toulouse,Cinéma ABC,L127,"https://relay.mvtx.us/ticketing/dbz?code_theater=P0071&gid_entity=movie.movie._.327993&tags=Localization.Language.French,Showtime.Accessibility.Accessible,Format.Projection.Digital&perfd=20260826&perft=14:30&code=VF; DISABLED ACCESS",toulouse
F0050,film,2026-08-26,Toulouse,Cinéma ABC,L127,"https://relay.mvtx.us/ticketing/dbz?code_theater=P0071&gid_entity=movie.movie._.1000034332&tags=Showtime.Accessibility.Subtitled,Localization.Version.Original,Showtime.Accessibility.Accessible,Format.Projection.Digital&perfd=20260826&perft=16:50&code=VO; SUBTITLE; DISABLED ACCESS",toulouse
F0101,film,2026-08-26,Toulouse,Cinéma ABC,L127,https://abc-toulouse.fr/1262-wake-in-fright-reveil-dans-la-terreur.html,toulouse
F0075,film,2026-08-26,Toulouse,Cinéma ABC,L127,"https://relay.mvtx.us/ticketing/dbz?code_theater=P0071&gid_entity=movie.movie._.6796&tags=Showtime.Accessibility.Subtitled,Localization.Version.Original,Showtime.Accessibility.Accessible,Format.Projection.Digital&perfd=20260826&perft=21:00&code=VO; SUBTITLE; DISABLED ACCESS",toulouse
F0404,film,2026-08-26,Toulouse,Le Cratère,L128,"https://relay.mvtx.us/ticketing/dbz?code_theater=P0056&gid_entity=movie.movie._.279261&tags=Localization.Language.French,Format.Projection.Digital&perfd=20260826&perft=10:00&code=VF",toulouse
F0140,film,2026-08-26,Toulouse,Le Cratère,L128,"https://relay.mvtx.us/ticketing/dbz?code_theater=P0056&gid_entity=movie.movie._.1000007567&tags=Localization.Version.Original,Format.Projection.Digital&perfd=20260826&perft=11:25&code=VO",toulouse
F0117,film,2026-08-26,Toulouse,Le Cratère,L128,"https://relay.mvtx.us/ticketing/dbz?code_theater=P0056&gid_entity=movie.movie._.1000022261&tags=Localization.Version.Original,Format.Projection.Digital&perfd=20260826&perft=13:10&code=VO",toulouse
F0167,film,2026-08-26,Toulouse,Le Cratère,L128,"https://relay.mvtx.us/ticketing/dbz?code_theater=P0056&gid_entity=movie.movie._.213641&tags=Localization.Language.French,Format.Projection.Digital&perfd=20260826&perft=14:55&code=VF",toulouse
F0051,film,2026-08-26,Toulouse,Le Cratère,L128,"https://relay.mvtx.us/ticketing/dbz?code_theater=P0056&gid_entity=movie.movie._.1000031160&tags=Localization.Version.Original,Format.Projection.Digital&perfd=20260826&perft=16:25&code=VO",toulouse
F0070,film,2026-08-26,Toulouse,Le Cratère,L128,"https://relay.mvtx.us/ticketing/dbz?code_theater=P0056&gid_entity=movie.movie._.289867&tags=Localization.Version.Original,Format.Projection.Digital&perfd=20260826&perft=18:00&code=VO",toulouse
F0080,film,2026-08-26,Toulouse,Le Cratère,L128,"https://relay.mvtx.us/ticketing/dbz?code_theater=P0056&gid_entity=movie.movie._.1000017192&tags=Localization.Version.Original,Format.Projection.Digital&perfd=20260826&perft=20:05&code=VO",toulouse
F0010,film,2026-08-26,Toulouse,Le Cratère,L128,"https://relay.mvtx.us/ticketing/dbz?code_theater=P0056&gid_entity=movie.movie._.1000037046&tags=Localization.Version.Original,Format.Projection.Digital&perfd=20260826&perft=21:35&code=VO",toulouse
F0248,film,2026-08-26,Toulouse,Cinémathèque de Toulouse,L131,https://www.lacinemathequedetoulouse.com/programmation/agenda,toulouse
F0220,film,2026-08-26,Toulouse,Cinémathèque de Toulouse,L131,https://www.lacinemathequedetoulouse.com/programmation/agenda,toulouse
F0219,film,2026-08-26,Toulouse,Cinémathèque de Toulouse,L131,"https://relay.mvtx.us/ticketing/dbz?code_theater=P0062&gid_entity=movie.movie._.55567&tags=Showtime.Accessibility.Subtitled,Localization.Version.Original,Format.Projection.Digital&perfd=20260826&perft=21:30&code=VO; SUBTITLE",toulouse
A0024,live,2026-08-26,Blagnac,Poney Club,L132,https://31.agendaculturel.fr/festival/poney-club.html,toulouse
F0054,film,2026-08-26,Toulouse,Pathé Toulouse Wilson,L137,,toulouse
F0002,film,2026-08-26,Toulouse,Pathé Toulouse Wilson,L137,,toulouse
F0002,film,2026-08-26,Labège,Pathé Toulouse Labège,L138,,toulouse
F0054,film,2026-08-26,Labège,Pathé Toulouse Labège,L138,,toulouse
F0003,film,2026-08-26,Labège,Pathé Toulouse Labège,L138,,toulouse
F0001,film,2026-08-26,Labège,Pathé Toulouse Labège,L138,,toulouse
F0015,film,2026-08-26,Labège,Pathé Toulouse Labège,L138,,toulouse
F0009,film,2026-08-26,Labège,Pathé Toulouse Labège,L138,,toulouse
F0017,film,2026-08-26,Labège,Pathé Toulouse Labège,L138,,toulouse
F0007,film,2026-08-26,Labège,Pathé Toulouse Labège,L138,,toulouse
F0004,film,2026-08-26,Labège,Pathé Toulouse Labège,L138,,toulouse
F0006,film,2026-08-26,Labège,Pathé Toulouse Labège,L138,,toulouse
F0008,film,2026-08-26,Labège,Pathé Toulouse Labège,L138,,toulouse
F0016,film,2026-08-26,Labège,Pathé Toulouse Labège,L138,,toulouse
F0019,film,2026-08-26,Labège,Pathé Toulouse Labège,L138,,toulouse
F0011,film,2026-08-26,Labège,Pathé Toulouse Labège,L138,,toulouse
F0021,film,2026-08-26,Labège,Pathé Toulouse Labège,L138,,toulouse
F0002,film,2026-08-26,Blagnac,CGR Blagnac,L139,"https://relay.mvtx.us/ticketing/dbz?code_theater=P0692&gid_entity=movie.movie._.1000013045&tags=Localization.Language.French,Showtime.Accessibility.Accessible&perfd=20260826&perft=10:30&code=Accès PMR; VF;",toulouse
F0001,film,2026-08-26,Blagnac,CGR Blagnac,L139,"https://relay.mvtx.us/ticketing/dbz?code_theater=P0692&gid_entity=movie.movie._.276608&tags=Localization.Language.French,Showtime.Accessibility.Accessible,Auditorium.Experience.DolbyAtmos&perfd=20260826&perft=10:30&code=Accès PMR; Dolby Atmos; VF;",toulouse
F0054,film,2026-08-26,Blagnac,CGR Blagnac,L139,"https://relay.mvtx.us/ticketing/dbz?code_theater=P0692&gid_entity=movie.movie._.29276&tags=Localization.Language.French,Showtime.Accessibility.Accessible,Format.Projection.4k,Auditorium.Experience.Ice,Auditorium.Experience.DolbyAtmos&perfd=20260826&perft=10:30&code=4K; Accès PMR; Dolby Atmos; ICE; VF;",toulouse
F0110,film,2026-08-26,Blagnac,CGR Blagnac,L139,"https://relay.mvtx.us/ticketing/dbz?code_theater=P0692&gid_entity=movie.movie._.1000041813&tags=Localization.Language.French,Showtime.Accessibility.Accessible&perfd=20260826&perft=10:30&code=Accès PMR; VF;",toulouse
F0014,film,2026-08-26,Blagnac,CGR Blagnac,L139,"https://relay.mvtx.us/ticketing/dbz?code_theater=P0692&gid_entity=movie.movie._.316021&tags=Localization.Language.French,Showtime.Accessibility.Accessible&perfd=20260826&perft=10:40&code=Accès PMR; VF;",toulouse
F0017,film,2026-08-26,Blagnac,CGR Blagnac,L139,"https://relay.mvtx.us/ticketing/dbz?code_theater=P0692&gid_entity=movie.movie._.314942&tags=Localization.Language.French,Showtime.Accessibility.Accessible&perfd=20260826&perft=10:40&code=Accès PMR; VF;",toulouse
F0038,film,2026-08-26,Blagnac,CGR Blagnac,L139,"https://relay.mvtx.us/ticketing/dbz?code_theater=P0692&gid_entity=movie.movie._.1000022217&tags=Localization.Language.French,Showtime.Accessibility.Accessible&perfd=20260826&perft=10:40&code=Accès PMR; VF;",toulouse
F0007,film,2026-08-26,Blagnac,CGR Blagnac,L139,"https://relay.mvtx.us/ticketing/dbz?code_theater=P0692&gid_entity=movie.movie._.257425&tags=Localization.Language.French,Showtime.Accessibility.Accessible&perfd=20260826&perft=10:45&code=Accès PMR; VF;",toulouse
F0009,film,2026-08-26,Blagnac,CGR Blagnac,L139,"https://relay.mvtx.us/ticketing/dbz?code_theater=P0692&gid_entity=movie.movie._.320681&tags=Localization.Language.French,Showtime.Accessibility.Accessible&perfd=20260826&perft=10:45&code=Accès PMR; VF;",toulouse
F0016,film,2026-08-26,Blagnac,CGR Blagnac,L139,"https://relay.mvtx.us/ticketing/dbz?code_theater=P0692&gid_entity=movie.movie._.313256&tags=Localization.Language.French,Showtime.Accessibility.Accessible&perfd=20260826&perft=10:45&code=Accès PMR; VF;",toulouse
F0024,film,2026-08-26,Blagnac,CGR Blagnac,L139,"https://relay.mvtx.us/ticketing/dbz?code_theater=P0692&gid_entity=movie.movie._.315380&tags=Localization.Language.French,Showtime.Accessibility.Accessible&perfd=20260826&perft=10:45&code=Accès PMR; VF;",toulouse
F0003,film,2026-08-26,Blagnac,CGR Blagnac,L139,"https://relay.mvtx.us/ticketing/dbz?code_theater=P0692&gid_entity=movie.movie._.1000014969&tags=Localization.Language.French,Showtime.Accessibility.Accessible&perfd=20260826&perft=10:45&code=Accès PMR; VF;",toulouse
F0004,film,2026-08-26,Blagnac,CGR Blagnac,L139,"https://relay.mvtx.us/ticketing/dbz?code_theater=P0692&gid_entity=movie.movie._.1000032856&tags=Localization.Language.French,Showtime.Accessibility.Accessible&perfd=20260826&perft=11:00&code=Accès PMR; VF;",toulouse
F0029,film,2026-08-26,Blagnac,CGR Blagnac,L139,"https://relay.mvtx.us/ticketing/dbz?code_theater=P0692&gid_entity=movie.movie._.1000022546&tags=Localization.Language.French,Showtime.Accessibility.Accessible&perfd=20260826&perft=11:00&code=Accès PMR; VF;",toulouse
F0019,film,2026-08-26,Blagnac,CGR Blagnac,L139,"https://relay.mvtx.us/ticketing/dbz?code_theater=P0692&gid_entity=movie.movie._.321617&tags=Localization.Language.French,Showtime.Accessibility.Accessible&perfd=20260826&perft=13:30&code=Accès PMR; VF;",toulouse
F0013,film,2026-08-26,Toulouse,American Cosmograph,L141,https://american-cosmograph.fr/soudain.html,toulouse
F0027,film,2026-08-26,Toulouse,American Cosmograph,L141,https://american-cosmograph.fr/decorado.html,toulouse
F0009,film,2026-08-26,Toulouse,UGC Montaudran,L142,"https://relay.mvtx.us/ticketing/dbz?code_theater=W3140&gid_entity=movie.movie._.320681&tags=Showtime.Accessibility.Accessible,Localization.Version.French,Format.Projection.Digital&perfd=20260826&perft=13:15&code=apd03a; PMR; 2D; VF; ",toulouse
F0004,film,2026-08-26,Toulouse,UGC Montaudran,L142,"https://relay.mvtx.us/ticketing/dbz?code_theater=W3140&gid_entity=movie.movie._.1000032856&tags=Showtime.Accessibility.Accessible,Localization.Version.French,Format.Projection.Digital&perfd=20260826&perft=13:45&code=SME; AUDIO; PMR; 2D; VF; ",toulouse
F0003,film,2026-08-26,Toulouse,UGC Montaudran,L142,"https://relay.mvtx.us/ticketing/dbz?code_theater=W3140&gid_entity=movie.movie._.1000014969&tags=Showtime.Accessibility.Accessible,Localization.Version.French,Format.Projection.Digital&perfd=20260826&perft=14:00&code=SME; AUDIO; GRETA; PMR; 2D; VF; ",toulouse
F0007,film,2026-08-26,Toulouse,UGC Montaudran,L142,"https://relay.mvtx.us/ticketing/dbz?code_theater=W3140&gid_entity=movie.movie._.257425&tags=Showtime.Accessibility.Accessible,Localization.Version.French,Format.Projection.Digital&perfd=20260826&perft=14:00&code=apd06a; PMR; 2D; VF; ",toulouse
F0002,film,2026-08-26,Toulouse,UGC Montaudran,L142,"https://relay.mvtx.us/ticketing/dbz?code_theater=W3140&gid_entity=movie.movie._.1000013045&tags=Showtime.Accessibility.Accessible,Localization.Subtitle.French,Localization.Version.Original,Format.Projection.Digital&perfd=20260826&perft=14:00&code=SME; AUDIO; GRETA; PMR; 2D; VO; ",toulouse
F0005,film,2026-08-26,Toulouse,UGC Montaudran,L142,"https://relay.mvtx.us/ticketing/dbz?code_theater=W3140&gid_entity=movie.movie._.188280&tags=Showtime.Accessibility.Accessible,Localization.Subtitle.French,Localization.Version.Original,Format.Projection.Digital&perfd=20260826&perft=14:10&code=PMR; 2D; VO; ",toulouse
F0001,film,2026-08-26,Toulouse,UGC Montaudran,L142,"https://relay.mvtx.us/ticketing/dbz?code_theater=W3140&gid_entity=movie.movie._.276608&tags=Showtime.Accessibility.Accessible,Localization.Subtitle.French,Localization.Version.Original,Format.Projection.Digital&perfd=20260826&perft=15:15&code=SME; AUDIO; GRETA; PMR; 2D; VO; ",toulouse
F0016,film,2026-08-26,Toulouse,UGC Montaudran,L142,"https://relay.mvtx.us/ticketing/dbz?code_theater=W3140&gid_entity=movie.movie._.313256&tags=Showtime.Accessibility.Accessible,Localization.Version.French,Format.Projection.Digital&perfd=20260826&perft=15:45&code=SME; AUDIO; GRETA; apd06a; PMR; 2D; VF; ",toulouse
F0006,film,2026-08-26,Toulouse,UGC Montaudran,L142,"https://relay.mvtx.us/ticketing/dbz?code_theater=W3140&gid_entity=movie.movie._.314503&tags=Showtime.Accessibility.Accessible,Localization.Subtitle.French,Localization.Version.Original,Format.Projection.Digital&perfd=20260826&perft=22:00&code=SME; AUDIO; GRETA; PMR; 2D; VO; ",toulouse
F0009,film,2026-08-26,Ramonville-Saint-Agne,L'Autan,L143,"https://relay.mvtx.us/ticketing/dbz?code_theater=P0881&gid_entity=movie.movie._.320681&tags=Localization.Language.French,Showtime.Accessibility.Accessible,Format.Projection.Digital&perfd=20260826&perft=16:00&code=VF; DISABLED ACCESS",toulouse
F0093,film,2026-08-26,Ramonville-Saint-Agne,L'Autan,L143,https://cine-autan-ramonville.fr/programme,toulouse
F0001,film,2026-08-26,Ramonville-Saint-Agne,L'Autan,L143,"https://relay.mvtx.us/ticketing/dbz?code_theater=P0881&gid_entity=movie.movie._.276608&tags=Localization.Language.French,Showtime.Accessibility.Accessible,Format.Projection.Digital&perfd=20260826&perft=20:30&code=VF; DISABLED ACCESS",toulouse
F0133,film,2026-08-26,Colomiers,Véo Grand Central Colomiers,L144,"https://relay.mvtx.us/ticketing/dbz?code_theater=P6864&gid_entity=movie.movie._.284565&tags=Localization.Language.French,Format.Projection.Digital&perfd=20260826&perft=10:00",toulouse
F0357,film,2026-08-26,Colomiers,Véo Grand Central Colomiers,L144,"https://relay.mvtx.us/ticketing/dbz?code_theater=P6864&gid_entity=movie.movie._.250709&tags=Localization.Language.French,Showtime.Accessibility.Dubbed,Format.Projection.Digital&perfd=20260826&perft=10:00",toulouse
F0020,film,2026-08-26,Colomiers,Véo Grand Central Colomiers,L144,"https://relay.mvtx.us/ticketing/dbz?code_theater=P6864&gid_entity=movie.movie._.294280&tags=Localization.Language.French,Format.Projection.Digital,Format.Sound.71&perfd=20260826&perft=10:40",toulouse
F0009,film,2026-08-26,Colomiers,Véo Grand Central Colomiers,L144,"https://relay.mvtx.us/ticketing/dbz?code_theater=P6864&gid_entity=movie.movie._.320681&tags=Localization.Language.French,Showtime.Accessibility.Dubbed,Format.Projection.Digital&perfd=20260826&perft=11:00",toulouse
F0030,film,2026-08-26,Colomiers,Véo Grand Central Colomiers,L144,"https://relay.mvtx.us/ticketing/dbz?code_theater=P6864&gid_entity=movie.movie._.1000019899&tags=Localization.Language.French,Showtime.Accessibility.Dubbed,Format.Projection.Digital&perfd=20260826&perft=11:00",toulouse
F0016,film,2026-08-26,Colomiers,Véo Grand Central Colomiers,L144,"https://relay.mvtx.us/ticketing/dbz?code_theater=P6864&gid_entity=movie.movie._.313256&tags=Localization.Language.French,Showtime.Accessibility.Dubbed,Format.Projection.Digital,Format.Sound.71&perfd=20260826&perft=11:00",toulouse
F0024,film,2026-08-26,Colomiers,Véo Grand Central Colomiers,L144,"https://relay.mvtx.us/ticketing/dbz?code_theater=P6864&gid_entity=movie.movie._.315380&tags=Localization.Language.French,Showtime.Accessibility.Dubbed,Format.Projection.Digital,Format.Sound.71&perfd=20260826&perft=11:00",toulouse
F0013,film,2026-08-26,Colomiers,Véo Grand Central Colomiers,L144,"https://relay.mvtx.us/ticketing/dbz?code_theater=P6864&gid_entity=movie.movie._.1000024105&tags=Localization.Version.Original,Format.Projection.Digital&perfd=20260826&perft=13:30",toulouse
F0010,film,2026-08-26,Colomiers,Véo Grand Central Colomiers,L144,"https://relay.mvtx.us/ticketing/dbz?code_theater=P6864&gid_entity=movie.movie._.1000037046&tags=Localization.Language.French,Format.Projection.Digital&perfd=20260826&perft=13:30",toulouse
F0050,film,2026-08-26,Colomiers,Véo Grand Central Colomiers,L144,"https://relay.mvtx.us/ticketing/dbz?code_theater=P6864&gid_entity=movie.movie._.1000034332&tags=Localization.Language.French,Format.Projection.Digital&perfd=20260826&perft=13:30",toulouse
F0007,film,2026-08-26,Colomiers,Véo Grand Central Colomiers,L144,"https://relay.mvtx.us/ticketing/dbz?code_theater=P6864&gid_entity=movie.movie._.257425&tags=Localization.Language.French,Showtime.Accessibility.Dubbed,Format.Projection.Digital&perfd=20260826&perft=13:50",toulouse
F0017,film,2026-08-26,Colomiers,Véo Grand Central Colomiers,L144,"https://relay.mvtx.us/ticketing/dbz?code_theater=P6864&gid_entity=movie.movie._.314942&tags=Localization.Language.French,Showtime.Accessibility.Dubbed,Format.Projection.Digital,Format.Sound.71&perfd=20260826&perft=14:00",toulouse
F0001,film,2026-08-26,Colomiers,Véo Grand Central Colomiers,L144,"https://relay.mvtx.us/ticketing/dbz?code_theater=P6864&gid_entity=movie.movie._.276608&tags=Localization.Language.French,Showtime.Accessibility.Dubbed,Format.Projection.Digital,Format.Sound.71&perfd=20260826&perft=15:10",toulouse
F0005,film,2026-08-26,Colomiers,Véo Grand Central Colomiers,L144,"https://relay.mvtx.us/ticketing/dbz?code_theater=P6864&gid_entity=movie.movie._.188280&tags=Localization.Version.Original,Format.Projection.Digital&perfd=20260826&perft=15:30",toulouse
F0409,film,2026-08-26,Colomiers,Véo Grand Central Colomiers,L144,"https://relay.mvtx.us/ticketing/dbz?code_theater=P6864&gid_entity=movie.movie._.327936&tags=Localization.Version.Original,Format.Projection.Digital&perfd=20260826&perft=21:00",toulouse
F0020,film,2026-08-26,Plaisance-du-Touch,Ecran7 Plaisance,L145,"https://relay.mvtx.us/ticketing/dbz?code_theater=P0918&gid_entity=movie.movie._.294280&tags=Localization.Language.French,Format.Projection.Digital,Showtime.Accessibility.Accessible&perfd=20260826&perft=13:30",toulouse
F0004,film,2026-08-26,Plaisance-du-Touch,Ecran7 Plaisance,L145,"https://relay.mvtx.us/ticketing/dbz?code_theater=P0918&gid_entity=movie.movie._.1000032856&tags=Localization.Language.French,Format.Projection.Digital,Showtime.Accessibility.Accessible&perfd=20260826&perft=13:45",toulouse
F0009,film,2026-08-26,Plaisance-du-Touch,Ecran7 Plaisance,L145,"https://relay.mvtx.us/ticketing/dbz?code_theater=P0918&gid_entity=movie.movie._.320681&tags=Localization.Language.French,Showtime.Accessibility.Dubbed,Format.Projection.Digital,Showtime.Accessibility.Accessible&perfd=20260826&perft=13:45",toulouse
F0065,film,2026-08-26,Plaisance-du-Touch,Ecran7 Plaisance,L145,"https://relay.mvtx.us/ticketing/dbz?code_theater=P0918&gid_entity=movie.movie._.1000043585&tags=Localization.Language.French,Showtime.Accessibility.Dubbed,BoostPos.Autres.Cg,BoostPos.Image.2D,Format.Projection.Digital,Showtime.Accessibility.Accessible&perfd=20260826&perft=15:45",toulouse
F0024,film,2026-08-26,Plaisance-du-Touch,Ecran7 Plaisance,L145,"https://relay.mvtx.us/ticketing/dbz?code_theater=P0918&gid_entity=movie.movie._.315380&tags=Localization.Language.French,Showtime.Accessibility.Dubbed,BoostPos.Image.2D,Format.Projection.Digital,Showtime.Accessibility.Accessible&perfd=20260826&perft=16:00",toulouse
F0006,film,2026-08-26,Plaisance-du-Touch,Ecran7 Plaisance,L145,"https://relay.mvtx.us/ticketing/dbz?code_theater=P0918&gid_entity=movie.movie._.314503&tags=Localization.Language.French,Showtime.Accessibility.Dubbed,Format.Projection.Digital,Showtime.Accessibility.Accessible&perfd=20260826&perft=16:30",toulouse
F0002,film,2026-08-26,Plaisance-du-Touch,Ecran7 Plaisance,L145,"https://relay.mvtx.us/ticketing/dbz?code_theater=P0918&gid_entity=movie.movie._.1000013045&tags=Localization.Language.French,Showtime.Accessibility.Dubbed,Format.Projection.Digital,Showtime.Accessibility.Accessible&perfd=20260826&perft=17:45",toulouse
F0001,film,2026-08-26,Plaisance-du-Touch,Ecran7 Plaisance,L145,"https://relay.mvtx.us/ticketing/dbz?code_theater=P0918&gid_entity=movie.movie._.276608&tags=Localization.Language.French,Showtime.Accessibility.Dubbed,Format.Projection.3d,Format.Projection.Digital,Showtime.Accessibility.Accessible&perfd=20260826&perft=18:00",toulouse
F0015,film,2026-08-26,Plaisance-du-Touch,Ecran7 Plaisance,L145,"https://relay.mvtx.us/ticketing/dbz?code_theater=P0918&gid_entity=movie.movie._.294281&tags=Localization.Language.French,Format.Projection.Digital,Showtime.Accessibility.Accessible&perfd=20260826&perft=20:30",toulouse
F0029,film,2026-08-26,Plaisance-du-Touch,Ecran7 Plaisance,L145,"https://relay.mvtx.us/ticketing/dbz?code_theater=P0918&gid_entity=movie.movie._.1000022546&tags=Localization.Language.French,Format.Projection.Digital,Showtime.Accessibility.Accessible&perfd=20260826&perft=21:00",toulouse
F0001,film,2026-08-26,Castelginest,Le Castelia,L146,"https://relay.mvtx.us/ticketing/dbz?code_theater=P0583&gid_entity=movie.movie._.276608&tags=Localization.Language.French,Showtime.Accessibility.Accessible,Format.Projection.Digital&perfd=20260826&perft=15:15&code=VF; DISABLED ACCESS",toulouse
F0010,film,2026-08-26,Castelginest,Le Castelia,L146,"https://relay.mvtx.us/ticketing/dbz?code_theater=P0583&gid_entity=movie.movie._.1000037046&tags=Localization.Language.French,Showtime.Accessibility.Accessible,Format.Projection.Digital&perfd=20260826&perft=18:30&code=VF; DISABLED ACCESS",toulouse
F0020,film,2026-08-26,Castelginest,Le Castelia,L146,"https://relay.mvtx.us/ticketing/dbz?code_theater=P0583&gid_entity=movie.movie._.294280&tags=Localization.Language.French,Showtime.Accessibility.Accessible,Format.Projection.Digital&perfd=20260826&perft=20:30&code=VF; DISABLED ACCESS",toulouse
F0081,film,2026-08-26,Muret,Véo Muret,L147,"https://relay.mvtx.us/ticketing/dbz?code_theater=W3161&gid_entity=movie.movie._.1000016375&tags=Localization.Language.French,Format.Projection.Digital&perfd=20260826&perft=10:00",toulouse
F0162,film,2026-08-26,Muret,Véo Muret,L147,"https://relay.mvtx.us/ticketing/dbz?code_theater=W3161&gid_entity=movie.movie._.257259&tags=Localization.Language.French,Showtime.Accessibility.Dubbed,Format.Projection.Digital&perfd=20260826&perft=10:00",toulouse
F0001,film,2026-08-26,Muret,Véo Muret,L147,"https://relay.mvtx.us/ticketing/dbz?code_theater=W3161&gid_entity=movie.movie._.276608&tags=Localization.Language.French,Format.Projection.Digital&perfd=20260826&perft=10:40",toulouse
F0014,film,2026-08-26,Muret,Véo Muret,L147,"https://relay.mvtx.us/ticketing/dbz?code_theater=W3161&gid_entity=movie.movie._.316021&tags=Localization.Language.French,Showtime.Accessibility.Dubbed,Format.Projection.Digital&perfd=20260826&perft=10:50",toulouse
F0007,film,2026-08-26,Muret,Véo Muret,L147,"https://relay.mvtx.us/ticketing/dbz?code_theater=W3161&gid_entity=movie.movie._.257425&tags=Localization.Language.French,Showtime.Accessibility.Dubbed,Format.Projection.Digital&perfd=20260826&perft=11:00",toulouse
F0006,film,2026-08-26,Muret,Véo Muret,L147,"https://relay.mvtx.us/ticketing/dbz?code_theater=W3161&gid_entity=movie.movie._.314503&tags=Localization.Language.French,Showtime.Accessibility.Dubbed,Format.Projection.Digital&perfd=20260826&perft=11:00",toulouse
F0009,film,2026-08-26,Muret,Véo Muret,L147,"https://relay.mvtx.us/ticketing/dbz?code_theater=W3161&gid_entity=movie.movie._.320681&tags=Localization.Language.French,Showtime.Accessibility.Dubbed,Format.Projection.Digital&perfd=20260826&perft=11:00",toulouse
F0016,film,2026-08-26,Muret,Véo Muret,L147,"https://relay.mvtx.us/ticketing/dbz?code_theater=W3161&gid_entity=movie.movie._.313256&tags=Localization.Language.French,Showtime.Accessibility.Dubbed,Format.Projection.Digital&perfd=20260826&perft=11:00",toulouse
F0024,film,2026-08-26,Muret,Véo Muret,L147,"https://relay.mvtx.us/ticketing/dbz?code_theater=W3161&gid_entity=movie.movie._.315380&tags=Localization.Language.French,Showtime.Accessibility.Dubbed,Format.Projection.Digital&perfd=20260826&perft=11:00",toulouse
F0003,film,2026-08-26,Muret,Véo Muret,L147,"https://relay.mvtx.us/ticketing/dbz?code_theater=W3161&gid_entity=movie.movie._.1000014969&tags=Localization.Language.French,Showtime.Accessibility.Dubbed,Format.Projection.Digital&perfd=20260826&perft=13:30",toulouse
F0004,film,2026-08-26,Muret,Véo Muret,L147,"https://relay.mvtx.us/ticketing/dbz?code_theater=W3161&gid_entity=movie.movie._.1000032856&tags=Localization.Language.French,Format.Projection.Digital&perfd=20260826&perft=13:50",toulouse
F0015,film,2026-08-26,Muret,Véo Muret,L147,"https://relay.mvtx.us/ticketing/dbz?code_theater=W3161&gid_entity=movie.movie._.294281&tags=Localization.Language.French,Format.Projection.Digital&perfd=20260826&perft=14:00",toulouse
F0013,film,2026-08-26,Muret,Véo Muret,L147,"https://relay.mvtx.us/ticketing/dbz?code_theater=W3161&gid_entity=movie.movie._.1000024105&tags=Localization.Language.French,Showtime.Accessibility.Dubbed,Format.Projection.Digital&perfd=20260826&perft=15:00",toulouse
F0005,film,2026-08-26,Muret,Véo Muret,L147,"https://relay.mvtx.us/ticketing/dbz?code_theater=W3161&gid_entity=movie.movie._.188280&tags=Localization.Version.Original,Format.Projection.Digital&perfd=20260826&perft=15:40",toulouse
F0011,film,2026-08-26,Muret,Véo Muret,L147,"https://relay.mvtx.us/ticketing/dbz?code_theater=W3161&gid_entity=movie.movie._.1000002942&tags=Localization.Language.French,Showtime.Accessibility.Dubbed,Format.Projection.Digital&perfd=20260826&perft=16:10",toulouse
F0007,film,2026-08-26,Castanet-Tolosan,MJC Ciné 113,L148,"https://relay.mvtx.us/ticketing/dbz?code_theater=P2235&gid_entity=movie.movie._.257425&tags=Localization.Language.French,Format.Projection.Digital&perfd=20260826&perft=10:15&code=VF",toulouse
F0001,film,2026-08-26,Castanet-Tolosan,MJC Ciné 113,L148,"https://relay.mvtx.us/ticketing/dbz?code_theater=P2235&gid_entity=movie.movie._.276608&tags=Localization.Language.French,Format.Projection.Digital&perfd=20260826&perft=14:15&code=VF",toulouse
F0077,film,2026-08-26,Castanet-Tolosan,MJC Ciné 113,L148,"https://relay.mvtx.us/ticketing/dbz?code_theater=P2235&gid_entity=movie.movie._.1000027856&tags=Localization.Version.Original,Format.Projection.Digital&perfd=20260826&perft=17:15&code=VO",toulouse
F0029,film,2026-08-26,Castanet-Tolosan,MJC Ciné 113,L148,"https://relay.mvtx.us/ticketing/dbz?code_theater=P2235&gid_entity=movie.movie._.1000022546&tags=Localization.Language.French,Format.Projection.Digital&perfd=20260826&perft=20:15&code=VF",toulouse
A0025,live,2026-08-27,Toulouse,Chapelle des Carmélites,L071,https://monuments.toulouse.fr/saison-musicale-toulouse/,toulouse
A0026,live,2026-08-27,Aussonne,MEETT,L085,https://www.info-lux.com/horaires-rose-festival-2026-timetable-complete/themes/,toulouse
A0027,live,2026-08-27,Aussonne,MEETT,L085,https://www.info-lux.com/horaires-rose-festival-2026-timetable-complete/themes/,toulouse
A0004,live,2026-08-27,Aussonne,MEETT,L085,https://www.info-lux.com/horaires-rose-festival-2026-timetable-complete/themes/,toulouse
A0028,live,2026-08-27,Aussonne,MEETT,L085,https://www.info-lux.com/horaires-rose-festival-2026-timetable-complete/themes/,toulouse
A0029,live,2026-08-27,Aussonne,MEETT,L085,https://www.info-lux.com/horaires-rose-festival-2026-timetable-complete/themes/,toulouse
A0030,live,2026-08-27,Aussonne,MEETT,L085,https://www.info-lux.com/horaires-rose-festival-2026-timetable-complete/themes/,toulouse
A0031,live,2026-08-27,Aussonne,MEETT,L085,https://www.info-lux.com/horaires-rose-festival-2026-timetable-complete/themes/,toulouse
A0032,live,2026-08-27,Aussonne,MEETT,L085,https://www.info-lux.com/horaires-rose-festival-2026-timetable-complete/themes/,toulouse
A0033,live,2026-08-27,Aussonne,MEETT,L085,https://www.info-lux.com/horaires-rose-festival-2026-timetable-complete/themes/,toulouse
A0034,live,2026-08-27,Aussonne,MEETT,L085,https://www.info-lux.com/horaires-rose-festival-2026-timetable-complete/themes/,toulouse
A0035,live,2026-08-27,Aussonne,MEETT,L085,https://www.info-lux.com/horaires-rose-festival-2026-timetable-complete/themes/,toulouse
A0036,live,2026-08-27,Aussonne,MEETT,L085,https://www.info-lux.com/horaires-rose-festival-2026-timetable-complete/themes/,toulouse
A0037,live,2026-08-27,Aussonne,MEETT,L085,https://www.info-lux.com/horaires-rose-festival-2026-timetable-complete/themes/,toulouse
A0259,live,2026-08-27,Aussonne,MEETT,L085,https://www.info-lux.com/horaires-rose-festival-2026-timetable-complete/themes/,toulouse
A0038,live,2026-08-27,Aussonne,MEETT,L085,https://www.info-lux.com/horaires-rose-festival-2026-timetable-complete/themes/,toulouse
A0039,live,2026-08-27,Aussonne,MEETT,L085,https://www.info-lux.com/horaires-rose-festival-2026-timetable-complete/themes/,toulouse
A0005,live,2026-08-27,Aussonne,MEETT,L085,https://www.info-lux.com/horaires-rose-festival-2026-timetable-complete/themes/,toulouse
A0040,live,2026-08-27,Aussonne,MEETT,L085,https://www.info-lux.com/horaires-rose-festival-2026-timetable-complete/themes/,toulouse
A0041,live,2026-08-27,Aussonne,MEETT,L085,https://www.info-lux.com/horaires-rose-festival-2026-timetable-complete/themes/,toulouse
A0042,live,2026-08-27,Aussonne,MEETT,L085,https://www.info-lux.com/horaires-rose-festival-2026-timetable-complete/themes/,toulouse
A0043,live,2026-08-27,Aussonne,MEETT,L085,https://www.info-lux.com/horaires-rose-festival-2026-timetable-complete/themes/,toulouse
A0044,live,2026-08-27,Aussonne,MEETT,L085,https://www.info-lux.com/horaires-rose-festival-2026-timetable-complete/themes/,toulouse
A0045,live,2026-08-27,Aussonne,MEETT,L085,https://www.info-lux.com/horaires-rose-festival-2026-timetable-complete/themes/,toulouse
A0046,live,2026-08-27,Aussonne,MEETT,L085,https://www.info-lux.com/horaires-rose-festival-2026-timetable-complete/themes/,toulouse
A0006,live,2026-08-27,Aussonne,MEETT,L085,https://www.info-lux.com/horaires-rose-festival-2026-timetable-complete/themes/,toulouse
A0047,live,2026-08-27,Aussonne,MEETT,L085,https://www.info-lux.com/horaires-rose-festival-2026-timetable-complete/themes/,toulouse
A0048,live,2026-08-27,Aussonne,MEETT,L085,https://www.info-lux.com/horaires-rose-festival-2026-timetable-complete/themes/,toulouse
A0003,live,2026-08-27,Toulouse,Les Jardins de Candie,L092,https://lesjardinsdecandie.com/,toulouse
F0005,film,2026-08-27,Toulouse,Utopia Borderouge,L125,https://toulouse.cinemas-utopia.org/film/?id=13457,toulouse
F0010,film,2026-08-27,Toulouse,Utopia Borderouge,L125,https://toulouse.cinemas-utopia.org/film/?id=13449,toulouse
F0037,film,2026-08-27,Toulouse,Utopia Borderouge,L125,https://toulouse.cinemas-utopia.org/film/?id=13251,toulouse
F0046,film,2026-08-27,Toulouse,Utopia Borderouge,L125,https://toulouse.cinemas-utopia.org/film?id=13251,toulouse
F0056,film,2026-08-27,Toulouse,Utopia Borderouge,L125,https://toulouse.cinemas-utopia.org/film/?id=13551,toulouse
F0040,film,2026-08-27,Toulouse,Utopia Borderouge,L125,https://toulouse.cinemas-utopia.org/film/?id=13042,toulouse
F0065,film,2026-08-27,Toulouse,Utopia Borderouge,L125,https://toulouse.cinemas-utopia.org/film/?id=13430,toulouse
F0013,film,2026-08-27,Toulouse,Utopia Borderouge,L125,https://toulouse.cinemas-utopia.org/film/?id=13459,toulouse
F0049,film,2026-08-27,Toulouse,Utopia Borderouge,L125,https://toulouse.cinemas-utopia.org/film/?id=13765,toulouse
F0051,film,2026-08-27,Toulouse,Utopia Borderouge,L125,https://toulouse.cinemas-utopia.org/film/?id=13341,toulouse
F0069,film,2026-08-27,Toulouse,Utopia Borderouge,L125,https://toulouse.cinemas-utopia.org/film/?id=13240,toulouse
F0072,film,2026-08-27,Toulouse,Utopia Borderouge,L125,https://toulouse.cinemas-utopia.org/film?id=13240,toulouse
F0002,film,2026-08-27,Toulouse,Utopia Borderouge,L125,https://toulouse.cinemas-utopia.org/film/?id=13767,toulouse
F0035,film,2026-08-27,Toulouse,Utopia Borderouge,L125,https://toulouse.cinemas-utopia.org/film/?id=13722,toulouse
F0013,film,2026-08-27,Tournefeuille,Utopia Tournefeuille,L126,https://toulouse.cinemas-utopia.org/film/?id=13459,toulouse
F0012,film,2026-08-27,Tournefeuille,Utopia Tournefeuille,L126,https://toulouse.cinemas-utopia.org/film/?id=13805,toulouse
F0002,film,2026-08-27,Tournefeuille,Utopia Tournefeuille,L126,https://toulouse.cinemas-utopia.org/film/?id=13767,toulouse
F0028,film,2026-08-27,Tournefeuille,Utopia Tournefeuille,L126,https://toulouse.cinemas-utopia.org/film/?id=13804,toulouse
F0130,film,2026-08-27,Tournefeuille,Utopia Tournefeuille,L126,https://toulouse.cinemas-utopia.org/film/?id=2225,toulouse
F0005,film,2026-08-27,Tournefeuille,Utopia Tournefeuille,L126,https://toulouse.cinemas-utopia.org/film/?id=13457,toulouse
F0010,film,2026-08-27,Tournefeuille,Utopia Tournefeuille,L126,https://toulouse.cinemas-utopia.org/film/?id=13449,toulouse
F0067,film,2026-08-27,Tournefeuille,Utopia Tournefeuille,L126,https://toulouse.cinemas-utopia.org/film/?id=13760,toulouse
F0027,film,2026-08-27,Tournefeuille,Utopia Tournefeuille,L126,https://toulouse.cinemas-utopia.org/film/?id=13806,toulouse
F0049,film,2026-08-27,Tournefeuille,Utopia Tournefeuille,L126,https://toulouse.cinemas-utopia.org/film/?id=13765,toulouse
F0098,film,2026-08-27,Tournefeuille,Utopia Tournefeuille,L126,https://toulouse.cinemas-utopia.org/film/?id=5433,toulouse
F0152,film,2026-08-27,Toulouse,Cinéma ABC,L127,"https://relay.mvtx.us/ticketing/dbz?code_theater=P0071&gid_entity=movie.movie._.317561&tags=Localization.Language.French,Showtime.Accessibility.Accessible,Format.Projection.Digital&perfd=20260827&perft=10:45&code=VF; DISABLED ACCESS",toulouse
F0058,film,2026-08-27,Toulouse,Cinéma ABC,L127,"https://relay.mvtx.us/ticketing/dbz?code_theater=P0071&gid_entity=movie.movie._.1000032278&tags=Showtime.Accessibility.Subtitled,Localization.Version.Original,Showtime.Accessibility.Accessible,Format.Projection.Digital&perfd=20260827&perft=11:00&code=VO; SUBTITLE; DISABLED ACCESS",toulouse
F0053,film,2026-08-27,Toulouse,Cinéma ABC,L127,"https://relay.mvtx.us/ticketing/dbz?code_theater=P0071&gid_entity=movie.movie._.316460&tags=Showtime.Accessibility.Subtitled,Localization.Version.Original,Showtime.Accessibility.Accessible,Format.Projection.Digital&perfd=20260827&perft=11:00&code=VO; SUBTITLE; DISABLED ACCESS",toulouse
F0026,film,2026-08-27,Toulouse,Cinéma ABC,L127,"https://relay.mvtx.us/ticketing/dbz?code_theater=P0071&gid_entity=movie.movie._.1000041528&tags=Localization.Language.French,Showtime.Accessibility.Accessible,Format.Projection.Digital&perfd=20260827&perft=13:30&code=VF; DISABLED ACCESS",toulouse
F0012,film,2026-08-27,Toulouse,Cinéma ABC,L127,"https://relay.mvtx.us/ticketing/dbz?code_theater=P0071&gid_entity=movie.movie._.327993&tags=Localization.Language.French,Showtime.Accessibility.Accessible,Format.Projection.Digital&perfd=20260827&perft=13:50&code=VF; DISABLED ACCESS",toulouse
F0005,film,2026-08-27,Toulouse,Cinéma ABC,L127,"https://relay.mvtx.us/ticketing/dbz?code_theater=P0071&gid_entity=movie.movie._.188280&tags=Showtime.Accessibility.Subtitled,Localization.Version.Original,Showtime.Accessibility.Accessible,Format.Projection.Digital&perfd=20260827&perft=14:20&code=VO; SUBTITLE; DISABLED ACCESS",toulouse
F0050,film,2026-08-27,Toulouse,Cinéma ABC,L127,"https://relay.mvtx.us/ticketing/dbz?code_theater=P0071&gid_entity=movie.movie._.1000034332&tags=Showtime.Accessibility.Subtitled,Localization.Version.Original,Showtime.Accessibility.Accessible,Format.Projection.Digital&perfd=20260827&perft=18:10&code=VO; SUBTITLE; DISABLED ACCESS",toulouse
F0042,film,2026-08-27,Toulouse,Cinéma ABC,L127,"https://relay.mvtx.us/ticketing/dbz?code_theater=P0071&gid_entity=movie.movie._.308394&tags=Showtime.Accessibility.Subtitled,Localization.Version.Original,Showtime.Accessibility.Accessible,Format.Projection.Digital&perfd=20260827&perft=18:50&code=VO; SUBTITLE; DISABLED ACCESS",toulouse
F0425,film,2026-08-27,Toulouse,Cinéma ABC,L127,https://www.abc-toulouse.fr/,toulouse
F0025,film,2026-08-27,Toulouse,Cinéma ABC,L127,"https://relay.mvtx.us/ticketing/dbz?code_theater=P0071&gid_entity=movie.movie._.1000022260&tags=Showtime.Accessibility.Subtitled,Localization.Version.Original,Showtime.Accessibility.Accessible,Showtime.Event.Preview,Showtime.Event.Headline,Format.Projection.Digital&perfd=20260827&perft=20:45&code=VO; SUBTITLE; DISABLED ACCESS; PREVIEW; HEADLINE",toulouse
F0157,film,2026-08-27,Toulouse,Le Cratère,L128,"https://relay.mvtx.us/ticketing/dbz?code_theater=P0056&gid_entity=movie.movie._.328440&tags=Localization.Version.Original,Format.Projection.Digital&perfd=20260827&perft=10:00&code=VO",toulouse
F0140,film,2026-08-27,Toulouse,Le Cratère,L128,"https://relay.mvtx.us/ticketing/dbz?code_theater=P0056&gid_entity=movie.movie._.1000007567&tags=Localization.Version.Original,Format.Projection.Digital&perfd=20260827&perft=11:45&code=VO",toulouse
F0426,film,2026-08-27,Toulouse,Le Cratère,L128,"https://relay.mvtx.us/ticketing/dbz?code_theater=P0056&gid_entity=movie.movie._.299939&tags=Localization.Language.French,Format.Projection.Digital&perfd=20260827&perft=13:45&code=VF",toulouse
F0378,film,2026-08-27,Toulouse,Le Cratère,L128,"https://relay.mvtx.us/ticketing/dbz?code_theater=P0056&gid_entity=movie.movie._.10051&tags=Localization.Version.Original,Format.Projection.Digital&perfd=20260827&perft=16:00&code=VO",toulouse
F0074,film,2026-08-27,Toulouse,Le Cratère,L128,"https://relay.mvtx.us/ticketing/dbz?code_theater=P0056&gid_entity=movie.movie._.282094&tags=Localization.Version.Original,Format.Projection.Digital&perfd=20260827&perft=18:25&code=VO",toulouse
F0078,film,2026-08-27,Toulouse,Le Cratère,L128,"https://relay.mvtx.us/ticketing/dbz?code_theater=P0056&gid_entity=movie.movie._.305835&tags=Localization.Version.Original,Format.Projection.Digital&perfd=20260827&perft=20:05&code=VO",toulouse
F0220,film,2026-08-27,Toulouse,Cinémathèque de Toulouse,L131,https://www.lacinemathequedetoulouse.com/programmation/agenda,toulouse
F0219,film,2026-08-27,Toulouse,Cinémathèque de Toulouse,L131,"https://relay.mvtx.us/ticketing/dbz?code_theater=P0062&gid_entity=movie.movie._.55567&tags=Showtime.Accessibility.Subtitled,Localization.Version.Original,Format.Projection.Digital&perfd=20260827&perft=18:30&code=VO; SUBTITLE",toulouse
F0201,film,2026-08-27,Toulouse,Cinémathèque de Toulouse,L131,https://www.lacinemathequedetoulouse.com/programmation/agenda,toulouse
F0200,film,2026-08-27,Toulouse,Cinémathèque de Toulouse,L131,"https://relay.mvtx.us/ticketing/dbz?code_theater=P0062&gid_entity=movie.movie._.2253&tags=Showtime.Accessibility.Subtitled,Localization.Language.French,Format.Projection.Digital&perfd=20260827&perft=21:30&code=SUBTITLE; MUTED; VF",toulouse
A0049,live,2026-08-27,Blagnac,Poney Club,L132,https://festscanner.com/fr/event/lost-frequencies-x-poney-club-toulouse-2026-08-27,toulouse
F0087,film,2026-08-27,Toulouse,Pathé Toulouse Wilson,L137,,toulouse
F0001,film,2026-08-27,Toulouse,Pathé Toulouse Wilson,L137,,toulouse
F0020,film,2026-08-27,Toulouse,Pathé Toulouse Wilson,L137,,toulouse
F0008,film,2026-08-27,Toulouse,Pathé Toulouse Wilson,L137,,toulouse
F0013,film,2026-08-27,Toulouse,Pathé Toulouse Wilson,L137,,toulouse
F0016,film,2026-08-27,Toulouse,Pathé Toulouse Wilson,L137,,toulouse
F0003,film,2026-08-27,Toulouse,Pathé Toulouse Wilson,L137,,toulouse
F0007,film,2026-08-27,Toulouse,Pathé Toulouse Wilson,L137,,toulouse
F0014,film,2026-08-27,Toulouse,Pathé Toulouse Wilson,L137,,toulouse
F0170,film,2026-08-27,Toulouse,Pathé Toulouse Wilson,L137,,toulouse
F0006,film,2026-08-27,Toulouse,Pathé Toulouse Wilson,L137,,toulouse
F0002,film,2026-08-27,Toulouse,Pathé Toulouse Wilson,L137,,toulouse
F0005,film,2026-08-27,Toulouse,Pathé Toulouse Wilson,L137,,toulouse
F0012,film,2026-08-27,Toulouse,Pathé Toulouse Wilson,L137,,toulouse
F0004,film,2026-08-27,Toulouse,Pathé Toulouse Wilson,L137,,toulouse
F0190,film,2026-08-27,Toulouse,Pathé Toulouse Wilson,L137,,toulouse
F0002,film,2026-08-27,Labège,Pathé Toulouse Labège,L138,,toulouse
F0087,film,2026-08-27,Labège,Pathé Toulouse Labège,L138,,toulouse
F0003,film,2026-08-27,Labège,Pathé Toulouse Labège,L138,,toulouse
F0001,film,2026-08-27,Labège,Pathé Toulouse Labège,L138,,toulouse
F0015,film,2026-08-27,Labège,Pathé Toulouse Labège,L138,,toulouse
F0009,film,2026-08-27,Labège,Pathé Toulouse Labège,L138,,toulouse
F0017,film,2026-08-27,Labège,Pathé Toulouse Labège,L138,,toulouse
F0007,film,2026-08-27,Labège,Pathé Toulouse Labège,L138,,toulouse
F0004,film,2026-08-27,Labège,Pathé Toulouse Labège,L138,,toulouse
F0006,film,2026-08-27,Labège,Pathé Toulouse Labège,L138,,toulouse
F0008,film,2026-08-27,Labège,Pathé Toulouse Labège,L138,,toulouse
F0016,film,2026-08-27,Labège,Pathé Toulouse Labège,L138,,toulouse
F0019,film,2026-08-27,Labège,Pathé Toulouse Labège,L138,,toulouse
F0011,film,2026-08-27,Labège,Pathé Toulouse Labège,L138,,toulouse
F0038,film,2026-08-27,Labège,Pathé Toulouse Labège,L138,,toulouse
F0020,film,2026-08-27,Labège,Pathé Toulouse Labège,L138,,toulouse
F0024,film,2026-08-27,Labège,Pathé Toulouse Labège,L138,,toulouse
F0190,film,2026-08-27,Labège,Pathé Toulouse Labège,L138,,toulouse
F0002,film,2026-08-27,Blagnac,CGR Blagnac,L139,"https://relay.mvtx.us/ticketing/dbz?code_theater=P0692&gid_entity=movie.movie._.1000013045&tags=Localization.Language.French,Showtime.Accessibility.Accessible&perfd=20260827&perft=10:30&code=Accès PMR; VF;",toulouse
F0001,film,2026-08-27,Blagnac,CGR Blagnac,L139,"https://relay.mvtx.us/ticketing/dbz?code_theater=P0692&gid_entity=movie.movie._.276608&tags=Localization.Language.French,Showtime.Accessibility.Accessible,Auditorium.Experience.DolbyAtmos&perfd=20260827&perft=10:30&code=Accès PMR; Dolby Atmos; VF;",toulouse
F0054,film,2026-08-27,Blagnac,CGR Blagnac,L139,"https://relay.mvtx.us/ticketing/dbz?code_theater=P0692&gid_entity=movie.movie._.29276&tags=Localization.Language.French,Showtime.Accessibility.Accessible,Format.Projection.4k,Auditorium.Experience.Ice,Auditorium.Experience.DolbyAtmos&perfd=20260827&perft=10:30&code=4K; Accès PMR; Dolby Atmos; ICE; VF;",toulouse
F0081,film,2026-08-27,Blagnac,CGR Blagnac,L139,"https://relay.mvtx.us/ticketing/dbz?code_theater=P0692&gid_entity=movie.movie._.1000016375&tags=Localization.Language.French,Showtime.Accessibility.Accessible&perfd=20260827&perft=10:30&code=Accès PMR; VF;",toulouse
F0014,film,2026-08-27,Blagnac,CGR Blagnac,L139,"https://relay.mvtx.us/ticketing/dbz?code_theater=P0692&gid_entity=movie.movie._.316021&tags=Localization.Language.French,Showtime.Accessibility.Accessible&perfd=20260827&perft=10:40&code=Accès PMR; VF;",toulouse
F0017,film,2026-08-27,Blagnac,CGR Blagnac,L139,"https://relay.mvtx.us/ticketing/dbz?code_theater=P0692&gid_entity=movie.movie._.314942&tags=Localization.Language.French,Showtime.Accessibility.Accessible&perfd=20260827&perft=10:40&code=Accès PMR; VF;",toulouse
F0038,film,2026-08-27,Blagnac,CGR Blagnac,L139,"https://relay.mvtx.us/ticketing/dbz?code_theater=P0692&gid_entity=movie.movie._.1000022217&tags=Localization.Language.French,Showtime.Accessibility.Accessible&perfd=20260827&perft=10:40&code=Accès PMR; VF;",toulouse
F0003,film,2026-08-27,Blagnac,CGR Blagnac,L139,"https://relay.mvtx.us/ticketing/dbz?code_theater=P0692&gid_entity=movie.movie._.1000014969&tags=Localization.Language.French,Showtime.Accessibility.Accessible&perfd=20260827&perft=10:45&code=Accès PMR; VF;",toulouse
F0007,film,2026-08-27,Blagnac,CGR Blagnac,L139,"https://relay.mvtx.us/ticketing/dbz?code_theater=P0692&gid_entity=movie.movie._.257425&tags=Localization.Language.French,Showtime.Accessibility.Accessible&perfd=20260827&perft=10:45&code=Accès PMR; VF;",toulouse
F0009,film,2026-08-27,Blagnac,CGR Blagnac,L139,"https://relay.mvtx.us/ticketing/dbz?code_theater=P0692&gid_entity=movie.movie._.320681&tags=Localization.Language.French,Showtime.Accessibility.Accessible&perfd=20260827&perft=10:45&code=Accès PMR; VF;",toulouse
F0016,film,2026-08-27,Blagnac,CGR Blagnac,L139,"https://relay.mvtx.us/ticketing/dbz?code_theater=P0692&gid_entity=movie.movie._.313256&tags=Localization.Language.French,Showtime.Accessibility.Accessible&perfd=20260827&perft=10:45&code=Accès PMR; VF;",toulouse
F0024,film,2026-08-27,Blagnac,CGR Blagnac,L139,"https://relay.mvtx.us/ticketing/dbz?code_theater=P0692&gid_entity=movie.movie._.315380&tags=Localization.Language.French,Showtime.Accessibility.Accessible&perfd=20260827&perft=10:45&code=Accès PMR; VF;",toulouse
F0004,film,2026-08-27,Blagnac,CGR Blagnac,L139,"https://relay.mvtx.us/ticketing/dbz?code_theater=P0692&gid_entity=movie.movie._.1000032856&tags=Localization.Language.French,Showtime.Accessibility.Accessible&perfd=20260827&perft=11:00&code=Accès PMR; VF;",toulouse
F0029,film,2026-08-27,Blagnac,CGR Blagnac,L139,"https://relay.mvtx.us/ticketing/dbz?code_theater=P0692&gid_entity=movie.movie._.1000022546&tags=Localization.Language.French,Showtime.Accessibility.Accessible&perfd=20260827&perft=11:00&code=Accès PMR; VF;",toulouse
F0019,film,2026-08-27,Blagnac,CGR Blagnac,L139,"https://relay.mvtx.us/ticketing/dbz?code_theater=P0692&gid_entity=movie.movie._.321617&tags=Localization.Language.French,Showtime.Accessibility.Accessible&perfd=20260827&perft=13:30&code=Accès PMR; VF;",toulouse
F0011,film,2026-08-27,Blagnac,CGR Blagnac,L139,"https://relay.mvtx.us/ticketing/dbz?code_theater=P0692&gid_entity=movie.movie._.1000002942&tags=Localization.Language.French,Showtime.Accessibility.Accessible&perfd=20260827&perft=13:30&code=Accès PMR; VF;",toulouse
F0008,film,2026-08-27,Blagnac,CGR Blagnac,L139,"https://relay.mvtx.us/ticketing/dbz?code_theater=P0692&gid_entity=movie.movie._.1000016503&tags=Localization.Language.French,Showtime.Accessibility.Accessible&perfd=20260827&perft=13:30&code=Accès PMR; VF;",toulouse
F0006,film,2026-08-27,Blagnac,CGR Blagnac,L139,"https://relay.mvtx.us/ticketing/dbz?code_theater=P0692&gid_entity=movie.movie._.314503&tags=Localization.Language.French,Showtime.Accessibility.Accessible&perfd=20260827&perft=13:30&code=Accès PMR; VF;",toulouse
F0015,film,2026-08-27,Blagnac,CGR Blagnac,L139,"https://relay.mvtx.us/ticketing/dbz?code_theater=P0692&gid_entity=movie.movie._.294281&tags=Localization.Language.French,Showtime.Accessibility.Accessible&perfd=20260827&perft=13:30&code=Accès PMR; VF;",toulouse
F0021,film,2026-08-27,Blagnac,CGR Blagnac,L139,"https://relay.mvtx.us/ticketing/dbz?code_theater=P0692&gid_entity=movie.movie._.1000033718&tags=Localization.Language.French,Showtime.Accessibility.Accessible&perfd=20260827&perft=15:30&code=Accès PMR; VF;",toulouse
F0003,film,2026-08-27,Fenouillet,Kinepolis Fenouillet,L140,https://relay.mvtx.us/ticketing/dbz?code_theater=W3115&gid_entity=movie.movie._.1000014969&tags=Format.Projection.Digital&perfd=20260827&perft=13:30&code=Version Francaise; 2D,toulouse
F0020,film,2026-08-27,Fenouillet,Kinepolis Fenouillet,L140,https://relay.mvtx.us/ticketing/dbz?code_theater=W3115&gid_entity=movie.movie._.294280&tags=Format.Projection.Digital&perfd=20260827&perft=13:30&code=Version Francaise; 2D,toulouse
F0024,film,2026-08-27,Fenouillet,Kinepolis Fenouillet,L140,https://relay.mvtx.us/ticketing/dbz?code_theater=W3115&gid_entity=movie.movie._.315380&tags=Format.Projection.Digital&perfd=20260827&perft=13:30&code=Version Francaise; 2D,toulouse
F0008,film,2026-08-27,Fenouillet,Kinepolis Fenouillet,L140,https://relay.mvtx.us/ticketing/dbz?code_theater=W3115&gid_entity=movie.movie._.1000016503&tags=Format.Projection.Digital&perfd=20260827&perft=13:35&code=Version Francaise; 2D,toulouse
F0001,film,2026-08-27,Fenouillet,Kinepolis Fenouillet,L140,https://relay.mvtx.us/ticketing/dbz?code_theater=W3115&gid_entity=movie.movie._.276608&tags=Format.Projection.Digital&perfd=20260827&perft=13:35&code=Version Francaise; 2D Laser Ultra,toulouse
F0009,film,2026-08-27,Fenouillet,Kinepolis Fenouillet,L140,https://relay.mvtx.us/ticketing/dbz?code_theater=W3115&gid_entity=movie.movie._.320681&tags=Format.Projection.Digital&perfd=20260827&perft=13:40&code=Version Francaise; 2D,toulouse
F0004,film,2026-08-27,Fenouillet,Kinepolis Fenouillet,L140,https://relay.mvtx.us/ticketing/dbz?code_theater=W3115&gid_entity=movie.movie._.1000032856&tags=Format.Projection.Digital&perfd=20260827&perft=13:45&code=Version Francaise; 2D,toulouse
F0007,film,2026-08-27,Fenouillet,Kinepolis Fenouillet,L140,https://relay.mvtx.us/ticketing/dbz?code_theater=W3115&gid_entity=movie.movie._.257425&tags=Format.Projection.Digital&perfd=20260827&perft=13:45&code=Version Francaise; 2D,toulouse
F0006,film,2026-08-27,Fenouillet,Kinepolis Fenouillet,L140,https://relay.mvtx.us/ticketing/dbz?code_theater=W3115&gid_entity=movie.movie._.314503&tags=Format.Projection.Digital&perfd=20260827&perft=15:40&code=Version Francaise; 2D,toulouse
F0002,film,2026-08-27,Fenouillet,Kinepolis Fenouillet,L140,https://relay.mvtx.us/ticketing/dbz?code_theater=W3115&gid_entity=movie.movie._.1000013045&tags=Format.Projection.Digital&perfd=20260827&perft=16:40&code=Version Francaise; 2D,toulouse
F0017,film,2026-08-27,Fenouillet,Kinepolis Fenouillet,L140,https://relay.mvtx.us/ticketing/dbz?code_theater=W3115&gid_entity=movie.movie._.314942&tags=Format.Projection.Digital&perfd=20260827&perft=17:50&code=Version Francaise; 2D,toulouse
F0011,film,2026-08-27,Fenouillet,Kinepolis Fenouillet,L140,https://relay.mvtx.us/ticketing/dbz?code_theater=W3115&gid_entity=movie.movie._.1000002942&tags=Format.Projection.Digital&perfd=20260827&perft=18:00&code=Version Francaise; 2D,toulouse
F0021,film,2026-08-27,Fenouillet,Kinepolis Fenouillet,L140,https://relay.mvtx.us/ticketing/dbz?code_theater=W3115&gid_entity=movie.movie._.1000033718&tags=Format.Projection.Digital&perfd=20260827&perft=18:05&code=Version Francaise; 2D,toulouse
F0002,film,2026-08-27,Toulouse,American Cosmograph,L141,https://american-cosmograph.fr/les-horaires.html,toulouse
F0013,film,2026-08-27,Toulouse,American Cosmograph,L141,https://american-cosmograph.fr/soudain.html,toulouse
F0028,film,2026-08-27,Toulouse,American Cosmograph,L141,https://american-cosmograph.fr/les-horaires.html,toulouse
F0027,film,2026-08-27,Toulouse,American Cosmograph,L141,https://american-cosmograph.fr/decorado.html,toulouse
F0062,film,2026-08-27,Toulouse,American Cosmograph,L141,https://american-cosmograph.fr/les-horaires.html,toulouse
F0063,film,2026-08-27,Toulouse,American Cosmograph,L141,https://american-cosmograph.fr/les-horaires.html,toulouse
F0040,film,2026-08-27,Toulouse,American Cosmograph,L141,https://american-cosmograph.fr/les-horaires.html,toulouse
F0009,film,2026-08-27,Toulouse,UGC Montaudran,L142,"https://relay.mvtx.us/ticketing/dbz?code_theater=W3140&gid_entity=movie.movie._.320681&tags=Showtime.Accessibility.Accessible,Localization.Version.French,Format.Projection.Digital&perfd=20260827&perft=13:15&code=apd03a; PMR; 2D; VF; ",toulouse
F0024,film,2026-08-27,Toulouse,UGC Montaudran,L142,"https://relay.mvtx.us/ticketing/dbz?code_theater=W3140&gid_entity=movie.movie._.315380&tags=Showtime.Accessibility.Accessible,Localization.Version.French,Format.Projection.Digital&perfd=20260827&perft=13:30&code=SME; AUDIO; GRETA; apd06a; PMR; 2D; VF; ",toulouse
F0004,film,2026-08-27,Toulouse,UGC Montaudran,L142,"https://relay.mvtx.us/ticketing/dbz?code_theater=W3140&gid_entity=movie.movie._.1000032856&tags=Showtime.Accessibility.Accessible,Localization.Version.French,Format.Projection.Digital&perfd=20260827&perft=13:45&code=SME; AUDIO; PMR; 2D; VF; ",toulouse
F0003,film,2026-08-27,Toulouse,UGC Montaudran,L142,"https://relay.mvtx.us/ticketing/dbz?code_theater=W3140&gid_entity=movie.movie._.1000014969&tags=Showtime.Accessibility.Accessible,Localization.Version.French,Format.Projection.Digital&perfd=20260827&perft=14:00&code=SME; AUDIO; GRETA; PMR; 2D; VF; ",toulouse
F0007,film,2026-08-27,Toulouse,UGC Montaudran,L142,"https://relay.mvtx.us/ticketing/dbz?code_theater=W3140&gid_entity=movie.movie._.257425&tags=Showtime.Accessibility.Accessible,Localization.Version.French,Format.Projection.Digital&perfd=20260827&perft=14:00&code=apd06a; PMR; 2D; VF; ",toulouse
F0002,film,2026-08-27,Toulouse,UGC Montaudran,L142,"https://relay.mvtx.us/ticketing/dbz?code_theater=W3140&gid_entity=movie.movie._.1000013045&tags=Showtime.Accessibility.Accessible,Localization.Subtitle.French,Localization.Version.Original,Format.Projection.Digital&perfd=20260827&perft=14:00&code=SME; AUDIO; GRETA; PMR; 2D; VO; ",toulouse
F0005,film,2026-08-27,Toulouse,UGC Montaudran,L142,"https://relay.mvtx.us/ticketing/dbz?code_theater=W3140&gid_entity=movie.movie._.188280&tags=Showtime.Accessibility.Accessible,Localization.Subtitle.French,Localization.Version.Original,Format.Projection.Digital&perfd=20260827&perft=14:10&code=PMR; 2D; VO; ",toulouse
F0001,film,2026-08-27,Toulouse,UGC Montaudran,L142,"https://relay.mvtx.us/ticketing/dbz?code_theater=W3140&gid_entity=movie.movie._.276608&tags=Showtime.Accessibility.Accessible,Localization.Subtitle.French,Localization.Version.Original,Format.Projection.Digital&perfd=20260827&perft=15:15&code=SME; AUDIO; GRETA; PMR; 2D; VO; ",toulouse
F0016,film,2026-08-27,Toulouse,UGC Montaudran,L142,"https://relay.mvtx.us/ticketing/dbz?code_theater=W3140&gid_entity=movie.movie._.313256&tags=Showtime.Accessibility.Accessible,Localization.Version.French,Format.Projection.Digital&perfd=20260827&perft=15:45&code=SME; AUDIO; GRETA; apd06a; PMR; 2D; VF; ",toulouse
F0271,film,2026-08-27,Toulouse,UGC Montaudran,L142,"https://relay.mvtx.us/ticketing/dbz?code_theater=W3140&gid_entity=movie.movie._.16382&tags=Showtime.Accessibility.Accessible,Localization.Subtitle.French,Localization.Version.Original,Format.Projection.Digital&perfd=20260827&perft=20:30&code=PMR; 2D; VO; ",toulouse
F0006,film,2026-08-27,Toulouse,UGC Montaudran,L142,"https://relay.mvtx.us/ticketing/dbz?code_theater=W3140&gid_entity=movie.movie._.314503&tags=Showtime.Accessibility.Accessible,Localization.Version.French,Format.Projection.Digital&perfd=20260827&perft=22:00&code=SME; AUDIO; GRETA; PMR; 2D; VF; ",toulouse
F0010,film,2026-08-27,Ramonville-Saint-Agne,L'Autan,L143,"https://relay.mvtx.us/ticketing/dbz?code_theater=P0881&gid_entity=movie.movie._.1000037046&tags=Localization.Language.French,Showtime.Accessibility.Accessible,Format.Projection.Digital&perfd=20260827&perft=18:30&code=VF; DISABLED ACCESS",toulouse
F0071,film,2026-08-27,Ramonville-Saint-Agne,L'Autan,L143,"https://relay.mvtx.us/ticketing/dbz?code_theater=P0881&gid_entity=movie.movie._.1000025598&tags=Showtime.Accessibility.Subtitled,Showtime.Accessibility.OpenCaption,Showtime.Accessibility.VisionImpaired,Localization.Language.French,Showtime.Accessibility.Accessible,Format.Projection.Digital&perfd=20260827&perft=21:00&code=SUBTITLE; SUBTITLE OCAP; VI; VF; DISABLED ACCESS",toulouse
F0144,film,2026-08-27,Colomiers,Véo Grand Central Colomiers,L144,"https://relay.mvtx.us/ticketing/dbz?code_theater=P6864&gid_entity=movie.movie._.286853&tags=Localization.Language.French,Format.Projection.Digital&perfd=20260827&perft=10:00",toulouse
F0133,film,2026-08-27,Colomiers,Véo Grand Central Colomiers,L144,"https://relay.mvtx.us/ticketing/dbz?code_theater=P6864&gid_entity=movie.movie._.284565&tags=Localization.Language.French,Format.Projection.Digital&perfd=20260827&perft=10:00",toulouse
F0017,film,2026-08-27,Colomiers,Véo Grand Central Colomiers,L144,"https://relay.mvtx.us/ticketing/dbz?code_theater=P6864&gid_entity=movie.movie._.314942&tags=Localization.Language.French,Showtime.Accessibility.Dubbed,Format.Projection.Digital,Format.Sound.71&perfd=20260827&perft=10:30",toulouse
F0007,film,2026-08-27,Colomiers,Véo Grand Central Colomiers,L144,"https://relay.mvtx.us/ticketing/dbz?code_theater=P6864&gid_entity=movie.movie._.257425&tags=Localization.Language.French,Showtime.Accessibility.Dubbed,Format.Projection.Digital&perfd=20260827&perft=11:00",toulouse
F0009,film,2026-08-27,Colomiers,Véo Grand Central Colomiers,L144,"https://relay.mvtx.us/ticketing/dbz?code_theater=P6864&gid_entity=movie.movie._.320681&tags=Localization.Language.French,Showtime.Accessibility.Dubbed,Format.Projection.Digital&perfd=20260827&perft=11:00",toulouse
F0026,film,2026-08-27,Colomiers,Véo Grand Central Colomiers,L144,"https://relay.mvtx.us/ticketing/dbz?code_theater=P6864&gid_entity=movie.movie._.1000041528&tags=Localization.Language.French,Format.Projection.Digital&perfd=20260827&perft=11:00",toulouse
F0281,film,2026-08-27,Colomiers,Véo Grand Central Colomiers,L144,"https://relay.mvtx.us/ticketing/dbz?code_theater=P6864&gid_entity=movie.movie._.52309&tags=Localization.Version.Original,Format.Projection.Digital&perfd=20260827&perft=11:00",toulouse
F0005,film,2026-08-27,Colomiers,Véo Grand Central Colomiers,L144,"https://relay.mvtx.us/ticketing/dbz?code_theater=P6864&gid_entity=movie.movie._.188280&tags=Localization.Version.Original,Format.Projection.Digital&perfd=20260827&perft=13:30",toulouse
F0016,film,2026-08-27,Colomiers,Véo Grand Central Colomiers,L144,"https://relay.mvtx.us/ticketing/dbz?code_theater=P6864&gid_entity=movie.movie._.313256&tags=Localization.Language.French,Showtime.Accessibility.Dubbed,Format.Projection.Digital,Format.Sound.71&perfd=20260827&perft=13:45",toulouse
F0006,film,2026-08-27,Colomiers,Véo Grand Central Colomiers,L144,"https://relay.mvtx.us/ticketing/dbz?code_theater=P6864&gid_entity=movie.movie._.314503&tags=Localization.Language.French,Showtime.Accessibility.Dubbed,Format.Projection.Digital,Format.Sound.71&perfd=20260827&perft=14:00",toulouse
F0055,film,2026-08-27,Colomiers,Véo Grand Central Colomiers,L144,"https://relay.mvtx.us/ticketing/dbz?code_theater=P6864&gid_entity=movie.movie._.1000023495&tags=Localization.Language.French,Showtime.Accessibility.Dubbed,Format.Projection.Digital&perfd=20260827&perft=14:30",toulouse
F0002,film,2026-08-27,Colomiers,Véo Grand Central Colomiers,L144,"https://relay.mvtx.us/ticketing/dbz?code_theater=P6864&gid_entity=movie.movie._.1000013045&tags=Localization.Language.French,Showtime.Accessibility.Dubbed,Format.Projection.Digital,Format.Sound.71&perfd=20260827&perft=15:35",toulouse
F0001,film,2026-08-27,Colomiers,Véo Grand Central Colomiers,L144,"https://relay.mvtx.us/ticketing/dbz?code_theater=P6864&gid_entity=movie.movie._.276608&tags=Localization.Language.French,Showtime.Accessibility.Dubbed,Format.Projection.Digital,Format.Sound.71&perfd=20260827&perft=15:50",toulouse
F0004,film,2026-08-27,Colomiers,Véo Grand Central Colomiers,L144,"https://relay.mvtx.us/ticketing/dbz?code_theater=P6864&gid_entity=movie.movie._.1000032856&tags=Localization.Language.French,Format.Projection.Digital&perfd=20260827&perft=16:15",toulouse
F0056,film,2026-08-27,Colomiers,Véo Grand Central Colomiers,L144,"https://relay.mvtx.us/ticketing/dbz?code_theater=P6864&gid_entity=movie.movie._.1000014327&tags=Localization.Version.Original,Format.Projection.Digital&perfd=20260827&perft=16:15",toulouse
F0004,film,2026-08-27,Plaisance-du-Touch,Ecran7 Plaisance,L145,"https://relay.mvtx.us/ticketing/dbz?code_theater=P0918&gid_entity=movie.movie._.1000032856&tags=Localization.Language.French,Format.Projection.Digital,Showtime.Accessibility.Accessible&perfd=20260827&perft=13:45",toulouse
F0006,film,2026-08-27,Plaisance-du-Touch,Ecran7 Plaisance,L145,"https://relay.mvtx.us/ticketing/dbz?code_theater=P0918&gid_entity=movie.movie._.314503&tags=Localization.Language.French,Showtime.Accessibility.Dubbed,Format.Projection.Digital,Showtime.Accessibility.Accessible&perfd=20260827&perft=13:45",toulouse
F0009,film,2026-08-27,Plaisance-du-Touch,Ecran7 Plaisance,L145,"https://relay.mvtx.us/ticketing/dbz?code_theater=P0918&gid_entity=movie.movie._.320681&tags=Localization.Language.French,Showtime.Accessibility.Dubbed,Format.Projection.Digital,Showtime.Accessibility.Accessible&perfd=20260827&perft=14:00",toulouse
F0002,film,2026-08-27,Plaisance-du-Touch,Ecran7 Plaisance,L145,"https://relay.mvtx.us/ticketing/dbz?code_theater=P0918&gid_entity=movie.movie._.1000013045&tags=Localization.Language.French,Showtime.Accessibility.Dubbed,Format.Projection.Digital,Showtime.Accessibility.Accessible&perfd=20260827&perft=15:30",toulouse
F0001,film,2026-08-27,Plaisance-du-Touch,Ecran7 Plaisance,L145,"https://relay.mvtx.us/ticketing/dbz?code_theater=P0918&gid_entity=movie.movie._.276608&tags=Localization.Language.French,Showtime.Accessibility.Dubbed,BoostPos.Image.2D,Format.Projection.Digital,Showtime.Accessibility.Accessible&perfd=20260827&perft=15:45",toulouse
F0029,film,2026-08-27,Plaisance-du-Touch,Ecran7 Plaisance,L145,"https://relay.mvtx.us/ticketing/dbz?code_theater=P0918&gid_entity=movie.movie._.1000022546&tags=Localization.Language.French,Format.Projection.Digital,Showtime.Accessibility.Accessible&perfd=20260827&perft=15:45",toulouse
F0024,film,2026-08-27,Plaisance-du-Touch,Ecran7 Plaisance,L145,"https://relay.mvtx.us/ticketing/dbz?code_theater=P0918&gid_entity=movie.movie._.315380&tags=Localization.Language.French,Showtime.Accessibility.Dubbed,BoostPos.Image.2D,Format.Projection.Digital,Showtime.Accessibility.Accessible&perfd=20260827&perft=18:30",toulouse
F0020,film,2026-08-27,Plaisance-du-Touch,Ecran7 Plaisance,L145,"https://relay.mvtx.us/ticketing/dbz?code_theater=P0918&gid_entity=movie.movie._.294280&tags=Localization.Language.French,Format.Projection.Digital,Showtime.Accessibility.Accessible&perfd=20260827&perft=20:30",toulouse
F0009,film,2026-08-27,Castelginest,Le Castelia,L146,"https://relay.mvtx.us/ticketing/dbz?code_theater=P0583&gid_entity=movie.movie._.320681&tags=Localization.Language.French,Showtime.Accessibility.Accessible,Format.Projection.Digital&perfd=20260827&perft=16:15&code=VF; DISABLED ACCESS",toulouse
F0029,film,2026-08-27,Castelginest,Le Castelia,L146,"https://relay.mvtx.us/ticketing/dbz?code_theater=P0583&gid_entity=movie.movie._.1000022546&tags=Showtime.Accessibility.Subtitled,Localization.Language.French,Showtime.Accessibility.Accessible,Format.Projection.Digital&perfd=20260827&perft=18:30&code=SUBTITLE; VF; DISABLED ACCESS",toulouse
F0002,film,2026-08-27,Castelginest,Le Castelia,L146,"https://relay.mvtx.us/ticketing/dbz?code_theater=P0583&gid_entity=movie.movie._.1000013045&tags=Localization.Language.French,Showtime.Accessibility.Accessible,Format.Projection.Digital&perfd=20260827&perft=20:30&code=VF; DISABLED ACCESS",toulouse
F0001,film,2026-08-27,Muret,Véo Muret,L147,"https://relay.mvtx.us/ticketing/dbz?code_theater=W3161&gid_entity=movie.movie._.276608&tags=Localization.Language.French,Format.Projection.Digital&perfd=20260827&perft=10:30",toulouse
F0014,film,2026-08-27,Muret,Véo Muret,L147,"https://relay.mvtx.us/ticketing/dbz?code_theater=W3161&gid_entity=movie.movie._.316021&tags=Localization.Version.Original,Format.Projection.Digital&perfd=20260827&perft=10:50",toulouse
F0007,film,2026-08-27,Muret,Véo Muret,L147,"https://relay.mvtx.us/ticketing/dbz?code_theater=W3161&gid_entity=movie.movie._.257425&tags=Localization.Language.French,Showtime.Accessibility.Dubbed,Format.Projection.Digital&perfd=20260827&perft=11:00",toulouse
F0009,film,2026-08-27,Muret,Véo Muret,L147,"https://relay.mvtx.us/ticketing/dbz?code_theater=W3161&gid_entity=movie.movie._.320681&tags=Localization.Language.French,Showtime.Accessibility.Dubbed,Format.Projection.Digital&perfd=20260827&perft=11:00",toulouse
F0016,film,2026-08-27,Muret,Véo Muret,L147,"https://relay.mvtx.us/ticketing/dbz?code_theater=W3161&gid_entity=movie.movie._.313256&tags=Localization.Language.French,Showtime.Accessibility.Dubbed,Format.Projection.Digital&perfd=20260827&perft=11:00",toulouse
F0017,film,2026-08-27,Muret,Véo Muret,L147,"https://relay.mvtx.us/ticketing/dbz?code_theater=W3161&gid_entity=movie.movie._.314942&tags=Localization.Language.French,Showtime.Accessibility.Dubbed,Format.Projection.Digital&perfd=20260827&perft=11:00",toulouse
F0024,film,2026-08-27,Muret,Véo Muret,L147,"https://relay.mvtx.us/ticketing/dbz?code_theater=W3161&gid_entity=movie.movie._.315380&tags=Localization.Language.French,Showtime.Accessibility.Dubbed,Format.Projection.Digital&perfd=20260827&perft=11:00",toulouse
F0003,film,2026-08-27,Muret,Véo Muret,L147,"https://relay.mvtx.us/ticketing/dbz?code_theater=W3161&gid_entity=movie.movie._.1000014969&tags=Localization.Version.Original,Format.Projection.Digital&perfd=20260827&perft=13:30",toulouse
F0005,film,2026-08-27,Muret,Véo Muret,L147,"https://relay.mvtx.us/ticketing/dbz?code_theater=W3161&gid_entity=movie.movie._.188280&tags=Localization.Version.Original,Format.Projection.Digital&perfd=20260827&perft=13:30",toulouse
F0006,film,2026-08-27,Muret,Véo Muret,L147,"https://relay.mvtx.us/ticketing/dbz?code_theater=W3161&gid_entity=movie.movie._.314503&tags=Localization.Language.French,Showtime.Accessibility.Dubbed,Format.Projection.Digital&perfd=20260827&perft=13:30",toulouse
F0008,film,2026-08-27,Muret,Véo Muret,L147,"https://relay.mvtx.us/ticketing/dbz?code_theater=W3161&gid_entity=movie.movie._.1000016503&tags=Localization.Language.French,Showtime.Accessibility.Dubbed,Format.Projection.Digital&perfd=20260827&perft=13:30",toulouse
F0002,film,2026-08-27,Muret,Véo Muret,L147,"https://relay.mvtx.us/ticketing/dbz?code_theater=W3161&gid_entity=movie.movie._.1000013045&tags=Localization.Language.French,Showtime.Accessibility.Dubbed,Format.Projection.Digital&perfd=20260827&perft=13:50",toulouse
F0020,film,2026-08-27,Muret,Véo Muret,L147,"https://relay.mvtx.us/ticketing/dbz?code_theater=W3161&gid_entity=movie.movie._.294280&tags=Localization.Language.French,Format.Projection.Digital&perfd=20260827&perft=15:30",toulouse
F0004,film,2026-08-27,Muret,Véo Muret,L147,"https://relay.mvtx.us/ticketing/dbz?code_theater=W3161&gid_entity=movie.movie._.1000032856&tags=Localization.Language.French,Format.Projection.Digital&perfd=20260827&perft=15:50",toulouse
F0011,film,2026-08-27,Muret,Véo Muret,L147,"https://relay.mvtx.us/ticketing/dbz?code_theater=W3161&gid_entity=movie.movie._.1000002942&tags=Localization.Language.French,Showtime.Accessibility.Dubbed,Format.Projection.Digital&perfd=20260827&perft=16:20",toulouse
F0009,film,2026-08-27,Castanet-Tolosan,MJC Ciné 113,L148,"https://relay.mvtx.us/ticketing/dbz?code_theater=P2235&gid_entity=movie.movie._.320681&tags=Localization.Language.French,Format.Projection.Digital&perfd=20260827&perft=10:15&code=VF",toulouse
F0197,film,2026-08-27,Castanet-Tolosan,MJC Ciné 113,L148,https://www.mjc-castanet-tolosan.fr/cinema-cine-113/,toulouse
F0033,film,2026-08-27,Castanet-Tolosan,MJC Ciné 113,L148,"https://relay.mvtx.us/ticketing/dbz?code_theater=P2235&gid_entity=movie.movie._.1000023007&tags=Localization.Version.Original,Format.Projection.Digital&perfd=20260827&perft=14:15&code=VO",toulouse
F0007,film,2026-08-27,Castanet-Tolosan,MJC Ciné 113,L148,"https://relay.mvtx.us/ticketing/dbz?code_theater=P2235&gid_entity=movie.movie._.257425&tags=Localization.Language.French,Format.Projection.Digital&perfd=20260827&perft=17:15&code=VF",toulouse
F0025,film,2026-08-27,Castanet-Tolosan,MJC Ciné 113,L148,"https://relay.mvtx.us/ticketing/dbz?code_theater=P2235&gid_entity=movie.movie._.1000022260&tags=Localization.Language.French,Format.Projection.Digital&perfd=20260827&perft=20:15&code=VF",toulouse
A0050,live,2026-08-28,Ramonville-Saint-Agne,Le Bikini,L083,https://lebikini.com/2026/08/28/after-officiel-rampage-modestep-the-clamps-emberline-sks,toulouse
A0051,live,2026-08-28,Ramonville-Saint-Agne,Le Bikini,L083,https://lebikini.com/2026/08/28/after-officiel-rampage-modestep-the-clamps-emberline-sks,toulouse
A0052,live,2026-08-28,Ramonville-Saint-Agne,Le Bikini,L083,https://lebikini.com/2026/08/28/after-officiel-rampage-modestep-the-clamps-emberline-sks,toulouse
A0011,live,2026-08-28,Ramonville-Saint-Agne,Le Bikini,L083,https://lebikini.com/2026/08/28/after-officiel-rampage-modestep-the-clamps-emberline-sks,toulouse
A0053,live,2026-08-28,Ramonville-Saint-Agne,Le Bikini,L083,https://lebikini.com/2026/08/28/after-officiel-rampage-modestep-the-clamps-emberline-sks,toulouse
A0054,live,2026-08-28,Aussonne,MEETT,L085,https://www.info-lux.com/horaires-rose-festival-2026-timetable-complete/themes/,toulouse
A0055,live,2026-08-28,Aussonne,MEETT,L085,https://www.info-lux.com/horaires-rose-festival-2026-timetable-complete/themes/,toulouse
A0004,live,2026-08-28,Aussonne,MEETT,L085,https://www.info-lux.com/horaires-rose-festival-2026-timetable-complete/themes/,toulouse
A0056,live,2026-08-28,Aussonne,MEETT,L085,https://www.info-lux.com/horaires-rose-festival-2026-timetable-complete/themes/,toulouse
A0057,live,2026-08-28,Aussonne,MEETT,L085,https://www.info-lux.com/horaires-rose-festival-2026-timetable-complete/themes/,toulouse
A0058,live,2026-08-28,Aussonne,MEETT,L085,https://www.info-lux.com/horaires-rose-festival-2026-timetable-complete/themes/,toulouse
A0059,live,2026-08-28,Aussonne,MEETT,L085,https://www.info-lux.com/horaires-rose-festival-2026-timetable-complete/themes/,toulouse
A0060,live,2026-08-28,Aussonne,MEETT,L085,https://www.info-lux.com/horaires-rose-festival-2026-timetable-complete/themes/,toulouse
A0061,live,2026-08-28,Aussonne,MEETT,L085,https://www.info-lux.com/horaires-rose-festival-2026-timetable-complete/themes/,toulouse
A0062,live,2026-08-28,Aussonne,MEETT,L085,https://www.info-lux.com/horaires-rose-festival-2026-timetable-complete/themes/,toulouse
A0063,live,2026-08-28,Aussonne,MEETT,L085,https://www.info-lux.com/horaires-rose-festival-2026-timetable-complete/themes/,toulouse
A0064,live,2026-08-28,Aussonne,MEETT,L085,https://www.info-lux.com/horaires-rose-festival-2026-timetable-complete/themes/,toulouse
A0065,live,2026-08-28,Aussonne,MEETT,L085,https://www.info-lux.com/horaires-rose-festival-2026-timetable-complete/themes/,toulouse
A0066,live,2026-08-28,Aussonne,MEETT,L085,https://www.info-lux.com/horaires-rose-festival-2026-timetable-complete/themes/,toulouse
A0067,live,2026-08-28,Aussonne,MEETT,L085,https://www.info-lux.com/horaires-rose-festival-2026-timetable-complete/themes/,toulouse
A0005,live,2026-08-28,Aussonne,MEETT,L085,https://www.info-lux.com/horaires-rose-festival-2026-timetable-complete/themes/,toulouse
A0068,live,2026-08-28,Aussonne,MEETT,L085,https://www.info-lux.com/horaires-rose-festival-2026-timetable-complete/themes/,toulouse
A0069,live,2026-08-28,Aussonne,MEETT,L085,https://www.info-lux.com/horaires-rose-festival-2026-timetable-complete/themes/,toulouse
A0070,live,2026-08-28,Aussonne,MEETT,L085,https://www.info-lux.com/horaires-rose-festival-2026-timetable-complete/themes/,toulouse
A0071,live,2026-08-28,Aussonne,MEETT,L085,https://www.info-lux.com/horaires-rose-festival-2026-timetable-complete/themes/,toulouse
A0072,live,2026-08-28,Aussonne,MEETT,L085,https://www.info-lux.com/horaires-rose-festival-2026-timetable-complete/themes/,toulouse
A0073,live,2026-08-28,Aussonne,MEETT,L085,https://www.info-lux.com/horaires-rose-festival-2026-timetable-complete/themes/,toulouse
A0074,live,2026-08-28,Aussonne,MEETT,L085,https://www.info-lux.com/horaires-rose-festival-2026-timetable-complete/themes/,toulouse
A0075,live,2026-08-28,Aussonne,MEETT,L085,https://www.info-lux.com/horaires-rose-festival-2026-timetable-complete/themes/,toulouse
A0076,live,2026-08-28,Aussonne,MEETT,L085,https://www.info-lux.com/horaires-rose-festival-2026-timetable-complete/themes/,toulouse
A0077,live,2026-08-28,Aussonne,MEETT,L085,https://www.info-lux.com/horaires-rose-festival-2026-timetable-complete/themes/,toulouse
A0078,live,2026-08-28,Aussonne,MEETT,L085,https://www.info-lux.com/horaires-rose-festival-2026-timetable-complete/themes/,toulouse
A0006,live,2026-08-28,Aussonne,MEETT,L085,https://www.info-lux.com/horaires-rose-festival-2026-timetable-complete/themes/,toulouse
A0079,live,2026-08-28,Aussonne,MEETT,L085,https://www.info-lux.com/horaires-rose-festival-2026-timetable-complete/themes/,toulouse
A0080,live,2026-08-28,Aussonne,MEETT,L085,https://www.info-lux.com/horaires-rose-festival-2026-timetable-complete/themes/,toulouse
A0261,live,2026-08-28,Toulouse,Les Jardins de Candie,L092,https://lesjardinsdecandie.com/,toulouse
A0217,live,2026-08-28,Lacroix-Falgarde,L’Éphémère (Lacroix-Falgarde),L109,https://www.lephemereguinguette.com/evenement/?event=6180,toulouse
A0220,live,2026-08-28,Cornebarrieu,Guinguette du BBT (Cornebarrieu),L110,https://www.brasseur-toulousain.fr/la-guinguette-bbt/,toulouse
F0005,film,2026-08-28,Toulouse,Utopia Borderouge,L125,https://toulouse.cinemas-utopia.org/film/?id=13457,toulouse
F0049,film,2026-08-28,Toulouse,Utopia Borderouge,L125,https://toulouse.cinemas-utopia.org/film/?id=13765,toulouse
F0051,film,2026-08-28,Toulouse,Utopia Borderouge,L125,https://toulouse.cinemas-utopia.org/film/?id=13341,toulouse
F0040,film,2026-08-28,Toulouse,Utopia Borderouge,L125,https://toulouse.cinemas-utopia.org/film/?id=13042,toulouse
F0069,film,2026-08-28,Toulouse,Utopia Borderouge,L125,https://toulouse.cinemas-utopia.org/film/?id=13240,toulouse
F0072,film,2026-08-28,Toulouse,Utopia Borderouge,L125,https://toulouse.cinemas-utopia.org/film?id=13240,toulouse
F0037,film,2026-08-28,Toulouse,Utopia Borderouge,L125,https://toulouse.cinemas-utopia.org/film/?id=13251,toulouse
F0046,film,2026-08-28,Toulouse,Utopia Borderouge,L125,https://toulouse.cinemas-utopia.org/film?id=13251,toulouse
F0056,film,2026-08-28,Toulouse,Utopia Borderouge,L125,https://toulouse.cinemas-utopia.org/film/?id=13551,toulouse
F0034,film,2026-08-28,Toulouse,Utopia Borderouge,L125,https://toulouse.cinemas-utopia.org/film/?id=13462,toulouse
F0044,film,2026-08-28,Toulouse,Utopia Borderouge,L125,https://toulouse.cinemas-utopia.org/film?id=13462,toulouse
F0010,film,2026-08-28,Toulouse,Utopia Borderouge,L125,https://toulouse.cinemas-utopia.org/film/?id=13449,toulouse
F0035,film,2026-08-28,Toulouse,Utopia Borderouge,L125,https://toulouse.cinemas-utopia.org/film/?id=13722,toulouse
F0013,film,2026-08-28,Toulouse,Utopia Borderouge,L125,https://toulouse.cinemas-utopia.org/film/?id=13459,toulouse
F0002,film,2026-08-28,Toulouse,Utopia Borderouge,L125,https://toulouse.cinemas-utopia.org/film/?id=13767,toulouse
F0012,film,2026-08-28,Tournefeuille,Utopia Tournefeuille,L126,https://toulouse.cinemas-utopia.org/film/?id=13805,toulouse
F0005,film,2026-08-28,Tournefeuille,Utopia Tournefeuille,L126,https://toulouse.cinemas-utopia.org/film/?id=13457,toulouse
F0037,film,2026-08-28,Tournefeuille,Utopia Tournefeuille,L126,https://toulouse.cinemas-utopia.org/film/?id=13251,toulouse
F0046,film,2026-08-28,Tournefeuille,Utopia Tournefeuille,L126,https://toulouse.cinemas-utopia.org/film?id=13251,toulouse
F0027,film,2026-08-28,Tournefeuille,Utopia Tournefeuille,L126,https://toulouse.cinemas-utopia.org/film/?id=13806,toulouse
F0067,film,2026-08-28,Tournefeuille,Utopia Tournefeuille,L126,https://toulouse.cinemas-utopia.org/film/?id=13760,toulouse
F0096,film,2026-08-28,Tournefeuille,Utopia Tournefeuille,L126,https://toulouse.cinemas-utopia.org/film/?id=6729,toulouse
F0034,film,2026-08-28,Tournefeuille,Utopia Tournefeuille,L126,https://toulouse.cinemas-utopia.org/film/?id=13462,toulouse
F0044,film,2026-08-28,Tournefeuille,Utopia Tournefeuille,L126,https://toulouse.cinemas-utopia.org/film?id=13462,toulouse
F0028,film,2026-08-28,Tournefeuille,Utopia Tournefeuille,L126,https://toulouse.cinemas-utopia.org/film/?id=13804,toulouse
F0010,film,2026-08-28,Tournefeuille,Utopia Tournefeuille,L126,https://toulouse.cinemas-utopia.org/film/?id=13449,toulouse
F0013,film,2026-08-28,Tournefeuille,Utopia Tournefeuille,L126,https://toulouse.cinemas-utopia.org/film/?id=13459,toulouse
F0002,film,2026-08-28,Tournefeuille,Utopia Tournefeuille,L126,https://toulouse.cinemas-utopia.org/film/?id=13767,toulouse
F0235,film,2026-08-28,Toulouse,Cinéma ABC,L127,"https://relay.mvtx.us/ticketing/dbz?code_theater=P0071&gid_entity=movie.movie._.326487&tags=Localization.Language.French,Showtime.Accessibility.Accessible,Format.Projection.Digital&perfd=20260828&perft=11:00&code=VF; DISABLED ACCESS",toulouse
F0257,film,2026-08-28,Toulouse,Cinéma ABC,L127,"https://relay.mvtx.us/ticketing/dbz?code_theater=P0071&gid_entity=movie.movie._.1786&tags=Localization.Language.French,Showtime.Accessibility.Accessible,Format.Projection.Digital&perfd=20260828&perft=11:30&code=VF; DISABLED ACCESS",toulouse
F0042,film,2026-08-28,Toulouse,Cinéma ABC,L127,"https://relay.mvtx.us/ticketing/dbz?code_theater=P0071&gid_entity=movie.movie._.308394&tags=Showtime.Accessibility.Subtitled,Localization.Version.Original,Showtime.Accessibility.Accessible,Format.Projection.Digital&perfd=20260828&perft=13:10&code=VO; SUBTITLE; DISABLED ACCESS",toulouse
F0167,film,2026-08-28,Toulouse,Cinéma ABC,L127,"https://relay.mvtx.us/ticketing/dbz?code_theater=P0071&gid_entity=movie.movie._.213641&tags=Localization.Language.French,Showtime.Accessibility.Accessible,Format.Projection.Digital&perfd=20260828&perft=13:20&code=VF; DISABLED ACCESS",toulouse
F0005,film,2026-08-28,Toulouse,Cinéma ABC,L127,"https://relay.mvtx.us/ticketing/dbz?code_theater=P0071&gid_entity=movie.movie._.188280&tags=Showtime.Accessibility.Subtitled,Localization.Version.Original,Showtime.Accessibility.Accessible,Format.Projection.Digital&perfd=20260828&perft=14:20&code=VO; SUBTITLE; DISABLED ACCESS",toulouse
F0050,film,2026-08-28,Toulouse,Cinéma ABC,L127,"https://relay.mvtx.us/ticketing/dbz?code_theater=P0071&gid_entity=movie.movie._.1000034332&tags=Showtime.Accessibility.Subtitled,Localization.Version.Original,Showtime.Accessibility.Accessible,Format.Projection.Digital&perfd=20260828&perft=15:00&code=VO; SUBTITLE; DISABLED ACCESS",toulouse
F0012,film,2026-08-28,Toulouse,Cinéma ABC,L127,"https://relay.mvtx.us/ticketing/dbz?code_theater=P0071&gid_entity=movie.movie._.327993&tags=Localization.Language.French,Showtime.Accessibility.Accessible,Format.Projection.Digital&perfd=20260828&perft=15:10&code=VF; DISABLED ACCESS",toulouse
F0026,film,2026-08-28,Toulouse,Cinéma ABC,L127,"https://relay.mvtx.us/ticketing/dbz?code_theater=P0071&gid_entity=movie.movie._.1000041528&tags=Localization.Language.French,Showtime.Accessibility.Accessible,Format.Projection.Digital&perfd=20260828&perft=16:50&code=VF; DISABLED ACCESS",toulouse
F0058,film,2026-08-28,Toulouse,Cinéma ABC,L127,"https://relay.mvtx.us/ticketing/dbz?code_theater=P0071&gid_entity=movie.movie._.1000032278&tags=Showtime.Accessibility.Subtitled,Localization.Version.Original,Showtime.Accessibility.Accessible,Format.Projection.Digital&perfd=20260828&perft=17:50&code=VO; SUBTITLE; DISABLED ACCESS",toulouse
F0101,film,2026-08-28,Toulouse,Cinéma ABC,L127,https://abc-toulouse.fr/1262-wake-in-fright-reveil-dans-la-terreur.html,toulouse
F0075,film,2026-08-28,Toulouse,Cinéma ABC,L127,"https://relay.mvtx.us/ticketing/dbz?code_theater=P0071&gid_entity=movie.movie._.6796&tags=Showtime.Accessibility.Subtitled,Localization.Version.Original,Showtime.Accessibility.Accessible,Format.Projection.Digital&perfd=20260828&perft=18:35&code=VO; SUBTITLE; DISABLED ACCESS",toulouse
F0053,film,2026-08-28,Toulouse,Cinéma ABC,L127,"https://relay.mvtx.us/ticketing/dbz?code_theater=P0071&gid_entity=movie.movie._.316460&tags=Showtime.Accessibility.Subtitled,Localization.Version.Original,Showtime.Accessibility.Accessible,Format.Projection.Digital&perfd=20260828&perft=20:50&code=VO; SUBTITLE; DISABLED ACCESS",toulouse
F0070,film,2026-08-28,Toulouse,Le Cratère,L128,"https://relay.mvtx.us/ticketing/dbz?code_theater=P0056&gid_entity=movie.movie._.289867&tags=Localization.Version.Original,Format.Projection.Digital&perfd=20260828&perft=10:00&code=VO",toulouse
F0262,film,2026-08-28,Toulouse,Le Cratère,L128,"https://relay.mvtx.us/ticketing/dbz?code_theater=P0056&gid_entity=movie.movie._.39&tags=Localization.Version.Original,Format.Projection.Digital&perfd=20260828&perft=12:05&code=VO",toulouse
F0056,film,2026-08-28,Toulouse,Le Cratère,L128,"https://relay.mvtx.us/ticketing/dbz?code_theater=P0056&gid_entity=movie.movie._.1000014327&tags=Localization.Version.Original,Format.Projection.Digital&perfd=20260828&perft=14:00&code=VO",toulouse
F0051,film,2026-08-28,Toulouse,Le Cratère,L128,"https://relay.mvtx.us/ticketing/dbz?code_theater=P0056&gid_entity=movie.movie._.1000031160&tags=Localization.Version.Original,Format.Projection.Digital&perfd=20260828&perft=16:15&code=VO",toulouse
F0255,film,2026-08-28,Toulouse,Le Cratère,L128,"https://relay.mvtx.us/ticketing/dbz?code_theater=P0056&gid_entity=movie.movie._.306166&tags=Localization.Version.Original,Format.Projection.Digital&perfd=20260828&perft=17:50&code=VO",toulouse
F0430,film,2026-08-28,Toulouse,Le Cratère,L128,https://www.cinemalecratere.fr/films/soiree-cinema-liban,toulouse
A0081,live,2026-08-28,Toulouse,Halle de la Machine,L130,https://www.halledelamachine.fr/evenements/halle-night-long/,toulouse
F0201,film,2026-08-28,Toulouse,Cinémathèque de Toulouse,L131,https://www.lacinemathequedetoulouse.com/programmation/agenda,toulouse
F0200,film,2026-08-28,Toulouse,Cinémathèque de Toulouse,L131,"https://relay.mvtx.us/ticketing/dbz?code_theater=P0062&gid_entity=movie.movie._.2253&tags=Showtime.Accessibility.Subtitled,Localization.Language.French,Format.Projection.Digital&perfd=20260828&perft=18:30&code=SUBTITLE; MUTED; VF",toulouse
F0136,film,2026-08-28,Toulouse,Cinémathèque de Toulouse,L131,https://www.lacinemathequedetoulouse.com/programmation/agenda,toulouse
A0082,live,2026-08-28,Blagnac,Poney Club,L132,https://lebikini.com/2026/08/28/rampage,toulouse
A0083,live,2026-08-28,Blagnac,Poney Club,L132,https://lebikini.com/2026/08/28/rampage,toulouse
A0084,live,2026-08-28,Blagnac,Poney Club,L132,https://lebikini.com/2026/08/28/rampage,toulouse
A0085,live,2026-08-28,Blagnac,Poney Club,L132,https://lebikini.com/2026/08/28/rampage,toulouse
A0086,live,2026-08-28,Blagnac,Poney Club,L132,https://lebikini.com/2026/08/28/rampage,toulouse
A0087,live,2026-08-28,Blagnac,Poney Club,L132,https://lebikini.com/2026/08/28/rampage,toulouse
A0011,live,2026-08-28,Blagnac,Poney Club,L132,https://lebikini.com/2026/08/28/rampage,toulouse
F0003,film,2026-08-28,Toulouse,Pathé Toulouse Wilson,L137,,toulouse
F0012,film,2026-08-28,Toulouse,Pathé Toulouse Wilson,L137,,toulouse
F0002,film,2026-08-28,Toulouse,Pathé Toulouse Wilson,L137,,toulouse
F0001,film,2026-08-28,Toulouse,Pathé Toulouse Wilson,L137,,toulouse
F0014,film,2026-08-28,Toulouse,Pathé Toulouse Wilson,L137,,toulouse
F0095,film,2026-08-28,Toulouse,Pathé Toulouse Wilson,L137,,toulouse
F0007,film,2026-08-28,Toulouse,Pathé Toulouse Wilson,L137,,toulouse
F0004,film,2026-08-28,Toulouse,Pathé Toulouse Wilson,L137,,toulouse
F0009,film,2026-08-28,Toulouse,Pathé Toulouse Wilson,L137,,toulouse
F0017,film,2026-08-28,Toulouse,Pathé Toulouse Wilson,L137,,toulouse
F0005,film,2026-08-28,Toulouse,Pathé Toulouse Wilson,L137,,toulouse
F0115,film,2026-08-28,Toulouse,Pathé Toulouse Wilson,L137,,toulouse
F0116,film,2026-08-28,Toulouse,Pathé Toulouse Wilson,L137,,toulouse
F0282,film,2026-08-28,Toulouse,Pathé Toulouse Wilson,L137,,toulouse
F0114,film,2026-08-28,Toulouse,Pathé Toulouse Wilson,L137,,toulouse
F0113,film,2026-08-28,Toulouse,Pathé Toulouse Wilson,L137,,toulouse
F0002,film,2026-08-28,Labège,Pathé Toulouse Labège,L138,,toulouse
F0095,film,2026-08-28,Labège,Pathé Toulouse Labège,L138,,toulouse
F0003,film,2026-08-28,Labège,Pathé Toulouse Labège,L138,,toulouse
F0001,film,2026-08-28,Labège,Pathé Toulouse Labège,L138,,toulouse
F0015,film,2026-08-28,Labège,Pathé Toulouse Labège,L138,,toulouse
F0009,film,2026-08-28,Labège,Pathé Toulouse Labège,L138,,toulouse
F0017,film,2026-08-28,Labège,Pathé Toulouse Labège,L138,,toulouse
F0007,film,2026-08-28,Labège,Pathé Toulouse Labège,L138,,toulouse
F0004,film,2026-08-28,Labège,Pathé Toulouse Labège,L138,,toulouse
F0006,film,2026-08-28,Labège,Pathé Toulouse Labège,L138,,toulouse
F0008,film,2026-08-28,Labège,Pathé Toulouse Labège,L138,,toulouse
F0016,film,2026-08-28,Labège,Pathé Toulouse Labège,L138,,toulouse
F0019,film,2026-08-28,Labège,Pathé Toulouse Labège,L138,,toulouse
F0021,film,2026-08-28,Labège,Pathé Toulouse Labège,L138,,toulouse
F0038,film,2026-08-28,Labège,Pathé Toulouse Labège,L138,,toulouse
F0002,film,2026-08-28,Blagnac,CGR Blagnac,L139,"https://relay.mvtx.us/ticketing/dbz?code_theater=P0692&gid_entity=movie.movie._.1000013045&tags=Localization.Language.French,Showtime.Accessibility.Accessible&perfd=20260828&perft=10:30&code=Accès PMR; VF;",toulouse
F0001,film,2026-08-28,Blagnac,CGR Blagnac,L139,"https://relay.mvtx.us/ticketing/dbz?code_theater=P0692&gid_entity=movie.movie._.276608&tags=Localization.Language.French,Showtime.Accessibility.Accessible,Auditorium.Experience.DolbyAtmos&perfd=20260828&perft=10:30&code=Accès PMR; Dolby Atmos; VF;",toulouse
F0054,film,2026-08-28,Blagnac,CGR Blagnac,L139,"https://relay.mvtx.us/ticketing/dbz?code_theater=P0692&gid_entity=movie.movie._.29276&tags=Localization.Language.French,Showtime.Accessibility.Accessible,Format.Projection.4k,Auditorium.Experience.Ice,Auditorium.Experience.DolbyAtmos&perfd=20260828&perft=10:30&code=4K; Accès PMR; Dolby Atmos; ICE; VF;",toulouse
F0081,film,2026-08-28,Blagnac,CGR Blagnac,L139,"https://relay.mvtx.us/ticketing/dbz?code_theater=P0692&gid_entity=movie.movie._.1000016375&tags=Localization.Language.French,Showtime.Accessibility.Accessible&perfd=20260828&perft=10:30&code=Accès PMR; VF;",toulouse
F0017,film,2026-08-28,Blagnac,CGR Blagnac,L139,"https://relay.mvtx.us/ticketing/dbz?code_theater=P0692&gid_entity=movie.movie._.314942&tags=Localization.Language.French,Showtime.Accessibility.Accessible&perfd=20260828&perft=10:40&code=Accès PMR; VF;",toulouse
F0038,film,2026-08-28,Blagnac,CGR Blagnac,L139,"https://relay.mvtx.us/ticketing/dbz?code_theater=P0692&gid_entity=movie.movie._.1000022217&tags=Localization.Language.French,Showtime.Accessibility.Accessible&perfd=20260828&perft=10:40&code=Accès PMR; VF;",toulouse
F0003,film,2026-08-28,Blagnac,CGR Blagnac,L139,"https://relay.mvtx.us/ticketing/dbz?code_theater=P0692&gid_entity=movie.movie._.1000014969&tags=Localization.Language.French,Showtime.Accessibility.Accessible&perfd=20260828&perft=10:45&code=Accès PMR; VF;",toulouse
F0007,film,2026-08-28,Blagnac,CGR Blagnac,L139,"https://relay.mvtx.us/ticketing/dbz?code_theater=P0692&gid_entity=movie.movie._.257425&tags=Localization.Language.French,Showtime.Accessibility.Accessible&perfd=20260828&perft=10:45&code=Accès PMR; VF;",toulouse
F0009,film,2026-08-28,Blagnac,CGR Blagnac,L139,"https://relay.mvtx.us/ticketing/dbz?code_theater=P0692&gid_entity=movie.movie._.320681&tags=Localization.Language.French,Showtime.Accessibility.Accessible&perfd=20260828&perft=10:45&code=Accès PMR; VF;",toulouse
F0052,film,2026-08-28,Blagnac,CGR Blagnac,L139,"https://relay.mvtx.us/ticketing/dbz?code_theater=P0692&gid_entity=movie.movie._.1000028234&tags=Localization.Language.French,Showtime.Accessibility.Accessible&perfd=20260828&perft=10:45&code=Accès PMR; VF;",toulouse
F0019,film,2026-08-28,Blagnac,CGR Blagnac,L139,"https://relay.mvtx.us/ticketing/dbz?code_theater=P0692&gid_entity=movie.movie._.321617&tags=Localization.Language.French,Showtime.Accessibility.Accessible&perfd=20260828&perft=13:30&code=Accès PMR; VF;",toulouse
F0115,film,2026-08-28,Blagnac,CGR Blagnac,L139,"https://relay.mvtx.us/ticketing/dbz?code_theater=P0692&gid_entity=movie.movie._.135076&tags=Localization.Language.French,Showtime.Accessibility.Accessible&perfd=20260828&perft=16:00&code=Accès PMR; VF;",toulouse
F0116,film,2026-08-28,Blagnac,CGR Blagnac,L139,"https://relay.mvtx.us/ticketing/dbz?code_theater=P0692&gid_entity=movie.movie._.147956&tags=Localization.Language.French,Showtime.Accessibility.Accessible&perfd=20260828&perft=18:00&code=Accès PMR; VF;",toulouse
F0114,film,2026-08-28,Blagnac,CGR Blagnac,L139,"https://relay.mvtx.us/ticketing/dbz?code_theater=P0692&gid_entity=movie.movie._.148223&tags=Localization.Language.French,Showtime.Accessibility.Accessible&perfd=20260828&perft=20:30&code=Accès PMR; VF;",toulouse
F0113,film,2026-08-28,Blagnac,CGR Blagnac,L139,"https://relay.mvtx.us/ticketing/dbz?code_theater=P0692&gid_entity=movie.movie._.224258&tags=Localization.Language.French,Showtime.Accessibility.Accessible&perfd=20260828&perft=22:30&code=Accès PMR; VF;",toulouse
F0003,film,2026-08-28,Fenouillet,Kinepolis Fenouillet,L140,https://relay.mvtx.us/ticketing/dbz?code_theater=W3115&gid_entity=movie.movie._.1000014969&tags=Format.Projection.Digital&perfd=20260828&perft=13:30&code=Version Francaise; 2D,toulouse
F0015,film,2026-08-28,Fenouillet,Kinepolis Fenouillet,L140,https://relay.mvtx.us/ticketing/dbz?code_theater=W3115&gid_entity=movie.movie._.294281&tags=Format.Projection.Digital&perfd=20260828&perft=13:30&code=Version Francaise; 2D,toulouse
F0001,film,2026-08-28,Fenouillet,Kinepolis Fenouillet,L140,https://relay.mvtx.us/ticketing/dbz?code_theater=W3115&gid_entity=movie.movie._.276608&tags=Format.Projection.Digital&perfd=20260828&perft=13:35&code=Version Francaise; 2D Laser Ultra,toulouse
F0008,film,2026-08-28,Fenouillet,Kinepolis Fenouillet,L140,https://relay.mvtx.us/ticketing/dbz?code_theater=W3115&gid_entity=movie.movie._.1000016503&tags=Format.Projection.Digital&perfd=20260828&perft=13:35&code=Version Francaise; 2D,toulouse
F0009,film,2026-08-28,Fenouillet,Kinepolis Fenouillet,L140,https://relay.mvtx.us/ticketing/dbz?code_theater=W3115&gid_entity=movie.movie._.320681&tags=Format.Projection.Digital&perfd=20260828&perft=13:40&code=Version Francaise; 2D,toulouse
F0007,film,2026-08-28,Fenouillet,Kinepolis Fenouillet,L140,https://relay.mvtx.us/ticketing/dbz?code_theater=W3115&gid_entity=movie.movie._.257425&tags=Format.Projection.Digital&perfd=20260828&perft=13:45&code=Version Francaise; 2D,toulouse
F0004,film,2026-08-28,Fenouillet,Kinepolis Fenouillet,L140,https://relay.mvtx.us/ticketing/dbz?code_theater=W3115&gid_entity=movie.movie._.1000032856&tags=Format.Projection.Digital&perfd=20260828&perft=13:45&code=Version Francaise; 2D,toulouse
F0006,film,2026-08-28,Fenouillet,Kinepolis Fenouillet,L140,https://relay.mvtx.us/ticketing/dbz?code_theater=W3115&gid_entity=movie.movie._.314503&tags=Format.Projection.Digital&perfd=20260828&perft=15:40&code=Version Francaise; 2D,toulouse
F0002,film,2026-08-28,Fenouillet,Kinepolis Fenouillet,L140,https://relay.mvtx.us/ticketing/dbz?code_theater=W3115&gid_entity=movie.movie._.1000013045&tags=Format.Projection.Digital&perfd=20260828&perft=16:40&code=Version Francaise; 2D,toulouse
F0016,film,2026-08-28,Fenouillet,Kinepolis Fenouillet,L140,https://relay.mvtx.us/ticketing/dbz?code_theater=W3115&gid_entity=movie.movie._.313256&tags=Format.Projection.Digital&perfd=20260828&perft=17:50&code=Version Francaise; 2D,toulouse
F0011,film,2026-08-28,Fenouillet,Kinepolis Fenouillet,L140,https://relay.mvtx.us/ticketing/dbz?code_theater=W3115&gid_entity=movie.movie._.1000002942&tags=Format.Projection.Digital&perfd=20260828&perft=18:00&code=Version Francaise; 2D,toulouse
F0021,film,2026-08-28,Fenouillet,Kinepolis Fenouillet,L140,https://relay.mvtx.us/ticketing/dbz?code_theater=W3115&gid_entity=movie.movie._.1000033718&tags=Format.Projection.Digital&perfd=20260828&perft=18:05&code=Version Francaise; 2D,toulouse
F0030,film,2026-08-28,Fenouillet,Kinepolis Fenouillet,L140,https://relay.mvtx.us/ticketing/dbz?code_theater=W3115&gid_entity=movie.movie._.1000019899&tags=Format.Projection.Digital&perfd=20260828&perft=22:35&code=Version Francaise; 2D,toulouse
F0063,film,2026-08-28,Toulouse,American Cosmograph,L141,https://american-cosmograph.fr/les-horaires.html,toulouse
F0013,film,2026-08-28,Toulouse,American Cosmograph,L141,https://american-cosmograph.fr/soudain.html,toulouse
F0028,film,2026-08-28,Toulouse,American Cosmograph,L141,https://american-cosmograph.fr/les-horaires.html,toulouse
F0027,film,2026-08-28,Toulouse,American Cosmograph,L141,https://american-cosmograph.fr/decorado.html,toulouse
F0081,film,2026-08-28,Toulouse,American Cosmograph,L141,https://american-cosmograph.fr/les-horaires.html,toulouse
F0062,film,2026-08-28,Toulouse,American Cosmograph,L141,https://american-cosmograph.fr/les-horaires.html,toulouse
F0096,film,2026-08-28,Toulouse,American Cosmograph,L141,https://american-cosmograph.fr/les-horaires.html,toulouse
F0002,film,2026-08-28,Toulouse,American Cosmograph,L141,https://american-cosmograph.fr/les-horaires.html,toulouse
F0244,film,2026-08-28,Toulouse,American Cosmograph,L141,https://american-cosmograph.fr/les-horaires.html,toulouse
F0009,film,2026-08-28,Toulouse,UGC Montaudran,L142,"https://relay.mvtx.us/ticketing/dbz?code_theater=W3140&gid_entity=movie.movie._.320681&tags=Showtime.Accessibility.Accessible,Localization.Version.French,Format.Projection.Digital&perfd=20260828&perft=13:15&code=apd03a; PMR; 2D; VF; ",toulouse
F0024,film,2026-08-28,Toulouse,UGC Montaudran,L142,"https://relay.mvtx.us/ticketing/dbz?code_theater=W3140&gid_entity=movie.movie._.315380&tags=Showtime.Accessibility.Accessible,Localization.Version.French,Format.Projection.Digital&perfd=20260828&perft=13:30&code=SME; AUDIO; GRETA; apd06a; PMR; 2D; VF; ",toulouse
F0004,film,2026-08-28,Toulouse,UGC Montaudran,L142,"https://relay.mvtx.us/ticketing/dbz?code_theater=W3140&gid_entity=movie.movie._.1000032856&tags=Showtime.Accessibility.Accessible,Localization.Version.French,Format.Projection.Digital&perfd=20260828&perft=13:45&code=SME; AUDIO; PMR; 2D; VF; ",toulouse
F0003,film,2026-08-28,Toulouse,UGC Montaudran,L142,"https://relay.mvtx.us/ticketing/dbz?code_theater=W3140&gid_entity=movie.movie._.1000014969&tags=Showtime.Accessibility.Accessible,Localization.Version.French,Format.Projection.Digital&perfd=20260828&perft=14:00&code=SME; AUDIO; GRETA; PMR; 2D; VF; ",toulouse
F0007,film,2026-08-28,Toulouse,UGC Montaudran,L142,"https://relay.mvtx.us/ticketing/dbz?code_theater=W3140&gid_entity=movie.movie._.257425&tags=Showtime.Accessibility.Accessible,Localization.Version.French,Format.Projection.Digital&perfd=20260828&perft=14:00&code=apd06a; PMR; 2D; VF; ",toulouse
F0002,film,2026-08-28,Toulouse,UGC Montaudran,L142,"https://relay.mvtx.us/ticketing/dbz?code_theater=W3140&gid_entity=movie.movie._.1000013045&tags=Showtime.Accessibility.Accessible,Localization.Subtitle.French,Localization.Version.Original,Format.Projection.Digital&perfd=20260828&perft=14:00&code=SME; AUDIO; GRETA; PMR; 2D; VO; ",toulouse
F0005,film,2026-08-28,Toulouse,UGC Montaudran,L142,"https://relay.mvtx.us/ticketing/dbz?code_theater=W3140&gid_entity=movie.movie._.188280&tags=Showtime.Accessibility.Accessible,Localization.Subtitle.French,Localization.Version.Original,Format.Projection.Digital&perfd=20260828&perft=14:10&code=PMR; 2D; VO; ",toulouse
F0001,film,2026-08-28,Toulouse,UGC Montaudran,L142,"https://relay.mvtx.us/ticketing/dbz?code_theater=W3140&gid_entity=movie.movie._.276608&tags=Showtime.Accessibility.Accessible,Localization.Subtitle.French,Localization.Version.Original,Format.Projection.Digital&perfd=20260828&perft=15:15&code=SME; AUDIO; GRETA; PMR; 2D; VO; ",toulouse
F0016,film,2026-08-28,Toulouse,UGC Montaudran,L142,"https://relay.mvtx.us/ticketing/dbz?code_theater=W3140&gid_entity=movie.movie._.313256&tags=Showtime.Accessibility.Accessible,Localization.Version.French,Format.Projection.Digital&perfd=20260828&perft=15:45&code=SME; AUDIO; GRETA; apd06a; PMR; 2D; VF; ",toulouse
F0006,film,2026-08-28,Toulouse,UGC Montaudran,L142,"https://relay.mvtx.us/ticketing/dbz?code_theater=W3140&gid_entity=movie.movie._.314503&tags=Showtime.Accessibility.Accessible,Localization.Subtitle.French,Localization.Version.Original,Format.Projection.Digital&perfd=20260828&perft=22:00&code=SME; AUDIO; GRETA; PMR; 2D; VO; ",toulouse
F0001,film,2026-08-28,Ramonville-Saint-Agne,L'Autan,L143,"https://relay.mvtx.us/ticketing/dbz?code_theater=P0881&gid_entity=movie.movie._.276608&tags=Localization.Language.French,Showtime.Accessibility.Accessible,Format.Projection.Digital&perfd=20260828&perft=15:30&code=VF; DISABLED ACCESS",toulouse
F0164,film,2026-08-28,Ramonville-Saint-Agne,L'Autan,L143,"https://relay.mvtx.us/ticketing/dbz?code_theater=P0881&gid_entity=movie.movie._.1000018041&tags=Showtime.Accessibility.Subtitled,Localization.Version.Original,Showtime.Accessibility.Accessible,Format.Projection.Digital&perfd=20260828&perft=18:30&code=VO; SUBTITLE; DISABLED ACCESS",toulouse
F0093,film,2026-08-28,Ramonville-Saint-Agne,L'Autan,L143,"https://relay.mvtx.us/ticketing/dbz?code_theater=P0881&gid_entity=movie.movie._.1000043086&tags=Localization.Language.French,Showtime.Accessibility.Accessible,Format.Projection.Digital&perfd=20260828&perft=21:00&code=VF; DISABLED ACCESS",toulouse
F0144,film,2026-08-28,Colomiers,Véo Grand Central Colomiers,L144,"https://relay.mvtx.us/ticketing/dbz?code_theater=P6864&gid_entity=movie.movie._.286853&tags=Localization.Language.French,Format.Projection.Digital&perfd=20260828&perft=10:00",toulouse
F0384,film,2026-08-28,Colomiers,Véo Grand Central Colomiers,L144,"https://relay.mvtx.us/ticketing/dbz?code_theater=P6864&gid_entity=movie.movie._.51413&tags=Localization.Language.French,Format.Projection.Digital&perfd=20260828&perft=10:00",toulouse
F0002,film,2026-08-28,Colomiers,Véo Grand Central Colomiers,L144,"https://relay.mvtx.us/ticketing/dbz?code_theater=P6864&gid_entity=movie.movie._.1000013045&tags=Localization.Version.Original,Format.Projection.Digital,Format.Sound.71&perfd=20260828&perft=10:30",toulouse
F0009,film,2026-08-28,Colomiers,Véo Grand Central Colomiers,L144,"https://relay.mvtx.us/ticketing/dbz?code_theater=P6864&gid_entity=movie.movie._.320681&tags=Localization.Language.French,Showtime.Accessibility.Dubbed,Format.Projection.Digital&perfd=20260828&perft=11:00",toulouse
F0007,film,2026-08-28,Colomiers,Véo Grand Central Colomiers,L144,"https://relay.mvtx.us/ticketing/dbz?code_theater=P6864&gid_entity=movie.movie._.257425&tags=Localization.Language.French,Showtime.Accessibility.Dubbed,Format.Projection.Digital&perfd=20260828&perft=11:00",toulouse
F0006,film,2026-08-28,Colomiers,Véo Grand Central Colomiers,L144,"https://relay.mvtx.us/ticketing/dbz?code_theater=P6864&gid_entity=movie.movie._.314503&tags=Localization.Language.French,Showtime.Accessibility.Dubbed,Format.Projection.Digital,Format.Sound.71&perfd=20260828&perft=11:00",toulouse
F0029,film,2026-08-28,Colomiers,Véo Grand Central Colomiers,L144,"https://relay.mvtx.us/ticketing/dbz?code_theater=P6864&gid_entity=movie.movie._.1000022546&tags=Localization.Language.French,Format.Projection.Digital&perfd=20260828&perft=11:10",toulouse
F0004,film,2026-08-28,Colomiers,Véo Grand Central Colomiers,L144,"https://relay.mvtx.us/ticketing/dbz?code_theater=P6864&gid_entity=movie.movie._.1000032856&tags=Localization.Language.French,Format.Projection.Digital&perfd=20260828&perft=13:30",toulouse
F0013,film,2026-08-28,Colomiers,Véo Grand Central Colomiers,L144,"https://relay.mvtx.us/ticketing/dbz?code_theater=P6864&gid_entity=movie.movie._.1000024105&tags=Localization.Version.Original,Format.Projection.Digital&perfd=20260828&perft=13:30",toulouse
F0026,film,2026-08-28,Colomiers,Véo Grand Central Colomiers,L144,"https://relay.mvtx.us/ticketing/dbz?code_theater=P6864&gid_entity=movie.movie._.1000041528&tags=Localization.Language.French,Format.Projection.Digital&perfd=20260828&perft=13:30",toulouse
F0024,film,2026-08-28,Colomiers,Véo Grand Central Colomiers,L144,"https://relay.mvtx.us/ticketing/dbz?code_theater=P6864&gid_entity=movie.movie._.315380&tags=Localization.Language.French,Showtime.Accessibility.Dubbed,Format.Projection.Digital,Format.Sound.71&perfd=20260828&perft=13:50",toulouse
F0005,film,2026-08-28,Colomiers,Véo Grand Central Colomiers,L144,"https://relay.mvtx.us/ticketing/dbz?code_theater=P6864&gid_entity=movie.movie._.188280&tags=Localization.Version.Original,Format.Projection.Digital&perfd=20260828&perft=15:25",toulouse
F0001,film,2026-08-28,Colomiers,Véo Grand Central Colomiers,L144,"https://relay.mvtx.us/ticketing/dbz?code_theater=P6864&gid_entity=movie.movie._.276608&tags=Localization.Language.French,Showtime.Accessibility.Dubbed,Format.Projection.Digital,Format.Sound.71&perfd=20260828&perft=15:45",toulouse
F0016,film,2026-08-28,Colomiers,Véo Grand Central Colomiers,L144,"https://relay.mvtx.us/ticketing/dbz?code_theater=P6864&gid_entity=movie.movie._.313256&tags=Localization.Language.French,Showtime.Accessibility.Dubbed,Format.Projection.Digital,Format.Sound.71&perfd=20260828&perft=15:50",toulouse
F0010,film,2026-08-28,Colomiers,Véo Grand Central Colomiers,L144,"https://relay.mvtx.us/ticketing/dbz?code_theater=P6864&gid_entity=movie.movie._.1000037046&tags=Localization.Language.French,Format.Projection.Digital&perfd=20260828&perft=17:00",toulouse
F0015,film,2026-08-28,Plaisance-du-Touch,Ecran7 Plaisance,L145,"https://relay.mvtx.us/ticketing/dbz?code_theater=P0918&gid_entity=movie.movie._.294281&tags=Localization.Language.French,Format.Projection.Digital,Showtime.Accessibility.Accessible&perfd=20260828&perft=13:45",toulouse
F0009,film,2026-08-28,Plaisance-du-Touch,Ecran7 Plaisance,L145,"https://relay.mvtx.us/ticketing/dbz?code_theater=P0918&gid_entity=movie.movie._.320681&tags=Localization.Language.French,Showtime.Accessibility.Dubbed,Format.Projection.Digital,Showtime.Accessibility.Accessible&perfd=20260828&perft=13:45",toulouse
F0029,film,2026-08-28,Plaisance-du-Touch,Ecran7 Plaisance,L145,"https://relay.mvtx.us/ticketing/dbz?code_theater=P0918&gid_entity=movie.movie._.1000022546&tags=Localization.Language.French,Format.Projection.Digital,Showtime.Accessibility.Accessible&perfd=20260828&perft=13:45",toulouse
F0006,film,2026-08-28,Plaisance-du-Touch,Ecran7 Plaisance,L145,"https://relay.mvtx.us/ticketing/dbz?code_theater=P0918&gid_entity=movie.movie._.314503&tags=Localization.Language.French,Showtime.Accessibility.Dubbed,Format.Projection.Digital,Showtime.Accessibility.Accessible&perfd=20260828&perft=15:30",toulouse
F0004,film,2026-08-28,Plaisance-du-Touch,Ecran7 Plaisance,L145,"https://relay.mvtx.us/ticketing/dbz?code_theater=P0918&gid_entity=movie.movie._.1000032856&tags=Localization.Language.French,Format.Projection.Digital,Showtime.Accessibility.Accessible&perfd=20260828&perft=15:45",toulouse
F0002,film,2026-08-28,Plaisance-du-Touch,Ecran7 Plaisance,L145,"https://relay.mvtx.us/ticketing/dbz?code_theater=P0918&gid_entity=movie.movie._.1000013045&tags=Localization.Language.French,Showtime.Accessibility.Dubbed,Format.Projection.Digital,Showtime.Accessibility.Accessible&perfd=20260828&perft=17:45",toulouse
F0001,film,2026-08-28,Plaisance-du-Touch,Ecran7 Plaisance,L145,"https://relay.mvtx.us/ticketing/dbz?code_theater=P0918&gid_entity=movie.movie._.276608&tags=Localization.Version.Original,BoostPos.Image.2D,Format.Projection.Digital,Showtime.Accessibility.Accessible&perfd=20260828&perft=17:45",toulouse
F0033,film,2026-08-28,Castelginest,Le Castelia,L146,"https://relay.mvtx.us/ticketing/dbz?code_theater=P0583&gid_entity=movie.movie._.1000023007&tags=Showtime.Accessibility.Subtitled,Localization.Version.Original,Showtime.Accessibility.Accessible,Format.Projection.Digital&perfd=20260828&perft=18:30&code=VO; SUBTITLE; DISABLED ACCESS",toulouse
F0001,film,2026-08-28,Castelginest,Le Castelia,L146,"https://relay.mvtx.us/ticketing/dbz?code_theater=P0583&gid_entity=movie.movie._.276608&tags=Localization.Language.French,Showtime.Accessibility.Accessible,Format.Projection.Digital&perfd=20260828&perft=21:00&code=VF; DISABLED ACCESS",toulouse
F0065,film,2026-08-28,Muret,Véo Muret,L147,"https://relay.mvtx.us/ticketing/dbz?code_theater=W3161&gid_entity=movie.movie._.1000043585&tags=Localization.Language.French,Format.Projection.Digital&perfd=20260828&perft=10:00",toulouse
F0108,film,2026-08-28,Muret,Véo Muret,L147,"https://relay.mvtx.us/ticketing/dbz?code_theater=W3161&gid_entity=movie.movie._.231700&tags=Localization.Language.French,Showtime.Accessibility.Dubbed,Format.Projection.Digital&perfd=20260828&perft=10:00",toulouse
F0001,film,2026-08-28,Muret,Véo Muret,L147,"https://relay.mvtx.us/ticketing/dbz?code_theater=W3161&gid_entity=movie.movie._.276608&tags=Localization.Language.French,Format.Projection.Digital&perfd=20260828&perft=10:40",toulouse
F0014,film,2026-08-28,Muret,Véo Muret,L147,"https://relay.mvtx.us/ticketing/dbz?code_theater=W3161&gid_entity=movie.movie._.316021&tags=Localization.Language.French,Showtime.Accessibility.Dubbed,Format.Projection.Digital&perfd=20260828&perft=10:50",toulouse
F0007,film,2026-08-28,Muret,Véo Muret,L147,"https://relay.mvtx.us/ticketing/dbz?code_theater=W3161&gid_entity=movie.movie._.257425&tags=Localization.Language.French,Showtime.Accessibility.Dubbed,Format.Projection.Digital&perfd=20260828&perft=11:00",toulouse
F0009,film,2026-08-28,Muret,Véo Muret,L147,"https://relay.mvtx.us/ticketing/dbz?code_theater=W3161&gid_entity=movie.movie._.320681&tags=Localization.Language.French,Showtime.Accessibility.Dubbed,Format.Projection.Digital&perfd=20260828&perft=11:00",toulouse
F0030,film,2026-08-28,Muret,Véo Muret,L147,"https://relay.mvtx.us/ticketing/dbz?code_theater=W3161&gid_entity=movie.movie._.1000019899&tags=Localization.Language.French,Showtime.Accessibility.Dubbed,Format.Projection.Digital&perfd=20260828&perft=11:00",toulouse
F0016,film,2026-08-28,Muret,Véo Muret,L147,"https://relay.mvtx.us/ticketing/dbz?code_theater=W3161&gid_entity=movie.movie._.313256&tags=Localization.Language.French,Showtime.Accessibility.Dubbed,Format.Projection.Digital&perfd=20260828&perft=11:00",toulouse
F0017,film,2026-08-28,Muret,Véo Muret,L147,"https://relay.mvtx.us/ticketing/dbz?code_theater=W3161&gid_entity=movie.movie._.314942&tags=Localization.Language.French,Showtime.Accessibility.Dubbed,Format.Projection.Digital&perfd=20260828&perft=11:00",toulouse
F0003,film,2026-08-28,Muret,Véo Muret,L147,"https://relay.mvtx.us/ticketing/dbz?code_theater=W3161&gid_entity=movie.movie._.1000014969&tags=Localization.Language.French,Showtime.Accessibility.Dubbed,Format.Projection.Digital&perfd=20260828&perft=13:30",toulouse
F0011,film,2026-08-28,Muret,Véo Muret,L147,"https://relay.mvtx.us/ticketing/dbz?code_theater=W3161&gid_entity=movie.movie._.1000002942&tags=Localization.Language.French,Showtime.Accessibility.Dubbed,Format.Projection.Digital&perfd=20260828&perft=13:30",toulouse
F0004,film,2026-08-28,Muret,Véo Muret,L147,"https://relay.mvtx.us/ticketing/dbz?code_theater=W3161&gid_entity=movie.movie._.1000032856&tags=Localization.Language.French,Format.Projection.Digital&perfd=20260828&perft=13:30",toulouse
F0008,film,2026-08-28,Muret,Véo Muret,L147,"https://relay.mvtx.us/ticketing/dbz?code_theater=W3161&gid_entity=movie.movie._.1000016503&tags=Localization.Language.French,Showtime.Accessibility.Dubbed,Format.Projection.Digital&perfd=20260828&perft=13:30",toulouse
F0013,film,2026-08-28,Muret,Véo Muret,L147,"https://relay.mvtx.us/ticketing/dbz?code_theater=W3161&gid_entity=movie.movie._.1000024105&tags=Localization.Language.French,Showtime.Accessibility.Dubbed,Format.Projection.Digital&perfd=20260828&perft=14:00",toulouse
F0005,film,2026-08-28,Muret,Véo Muret,L147,"https://relay.mvtx.us/ticketing/dbz?code_theater=W3161&gid_entity=movie.movie._.188280&tags=Localization.Version.Original,Format.Projection.Digital&perfd=20260828&perft=15:30",toulouse
F0004,film,2026-08-28,Castanet-Tolosan,MJC Ciné 113,L148,"https://relay.mvtx.us/ticketing/dbz?code_theater=P2235&gid_entity=movie.movie._.1000032856&tags=Localization.Language.French,Format.Projection.Digital&perfd=20260828&perft=10:15&code=VF",toulouse
F0146,film,2026-08-28,Castanet-Tolosan,MJC Ciné 113,L148,"https://relay.mvtx.us/ticketing/dbz?code_theater=P2235&gid_entity=movie.movie._.1000012952&tags=Localization.Language.French,Format.Projection.Digital&perfd=20260828&perft=14:15&code=VF",toulouse
F0029,film,2026-08-28,Castanet-Tolosan,MJC Ciné 113,L148,"https://relay.mvtx.us/ticketing/dbz?code_theater=P2235&gid_entity=movie.movie._.1000022546&tags=Localization.Language.French,Format.Projection.Digital&perfd=20260828&perft=17:15&code=VF",toulouse
F0099,film,2026-08-28,Castanet-Tolosan,MJC Ciné 113,L148,"https://relay.mvtx.us/ticketing/dbz?code_theater=P2235&gid_entity=movie.movie._.1000019673&tags=Localization.Language.French,Format.Projection.Digital&perfd=20260828&perft=20:15&code=VF",toulouse
A0264,live,2026-08-28,Poucharramet,Maison de la Terre,L152,https://www.lamaisondelaterre.fr/concert-cuma-samedi-28-aout-a-20h/,toulouse
A0265,live,2026-08-28,Poucharramet,Maison de la Terre,L152,https://www.lamaisondelaterre.fr/concert-deeplodocus-samedi-28-aout-a-21h30/,toulouse
A0266,live,2026-08-28,Buzet-sur-Tarn,La Promenade (Buzet-sur-Tarn),L155,https://www.hautegaronnetourisme.com/agenda/festival-31-notes-dete-buzet-sur-tarn/,toulouse
A0267,live,2026-08-28,Buzet-sur-Tarn,La Promenade (Buzet-sur-Tarn),L155,https://www.hautegaronnetourisme.com/agenda/festival-31-notes-dete-buzet-sur-tarn/,toulouse
A0268,live,2026-08-29,Toulouse,Chapelle des Carmélites,L071,https://monuments.toulouse.fr/saison-musicale-toulouse/,toulouse
A0088,live,2026-08-29,Ramonville-Saint-Agne,Le Bikini,L083,https://lebikini.com/,toulouse
A0089,live,2026-08-29,Ramonville-Saint-Agne,Le Bikini,L083,https://lebikini.com/,toulouse
A0090,live,2026-08-29,Ramonville-Saint-Agne,Le Bikini,L083,https://lebikini.com/,toulouse
A0091,live,2026-08-29,Ramonville-Saint-Agne,Le Bikini,L083,https://lebikini.com/,toulouse
A0092,live,2026-08-29,Aussonne,MEETT,L085,https://www.info-lux.com/horaires-rose-festival-2026-timetable-complete/themes/,toulouse
A0004,live,2026-08-29,Aussonne,MEETT,L085,https://www.info-lux.com/horaires-rose-festival-2026-timetable-complete/themes/,toulouse
A0093,live,2026-08-29,Aussonne,MEETT,L085,https://www.info-lux.com/horaires-rose-festival-2026-timetable-complete/themes/,toulouse
A0094,live,2026-08-29,Aussonne,MEETT,L085,https://www.info-lux.com/horaires-rose-festival-2026-timetable-complete/themes/,toulouse
A0095,live,2026-08-29,Aussonne,MEETT,L085,https://www.info-lux.com/horaires-rose-festival-2026-timetable-complete/themes/,toulouse
A0096,live,2026-08-29,Aussonne,MEETT,L085,https://www.info-lux.com/horaires-rose-festival-2026-timetable-complete/themes/,toulouse
A0097,live,2026-08-29,Aussonne,MEETT,L085,https://www.info-lux.com/horaires-rose-festival-2026-timetable-complete/themes/,toulouse
A0098,live,2026-08-29,Aussonne,MEETT,L085,https://www.info-lux.com/horaires-rose-festival-2026-timetable-complete/themes/,toulouse
A0099,live,2026-08-29,Aussonne,MEETT,L085,https://www.info-lux.com/horaires-rose-festival-2026-timetable-complete/themes/,toulouse
A0100,live,2026-08-29,Aussonne,MEETT,L085,https://www.info-lux.com/horaires-rose-festival-2026-timetable-complete/themes/,toulouse
A0269,live,2026-08-29,Aussonne,MEETT,L085,https://www.info-lux.com/horaires-rose-festival-2026-timetable-complete/themes/,toulouse
A0102,live,2026-08-29,Aussonne,MEETT,L085,https://www.info-lux.com/horaires-rose-festival-2026-timetable-complete/themes/,toulouse
A0103,live,2026-08-29,Aussonne,MEETT,L085,https://www.info-lux.com/horaires-rose-festival-2026-timetable-complete/themes/,toulouse
A0005,live,2026-08-29,Aussonne,MEETT,L085,https://www.info-lux.com/horaires-rose-festival-2026-timetable-complete/themes/,toulouse
A0104,live,2026-08-29,Aussonne,MEETT,L085,https://www.info-lux.com/horaires-rose-festival-2026-timetable-complete/themes/,toulouse
A0105,live,2026-08-29,Aussonne,MEETT,L085,https://www.info-lux.com/horaires-rose-festival-2026-timetable-complete/themes/,toulouse
A0106,live,2026-08-29,Aussonne,MEETT,L085,https://www.info-lux.com/horaires-rose-festival-2026-timetable-complete/themes/,toulouse
A0107,live,2026-08-29,Aussonne,MEETT,L085,https://www.info-lux.com/horaires-rose-festival-2026-timetable-complete/themes/,toulouse
A0108,live,2026-08-29,Aussonne,MEETT,L085,https://www.info-lux.com/horaires-rose-festival-2026-timetable-complete/themes/,toulouse
A0109,live,2026-08-29,Aussonne,MEETT,L085,https://www.info-lux.com/horaires-rose-festival-2026-timetable-complete/themes/,toulouse
A0110,live,2026-08-29,Aussonne,MEETT,L085,https://www.info-lux.com/horaires-rose-festival-2026-timetable-complete/themes/,toulouse
A0111,live,2026-08-29,Aussonne,MEETT,L085,https://www.info-lux.com/horaires-rose-festival-2026-timetable-complete/themes/,toulouse
A0112,live,2026-08-29,Aussonne,MEETT,L085,https://www.info-lux.com/horaires-rose-festival-2026-timetable-complete/themes/,toulouse
A0113,live,2026-08-29,Aussonne,MEETT,L085,https://www.info-lux.com/horaires-rose-festival-2026-timetable-complete/themes/,toulouse
A0114,live,2026-08-29,Aussonne,MEETT,L085,https://www.info-lux.com/horaires-rose-festival-2026-timetable-complete/themes/,toulouse
A0115,live,2026-08-29,Aussonne,MEETT,L085,https://www.info-lux.com/horaires-rose-festival-2026-timetable-complete/themes/,toulouse
A0116,live,2026-08-29,Aussonne,MEETT,L085,https://www.info-lux.com/horaires-rose-festival-2026-timetable-complete/themes/,toulouse
A0006,live,2026-08-29,Aussonne,MEETT,L085,https://www.info-lux.com/horaires-rose-festival-2026-timetable-complete/themes/,toulouse
A0117,live,2026-08-29,Aussonne,MEETT,L085,https://www.info-lux.com/horaires-rose-festival-2026-timetable-complete/themes/,toulouse
A0261,live,2026-08-29,Toulouse,Les Jardins de Candie,L092,https://lesjardinsdecandie.com/,toulouse
A0218,live,2026-08-29,Lacroix-Falgarde,L’Éphémère (Lacroix-Falgarde),L109,https://www.lephemereguinguette.com/evenement/?event=6158,toulouse
F0056,film,2026-08-29,Toulouse,Utopia Borderouge,L125,https://toulouse.cinemas-utopia.org/film/?id=13551,toulouse
F0005,film,2026-08-29,Toulouse,Utopia Borderouge,L125,https://toulouse.cinemas-utopia.org/film/?id=13457,toulouse
F0035,film,2026-08-29,Toulouse,Utopia Borderouge,L125,https://toulouse.cinemas-utopia.org/film/?id=13722,toulouse
F0049,film,2026-08-29,Toulouse,Utopia Borderouge,L125,https://toulouse.cinemas-utopia.org/film/?id=13765,toulouse
F0013,film,2026-08-29,Toulouse,Utopia Borderouge,L125,https://toulouse.cinemas-utopia.org/film/?id=13459,toulouse
F0051,film,2026-08-29,Toulouse,Utopia Borderouge,L125,https://toulouse.cinemas-utopia.org/film/?id=13341,toulouse
F0065,film,2026-08-29,Toulouse,Utopia Borderouge,L125,https://toulouse.cinemas-utopia.org/film/?id=13430,toulouse
F0040,film,2026-08-29,Toulouse,Utopia Borderouge,L125,https://toulouse.cinemas-utopia.org/film/?id=13042,toulouse
F0010,film,2026-08-29,Toulouse,Utopia Borderouge,L125,https://toulouse.cinemas-utopia.org/film/?id=13449,toulouse
F0002,film,2026-08-29,Toulouse,Utopia Borderouge,L125,https://toulouse.cinemas-utopia.org/film/?id=13767,toulouse
F0037,film,2026-08-29,Toulouse,Utopia Borderouge,L125,https://toulouse.cinemas-utopia.org/film/?id=13251,toulouse
F0046,film,2026-08-29,Toulouse,Utopia Borderouge,L125,https://toulouse.cinemas-utopia.org/film?id=13251,toulouse
F0034,film,2026-08-29,Toulouse,Utopia Borderouge,L125,https://toulouse.cinemas-utopia.org/film/?id=13462,toulouse
F0044,film,2026-08-29,Toulouse,Utopia Borderouge,L125,https://toulouse.cinemas-utopia.org/film?id=13462,toulouse
F0012,film,2026-08-29,Tournefeuille,Utopia Tournefeuille,L126,https://toulouse.cinemas-utopia.org/film/?id=13805,toulouse
F0013,film,2026-08-29,Tournefeuille,Utopia Tournefeuille,L126,https://toulouse.cinemas-utopia.org/film/?id=13459,toulouse
F0005,film,2026-08-29,Tournefeuille,Utopia Tournefeuille,L126,https://toulouse.cinemas-utopia.org/film/?id=13457,toulouse
F0067,film,2026-08-29,Tournefeuille,Utopia Tournefeuille,L126,https://toulouse.cinemas-utopia.org/film/?id=13760,toulouse
F0002,film,2026-08-29,Tournefeuille,Utopia Tournefeuille,L126,https://toulouse.cinemas-utopia.org/film/?id=13767,toulouse
F0010,film,2026-08-29,Tournefeuille,Utopia Tournefeuille,L126,https://toulouse.cinemas-utopia.org/film/?id=13449,toulouse
F0028,film,2026-08-29,Tournefeuille,Utopia Tournefeuille,L126,https://toulouse.cinemas-utopia.org/film/?id=13804,toulouse
F0049,film,2026-08-29,Tournefeuille,Utopia Tournefeuille,L126,https://toulouse.cinemas-utopia.org/film/?id=13765,toulouse
F0027,film,2026-08-29,Tournefeuille,Utopia Tournefeuille,L126,https://toulouse.cinemas-utopia.org/film/?id=13806,toulouse
F0026,film,2026-08-29,Toulouse,Cinéma ABC,L127,"https://relay.mvtx.us/ticketing/dbz?code_theater=P0071&gid_entity=movie.movie._.1000041528&tags=Localization.Language.French,Showtime.Accessibility.Accessible,Format.Projection.Digital&perfd=20260829&perft=12:50&code=VF; DISABLED ACCESS",toulouse
F0053,film,2026-08-29,Toulouse,Cinéma ABC,L127,"https://relay.mvtx.us/ticketing/dbz?code_theater=P0071&gid_entity=movie.movie._.316460&tags=Showtime.Accessibility.Subtitled,Localization.Version.Original,Showtime.Accessibility.Accessible,Format.Projection.Digital&perfd=20260829&perft=13:20&code=VO; SUBTITLE; DISABLED ACCESS",toulouse
F0050,film,2026-08-29,Toulouse,Cinéma ABC,L127,"https://relay.mvtx.us/ticketing/dbz?code_theater=P0071&gid_entity=movie.movie._.1000034332&tags=Showtime.Accessibility.Subtitled,Localization.Version.Original,Showtime.Accessibility.Accessible,Format.Projection.Digital&perfd=20260829&perft=14:30&code=VO; SUBTITLE; DISABLED ACCESS",toulouse
F0005,film,2026-08-29,Toulouse,Cinéma ABC,L127,"https://relay.mvtx.us/ticketing/dbz?code_theater=P0071&gid_entity=movie.movie._.188280&tags=Showtime.Accessibility.Subtitled,Localization.Version.Original,Showtime.Accessibility.Accessible,Format.Projection.Digital&perfd=20260829&perft=14:45&code=VO; SUBTITLE; DISABLED ACCESS",toulouse
F0012,film,2026-08-29,Toulouse,Cinéma ABC,L127,"https://relay.mvtx.us/ticketing/dbz?code_theater=P0071&gid_entity=movie.movie._.327993&tags=Localization.Language.French,Showtime.Accessibility.Accessible,Format.Projection.Digital&perfd=20260829&perft=15:40&code=VF; DISABLED ACCESS",toulouse
F0042,film,2026-08-29,Toulouse,Cinéma ABC,L127,"https://relay.mvtx.us/ticketing/dbz?code_theater=P0071&gid_entity=movie.movie._.308394&tags=Showtime.Accessibility.Subtitled,Localization.Version.Original,Showtime.Accessibility.Accessible,Format.Projection.Digital&perfd=20260829&perft=16:30&code=VO; SUBTITLE; DISABLED ACCESS",toulouse
F0058,film,2026-08-29,Toulouse,Cinéma ABC,L127,"https://relay.mvtx.us/ticketing/dbz?code_theater=P0071&gid_entity=movie.movie._.1000032278&tags=Showtime.Accessibility.Subtitled,Localization.Version.Original,Showtime.Accessibility.Accessible,Format.Projection.Digital&perfd=20260829&perft=18:15&code=VO; SUBTITLE; DISABLED ACCESS",toulouse
F0101,film,2026-08-29,Toulouse,Cinéma ABC,L127,https://abc-toulouse.fr/1262-wake-in-fright-reveil-dans-la-terreur.html,toulouse
F0075,film,2026-08-29,Toulouse,Cinéma ABC,L127,"https://relay.mvtx.us/ticketing/dbz?code_theater=P0071&gid_entity=movie.movie._.6796&tags=Showtime.Accessibility.Subtitled,Localization.Version.Original,Showtime.Accessibility.Accessible,Format.Projection.Digital&perfd=20260829&perft=21:00&code=VO; SUBTITLE; DISABLED ACCESS",toulouse
F0226,film,2026-08-29,Toulouse,Le Cratère,L128,"https://relay.mvtx.us/ticketing/dbz?code_theater=P0056&gid_entity=movie.movie._.1681&tags=Localization.Version.Original,Format.Projection.Digital&perfd=20260829&perft=10:00&code=VO",toulouse
F0140,film,2026-08-29,Toulouse,Le Cratère,L128,"https://relay.mvtx.us/ticketing/dbz?code_theater=P0056&gid_entity=movie.movie._.1000007567&tags=Localization.Version.Original,Format.Projection.Digital&perfd=20260829&perft=12:15&code=VO",toulouse
F0078,film,2026-08-29,Toulouse,Le Cratère,L128,"https://relay.mvtx.us/ticketing/dbz?code_theater=P0056&gid_entity=movie.movie._.305835&tags=Localization.Version.Original,Format.Projection.Digital&perfd=20260829&perft=13:55&code=VO",toulouse
F0081,film,2026-08-29,Toulouse,Le Cratère,L128,"https://relay.mvtx.us/ticketing/dbz?code_theater=P0056&gid_entity=movie.movie._.1000016375&tags=Localization.Language.French,Format.Projection.Digital&perfd=20260829&perft=16:45&code=VF",toulouse
F0070,film,2026-08-29,Toulouse,Le Cratère,L128,"https://relay.mvtx.us/ticketing/dbz?code_theater=P0056&gid_entity=movie.movie._.289867&tags=Localization.Version.Original,Format.Projection.Digital&perfd=20260829&perft=17:35&code=VO",toulouse
F0111,film,2026-08-29,Toulouse,Le Cratère,L128,"https://relay.mvtx.us/ticketing/dbz?code_theater=P0056&gid_entity=movie.movie._.271212&tags=Localization.Version.Original,Format.Projection.Digital&perfd=20260829&perft=19:40&code=VO",toulouse
A0118,live,2026-08-29,Toulouse,Halle de la Machine,L130,https://www.halledelamachine.fr/evenements/halle-night-long/,toulouse
F0136,film,2026-08-29,Toulouse,Cinémathèque de Toulouse,L131,https://www.lacinemathequedetoulouse.com/programmation/agenda,toulouse
F0419,film,2026-08-29,Toulouse,Cinémathèque de Toulouse,L131,https://www.lacinemathequedetoulouse.com/programmation/agenda,toulouse
F0418,film,2026-08-29,Toulouse,Cinémathèque de Toulouse,L131,"https://relay.mvtx.us/ticketing/dbz?code_theater=P0062&gid_entity=movie.movie._.881&tags=Showtime.Accessibility.Subtitled,Localization.Version.Original,Format.Projection.Digital&perfd=20260829&perft=21:30&code=VO; SUBTITLE",toulouse
F0003,film,2026-08-29,Toulouse,Pathé Toulouse Wilson,L137,,toulouse
F0012,film,2026-08-29,Toulouse,Pathé Toulouse Wilson,L137,,toulouse
F0002,film,2026-08-29,Toulouse,Pathé Toulouse Wilson,L137,,toulouse
F0001,film,2026-08-29,Toulouse,Pathé Toulouse Wilson,L137,,toulouse
F0017,film,2026-08-29,Toulouse,Pathé Toulouse Wilson,L137,,toulouse
F0007,film,2026-08-29,Toulouse,Pathé Toulouse Wilson,L137,,toulouse
F0094,film,2026-08-29,Toulouse,Pathé Toulouse Wilson,L137,,toulouse
F0004,film,2026-08-29,Toulouse,Pathé Toulouse Wilson,L137,,toulouse
F0014,film,2026-08-29,Toulouse,Pathé Toulouse Wilson,L137,,toulouse
F0005,film,2026-08-29,Toulouse,Pathé Toulouse Wilson,L137,,toulouse
F0006,film,2026-08-29,Toulouse,Pathé Toulouse Wilson,L137,,toulouse
F0010,film,2026-08-29,Toulouse,Pathé Toulouse Wilson,L137,,toulouse
F0076,film,2026-08-29,Toulouse,Pathé Toulouse Wilson,L137,,toulouse
F0131,film,2026-08-29,Toulouse,Pathé Toulouse Wilson,L137,,toulouse
F0020,film,2026-08-29,Toulouse,Pathé Toulouse Wilson,L137,,toulouse
F0002,film,2026-08-29,Labège,Pathé Toulouse Labège,L138,,toulouse
F0094,film,2026-08-29,Labège,Pathé Toulouse Labège,L138,,toulouse
F0003,film,2026-08-29,Labège,Pathé Toulouse Labège,L138,,toulouse
F0001,film,2026-08-29,Labège,Pathé Toulouse Labège,L138,,toulouse
F0015,film,2026-08-29,Labège,Pathé Toulouse Labège,L138,,toulouse
F0009,film,2026-08-29,Labège,Pathé Toulouse Labège,L138,,toulouse
F0017,film,2026-08-29,Labège,Pathé Toulouse Labège,L138,,toulouse
F0007,film,2026-08-29,Labège,Pathé Toulouse Labège,L138,,toulouse
F0004,film,2026-08-29,Labège,Pathé Toulouse Labège,L138,,toulouse
F0006,film,2026-08-29,Labège,Pathé Toulouse Labège,L138,,toulouse
F0008,film,2026-08-29,Labège,Pathé Toulouse Labège,L138,,toulouse
F0016,film,2026-08-29,Labège,Pathé Toulouse Labège,L138,,toulouse
F0019,film,2026-08-29,Labège,Pathé Toulouse Labège,L138,,toulouse
F0011,film,2026-08-29,Labège,Pathé Toulouse Labège,L138,,toulouse
F0021,film,2026-08-29,Labège,Pathé Toulouse Labège,L138,,toulouse
F0002,film,2026-08-29,Blagnac,CGR Blagnac,L139,"https://relay.mvtx.us/ticketing/dbz?code_theater=P0692&gid_entity=movie.movie._.1000013045&tags=Localization.Language.French,Showtime.Accessibility.Accessible&perfd=20260829&perft=10:30&code=Accès PMR; VF;",toulouse
F0001,film,2026-08-29,Blagnac,CGR Blagnac,L139,"https://relay.mvtx.us/ticketing/dbz?code_theater=P0692&gid_entity=movie.movie._.276608&tags=Localization.Language.French,Showtime.Accessibility.Accessible,Auditorium.Experience.DolbyAtmos&perfd=20260829&perft=10:30&code=Accès PMR; Dolby Atmos; VF;",toulouse
F0054,film,2026-08-29,Blagnac,CGR Blagnac,L139,"https://relay.mvtx.us/ticketing/dbz?code_theater=P0692&gid_entity=movie.movie._.29276&tags=Localization.Language.French,Showtime.Accessibility.Accessible&perfd=20260829&perft=10:30&code=Accès PMR; VF;",toulouse
F0081,film,2026-08-29,Blagnac,CGR Blagnac,L139,"https://relay.mvtx.us/ticketing/dbz?code_theater=P0692&gid_entity=movie.movie._.1000016375&tags=Localization.Language.French,Showtime.Accessibility.Accessible&perfd=20260829&perft=10:30&code=Accès PMR; VF;",toulouse
F0014,film,2026-08-29,Blagnac,CGR Blagnac,L139,"https://relay.mvtx.us/ticketing/dbz?code_theater=P0692&gid_entity=movie.movie._.316021&tags=Localization.Language.French,Showtime.Accessibility.Accessible&perfd=20260829&perft=10:40&code=Accès PMR; VF;",toulouse
F0017,film,2026-08-29,Blagnac,CGR Blagnac,L139,"https://relay.mvtx.us/ticketing/dbz?code_theater=P0692&gid_entity=movie.movie._.314942&tags=Localization.Language.French,Showtime.Accessibility.Accessible&perfd=20260829&perft=10:40&code=Accès PMR; VF;",toulouse
F0003,film,2026-08-29,Blagnac,CGR Blagnac,L139,"https://relay.mvtx.us/ticketing/dbz?code_theater=P0692&gid_entity=movie.movie._.1000014969&tags=Localization.Language.French,Showtime.Accessibility.Accessible&perfd=20260829&perft=10:45&code=Accès PMR; VF;",toulouse
F0007,film,2026-08-29,Blagnac,CGR Blagnac,L139,"https://relay.mvtx.us/ticketing/dbz?code_theater=P0692&gid_entity=movie.movie._.257425&tags=Localization.Language.French,Showtime.Accessibility.Accessible&perfd=20260829&perft=10:45&code=Accès PMR; VF;",toulouse
F0009,film,2026-08-29,Blagnac,CGR Blagnac,L139,"https://relay.mvtx.us/ticketing/dbz?code_theater=P0692&gid_entity=movie.movie._.320681&tags=Localization.Language.French,Showtime.Accessibility.Accessible&perfd=20260829&perft=10:45&code=Accès PMR; VF;",toulouse
F0016,film,2026-08-29,Blagnac,CGR Blagnac,L139,"https://relay.mvtx.us/ticketing/dbz?code_theater=P0692&gid_entity=movie.movie._.313256&tags=Localization.Language.French,Showtime.Accessibility.Accessible&perfd=20260829&perft=10:45&code=Accès PMR; VF;",toulouse
F0024,film,2026-08-29,Blagnac,CGR Blagnac,L139,"https://relay.mvtx.us/ticketing/dbz?code_theater=P0692&gid_entity=movie.movie._.315380&tags=Localization.Language.French,Showtime.Accessibility.Accessible&perfd=20260829&perft=10:45&code=Accès PMR; VF;",toulouse
F0004,film,2026-08-29,Blagnac,CGR Blagnac,L139,"https://relay.mvtx.us/ticketing/dbz?code_theater=P0692&gid_entity=movie.movie._.1000032856&tags=Localization.Language.French,Showtime.Accessibility.Accessible&perfd=20260829&perft=11:00&code=Accès PMR; VF;",toulouse
F0029,film,2026-08-29,Blagnac,CGR Blagnac,L139,"https://relay.mvtx.us/ticketing/dbz?code_theater=P0692&gid_entity=movie.movie._.1000022546&tags=Localization.Language.French,Showtime.Accessibility.Accessible&perfd=20260829&perft=11:00&code=Accès PMR; VF;",toulouse
F0076,film,2026-08-29,Blagnac,CGR Blagnac,L139,"https://relay.mvtx.us/ticketing/dbz?code_theater=P0692&gid_entity=movie.movie._.1000019382&tags=Showtime.Accessibility.Accessible,Localization.Version.Original,Showtime.Accessibility.Subtitled&perfd=20260829&perft=11:00&code=Accès PMR; VOST;",toulouse
F0019,film,2026-08-29,Blagnac,CGR Blagnac,L139,"https://relay.mvtx.us/ticketing/dbz?code_theater=P0692&gid_entity=movie.movie._.321617&tags=Localization.Language.French,Showtime.Accessibility.Accessible&perfd=20260829&perft=13:30&code=Accès PMR; VF;",toulouse
F0003,film,2026-08-29,Fenouillet,Kinepolis Fenouillet,L140,https://relay.mvtx.us/ticketing/dbz?code_theater=W3115&gid_entity=movie.movie._.1000014969&tags=Format.Projection.Digital&perfd=20260829&perft=13:30&code=Version Francaise; 2D,toulouse
F0015,film,2026-08-29,Fenouillet,Kinepolis Fenouillet,L140,https://relay.mvtx.us/ticketing/dbz?code_theater=W3115&gid_entity=movie.movie._.294281&tags=Format.Projection.Digital&perfd=20260829&perft=13:30&code=Version Francaise; 2D,toulouse
F0001,film,2026-08-29,Fenouillet,Kinepolis Fenouillet,L140,https://relay.mvtx.us/ticketing/dbz?code_theater=W3115&gid_entity=movie.movie._.276608&tags=Format.Projection.Digital&perfd=20260829&perft=13:35&code=Version Francaise; 2D Laser Ultra,toulouse
F0008,film,2026-08-29,Fenouillet,Kinepolis Fenouillet,L140,https://relay.mvtx.us/ticketing/dbz?code_theater=W3115&gid_entity=movie.movie._.1000016503&tags=Format.Projection.Digital&perfd=20260829&perft=13:35&code=Version Francaise; 2D,toulouse
F0009,film,2026-08-29,Fenouillet,Kinepolis Fenouillet,L140,https://relay.mvtx.us/ticketing/dbz?code_theater=W3115&gid_entity=movie.movie._.320681&tags=Format.Projection.Digital&perfd=20260829&perft=13:40&code=Version Francaise; 2D,toulouse
F0007,film,2026-08-29,Fenouillet,Kinepolis Fenouillet,L140,https://relay.mvtx.us/ticketing/dbz?code_theater=W3115&gid_entity=movie.movie._.257425&tags=Format.Projection.Digital&perfd=20260829&perft=13:45&code=Version Francaise; 2D,toulouse
F0004,film,2026-08-29,Fenouillet,Kinepolis Fenouillet,L140,https://relay.mvtx.us/ticketing/dbz?code_theater=W3115&gid_entity=movie.movie._.1000032856&tags=Format.Projection.Digital&perfd=20260829&perft=13:45&code=Version Francaise; 2D,toulouse
F0006,film,2026-08-29,Fenouillet,Kinepolis Fenouillet,L140,https://relay.mvtx.us/ticketing/dbz?code_theater=W3115&gid_entity=movie.movie._.314503&tags=Format.Projection.Digital&perfd=20260829&perft=15:40&code=Version Francaise; 2D,toulouse
F0002,film,2026-08-29,Fenouillet,Kinepolis Fenouillet,L140,https://relay.mvtx.us/ticketing/dbz?code_theater=W3115&gid_entity=movie.movie._.1000013045&tags=Format.Projection.Digital&perfd=20260829&perft=16:40&code=Version Francaise; 2D,toulouse
F0017,film,2026-08-29,Fenouillet,Kinepolis Fenouillet,L140,https://relay.mvtx.us/ticketing/dbz?code_theater=W3115&gid_entity=movie.movie._.314942&tags=Format.Projection.Digital&perfd=20260829&perft=17:50&code=Version Francaise; 2D,toulouse
F0011,film,2026-08-29,Fenouillet,Kinepolis Fenouillet,L140,https://relay.mvtx.us/ticketing/dbz?code_theater=W3115&gid_entity=movie.movie._.1000002942&tags=Format.Projection.Digital&perfd=20260829&perft=18:00&code=Version Francaise; 2D,toulouse
F0021,film,2026-08-29,Fenouillet,Kinepolis Fenouillet,L140,https://relay.mvtx.us/ticketing/dbz?code_theater=W3115&gid_entity=movie.movie._.1000033718&tags=Format.Projection.Digital&perfd=20260829&perft=18:05&code=Version Francaise; 2D,toulouse
F0030,film,2026-08-29,Fenouillet,Kinepolis Fenouillet,L140,https://relay.mvtx.us/ticketing/dbz?code_theater=W3115&gid_entity=movie.movie._.1000019899&tags=Format.Projection.Digital&perfd=20260829&perft=22:35&code=Version Francaise; 2D,toulouse
F0028,film,2026-08-29,Toulouse,American Cosmograph,L141,https://american-cosmograph.fr/les-horaires.html,toulouse
F0108,film,2026-08-29,Toulouse,American Cosmograph,L141,https://american-cosmograph.fr/les-horaires.html,toulouse
F0013,film,2026-08-29,Toulouse,American Cosmograph,L141,https://american-cosmograph.fr/soudain.html,toulouse
F0027,film,2026-08-29,Toulouse,American Cosmograph,L141,https://american-cosmograph.fr/decorado.html,toulouse
F0002,film,2026-08-29,Toulouse,American Cosmograph,L141,https://american-cosmograph.fr/les-horaires.html,toulouse
F0063,film,2026-08-29,Toulouse,American Cosmograph,L141,https://american-cosmograph.fr/les-horaires.html,toulouse
F0054,film,2026-08-29,Toulouse,UGC Montaudran,L142,"https://relay.mvtx.us/ticketing/dbz?code_theater=W3140&gid_entity=movie.movie._.29276&tags=Showtime.Accessibility.Accessible,Localization.Subtitle.French,Localization.Version.Original,Format.Projection.Digital&perfd=20260829&perft=11:00&code=PMR; 2D; VO; ",toulouse
F0085,film,2026-08-29,Toulouse,UGC Montaudran,L142,https://www.ugc.fr/cinema-ugc-montaudran.html,toulouse
F0314,film,2026-08-29,Toulouse,UGC Montaudran,L142,https://www.ugc.fr/film.html?id=4405&cinemaId=56,toulouse
F0009,film,2026-08-29,Toulouse,UGC Montaudran,L142,"https://relay.mvtx.us/ticketing/dbz?code_theater=W3140&gid_entity=movie.movie._.320681&tags=Showtime.Accessibility.Accessible,Localization.Version.French,Format.Projection.Digital&perfd=20260829&perft=13:20&code=apd03a; PMR; 2D; VF; ",toulouse
F0004,film,2026-08-29,Toulouse,UGC Montaudran,L142,"https://relay.mvtx.us/ticketing/dbz?code_theater=W3140&gid_entity=movie.movie._.1000032856&tags=Showtime.Accessibility.Accessible,Localization.Version.French,Format.Projection.Digital&perfd=20260829&perft=13:45&code=SME; AUDIO; PMR; 2D; VF; ",toulouse
F0003,film,2026-08-29,Toulouse,UGC Montaudran,L142,"https://relay.mvtx.us/ticketing/dbz?code_theater=W3140&gid_entity=movie.movie._.1000014969&tags=Showtime.Accessibility.Accessible,Localization.Version.French,Format.Projection.Digital&perfd=20260829&perft=14:00&code=SME; AUDIO; GRETA; PMR; 2D; VF; ",toulouse
F0007,film,2026-08-29,Toulouse,UGC Montaudran,L142,"https://relay.mvtx.us/ticketing/dbz?code_theater=W3140&gid_entity=movie.movie._.257425&tags=Showtime.Accessibility.Accessible,Localization.Version.French,Format.Projection.Digital&perfd=20260829&perft=14:00&code=apd06a; PMR; 2D; VF; ",toulouse
F0002,film,2026-08-29,Toulouse,UGC Montaudran,L142,"https://relay.mvtx.us/ticketing/dbz?code_theater=W3140&gid_entity=movie.movie._.1000013045&tags=Showtime.Accessibility.Accessible,Localization.Subtitle.French,Localization.Version.Original,Format.Projection.Digital&perfd=20260829&perft=14:00&code=SME; AUDIO; GRETA; PMR; 2D; VO; ",toulouse
F0005,film,2026-08-29,Toulouse,UGC Montaudran,L142,"https://relay.mvtx.us/ticketing/dbz?code_theater=W3140&gid_entity=movie.movie._.188280&tags=Showtime.Accessibility.Accessible,Localization.Subtitle.French,Localization.Version.Original,Format.Projection.Digital&perfd=20260829&perft=14:10&code=PMR; 2D; VO; ",toulouse
F0087,film,2026-08-29,Toulouse,UGC Montaudran,L142,"https://relay.mvtx.us/ticketing/dbz?code_theater=W3140&gid_entity=movie.movie._.41245&tags=Showtime.Accessibility.Accessible,Localization.Subtitle.French,Localization.Version.Original,Format.Projection.Digital&perfd=20260829&perft=14:30&code=PMR; 2D; VO; ",toulouse
F0315,film,2026-08-29,Toulouse,UGC Montaudran,L142,https://www.ugc.fr/film.html?id=4791&cinemaId=56,toulouse
F0001,film,2026-08-29,Toulouse,UGC Montaudran,L142,"https://relay.mvtx.us/ticketing/dbz?code_theater=W3140&gid_entity=movie.movie._.276608&tags=Showtime.Accessibility.Accessible,Localization.Version.French,Format.Projection.Digital&perfd=20260829&perft=15:15&code=SME; AUDIO; GRETA; PMR; 2D; VF; ",toulouse
F0016,film,2026-08-29,Toulouse,UGC Montaudran,L142,"https://relay.mvtx.us/ticketing/dbz?code_theater=W3140&gid_entity=movie.movie._.313256&tags=Showtime.Accessibility.Accessible,Localization.Version.French,Format.Projection.Digital&perfd=20260829&perft=15:45&code=SME; AUDIO; GRETA; apd06a; PMR; 2D; VF; ",toulouse
F0095,film,2026-08-29,Toulouse,UGC Montaudran,L142,"https://relay.mvtx.us/ticketing/dbz?code_theater=W3140&gid_entity=movie.movie._.46865&tags=Showtime.Accessibility.Accessible,Localization.Subtitle.French,Localization.Version.Original,Format.Projection.Digital&perfd=20260829&perft=18:00&code=PMR; 2D; VO; ",toulouse
F0316,film,2026-08-29,Toulouse,UGC Montaudran,L142,https://www.ugc.fr/film.html?id=5479&cinemaId=56,toulouse
F0094,film,2026-08-29,Toulouse,UGC Montaudran,L142,"https://relay.mvtx.us/ticketing/dbz?code_theater=W3140&gid_entity=movie.movie._.53756&tags=Showtime.Accessibility.Accessible,Localization.Subtitle.French,Localization.Version.Original,Format.Projection.Digital&perfd=20260829&perft=21:00&code=PMR; 2D; VO; ",toulouse
F0317,film,2026-08-29,Toulouse,UGC Montaudran,L142,https://www.ugc.fr/film.html?id=6122&cinemaId=56,toulouse
F0006,film,2026-08-29,Toulouse,UGC Montaudran,L142,"https://relay.mvtx.us/ticketing/dbz?code_theater=W3140&gid_entity=movie.movie._.314503&tags=Showtime.Accessibility.Accessible,Localization.Version.French,Format.Projection.Digital&perfd=20260829&perft=22:00&code=SME; AUDIO; GRETA; PMR; 2D; VF; ",toulouse
F0009,film,2026-08-29,Ramonville-Saint-Agne,L'Autan,L143,"https://relay.mvtx.us/ticketing/dbz?code_theater=P0881&gid_entity=movie.movie._.320681&tags=Localization.Language.French,Showtime.Accessibility.Accessible,Format.Projection.Digital&perfd=20260829&perft=16:00&code=VF; DISABLED ACCESS",toulouse
F0164,film,2026-08-29,Ramonville-Saint-Agne,L'Autan,L143,"https://relay.mvtx.us/ticketing/dbz?code_theater=P0881&gid_entity=movie.movie._.1000018041&tags=Showtime.Accessibility.Subtitled,Localization.Version.Original,Showtime.Accessibility.Accessible,Format.Projection.Digital&perfd=20260829&perft=18:00&code=VO; SUBTITLE; DISABLED ACCESS",toulouse
F0010,film,2026-08-29,Ramonville-Saint-Agne,L'Autan,L143,"https://relay.mvtx.us/ticketing/dbz?code_theater=P0881&gid_entity=movie.movie._.1000037046&tags=Localization.Language.French,Showtime.Accessibility.Accessible,Format.Projection.Digital&perfd=20260829&perft=21:00&code=VF; DISABLED ACCESS",toulouse
F0020,film,2026-08-29,Colomiers,Véo Grand Central Colomiers,L144,"https://relay.mvtx.us/ticketing/dbz?code_theater=P6864&gid_entity=movie.movie._.294280&tags=Localization.Language.French,Format.Projection.Digital,Format.Sound.71&perfd=20260829&perft=10:40",toulouse
F0007,film,2026-08-29,Colomiers,Véo Grand Central Colomiers,L144,"https://relay.mvtx.us/ticketing/dbz?code_theater=P6864&gid_entity=movie.movie._.257425&tags=Localization.Language.French,Showtime.Accessibility.Dubbed,Format.Projection.Digital&perfd=20260829&perft=11:00",toulouse
F0009,film,2026-08-29,Colomiers,Véo Grand Central Colomiers,L144,"https://relay.mvtx.us/ticketing/dbz?code_theater=P6864&gid_entity=movie.movie._.320681&tags=Localization.Language.French,Showtime.Accessibility.Dubbed,Format.Projection.Digital&perfd=20260829&perft=11:00",toulouse
F0017,film,2026-08-29,Colomiers,Véo Grand Central Colomiers,L144,"https://relay.mvtx.us/ticketing/dbz?code_theater=P6864&gid_entity=movie.movie._.314942&tags=Localization.Language.French,Showtime.Accessibility.Dubbed,Format.Projection.Digital,Format.Sound.71&perfd=20260829&perft=11:00",toulouse
F0056,film,2026-08-29,Colomiers,Véo Grand Central Colomiers,L144,"https://relay.mvtx.us/ticketing/dbz?code_theater=P6864&gid_entity=movie.movie._.1000014327&tags=Localization.Version.Original,Format.Projection.Digital&perfd=20260829&perft=11:00",toulouse
F0005,film,2026-08-29,Colomiers,Véo Grand Central Colomiers,L144,"https://relay.mvtx.us/ticketing/dbz?code_theater=P6864&gid_entity=movie.movie._.188280&tags=Localization.Version.Original,Format.Projection.Digital&perfd=20260829&perft=13:30",toulouse
F0050,film,2026-08-29,Colomiers,Véo Grand Central Colomiers,L144,"https://relay.mvtx.us/ticketing/dbz?code_theater=P6864&gid_entity=movie.movie._.1000034332&tags=Localization.Language.French,Format.Projection.Digital&perfd=20260829&perft=13:30",toulouse
F0024,film,2026-08-29,Colomiers,Véo Grand Central Colomiers,L144,"https://relay.mvtx.us/ticketing/dbz?code_theater=P6864&gid_entity=movie.movie._.315380&tags=Localization.Language.French,Showtime.Accessibility.Dubbed,Format.Projection.Digital,Format.Sound.71&perfd=20260829&perft=13:45",toulouse
F0033,film,2026-08-29,Colomiers,Véo Grand Central Colomiers,L144,"https://relay.mvtx.us/ticketing/dbz?code_theater=P6864&gid_entity=movie.movie._.1000023007&tags=Localization.Version.Original,Format.Projection.Digital&perfd=20260829&perft=13:45",toulouse
F0001,film,2026-08-29,Colomiers,Véo Grand Central Colomiers,L144,"https://relay.mvtx.us/ticketing/dbz?code_theater=P6864&gid_entity=movie.movie._.276608&tags=Localization.Language.French,Showtime.Accessibility.Dubbed,Format.Projection.Digital,Format.Sound.71&perfd=20260829&perft=15:20",toulouse
F0013,film,2026-08-29,Colomiers,Véo Grand Central Colomiers,L144,"https://relay.mvtx.us/ticketing/dbz?code_theater=P6864&gid_entity=movie.movie._.1000024105&tags=Localization.Version.Original,Format.Projection.Digital&perfd=20260829&perft=15:30",toulouse
F0004,film,2026-08-29,Colomiers,Véo Grand Central Colomiers,L144,"https://relay.mvtx.us/ticketing/dbz?code_theater=P6864&gid_entity=movie.movie._.1000032856&tags=Localization.Language.French,Format.Projection.Digital&perfd=20260829&perft=16:15",toulouse
F0002,film,2026-08-29,Colomiers,Véo Grand Central Colomiers,L144,"https://relay.mvtx.us/ticketing/dbz?code_theater=P6864&gid_entity=movie.movie._.1000013045&tags=Localization.Version.Original,Format.Projection.Digital,Format.Sound.71&perfd=20260829&perft=17:40",toulouse
F0403,film,2026-08-29,Colomiers,Véo Grand Central Colomiers,L144,"https://relay.mvtx.us/ticketing/dbz?code_theater=P6864&gid_entity=movie.movie._.1000032798&tags=Localization.Version.Original,Format.Projection.Digital&perfd=20260829&perft=18:00",toulouse
F0428,film,2026-08-29,Colomiers,Véo Grand Central Colomiers,L144,"https://relay.mvtx.us/ticketing/dbz?code_theater=P6864&gid_entity=movie.movie._.1000014638&tags=Localization.Version.Original,Format.Projection.Digital&perfd=20260829&perft=21:00",toulouse
F0004,film,2026-08-29,Plaisance-du-Touch,Ecran7 Plaisance,L145,"https://relay.mvtx.us/ticketing/dbz?code_theater=P0918&gid_entity=movie.movie._.1000032856&tags=Localization.Language.French,Format.Projection.Digital,Showtime.Accessibility.Accessible&perfd=20260829&perft=13:45",toulouse
F0009,film,2026-08-29,Plaisance-du-Touch,Ecran7 Plaisance,L145,"https://relay.mvtx.us/ticketing/dbz?code_theater=P0918&gid_entity=movie.movie._.320681&tags=Localization.Language.French,Showtime.Accessibility.Dubbed,Format.Projection.Digital,Showtime.Accessibility.Accessible&perfd=20260829&perft=13:45",toulouse
F0024,film,2026-08-29,Plaisance-du-Touch,Ecran7 Plaisance,L145,"https://relay.mvtx.us/ticketing/dbz?code_theater=P0918&gid_entity=movie.movie._.315380&tags=Localization.Language.French,Showtime.Accessibility.Dubbed,BoostPos.Image.2D,Format.Projection.Digital,Showtime.Accessibility.Accessible&perfd=20260829&perft=14:00",toulouse
F0020,film,2026-08-29,Plaisance-du-Touch,Ecran7 Plaisance,L145,"https://relay.mvtx.us/ticketing/dbz?code_theater=P0918&gid_entity=movie.movie._.294280&tags=Localization.Language.French,Format.Projection.Digital,Showtime.Accessibility.Accessible&perfd=20260829&perft=15:30",toulouse
F0006,film,2026-08-29,Plaisance-du-Touch,Ecran7 Plaisance,L145,"https://relay.mvtx.us/ticketing/dbz?code_theater=P0918&gid_entity=movie.movie._.314503&tags=Localization.Language.French,Showtime.Accessibility.Dubbed,Format.Projection.Digital,Showtime.Accessibility.Accessible&perfd=20260829&perft=16:00",toulouse
F0001,film,2026-08-29,Plaisance-du-Touch,Ecran7 Plaisance,L145,"https://relay.mvtx.us/ticketing/dbz?code_theater=P0918&gid_entity=movie.movie._.276608&tags=Localization.Language.French,Showtime.Accessibility.Dubbed,BoostPos.Image.2D,Format.Projection.Digital,Showtime.Accessibility.Accessible&perfd=20260829&perft=18:00",toulouse
F0015,film,2026-08-29,Plaisance-du-Touch,Ecran7 Plaisance,L145,"https://relay.mvtx.us/ticketing/dbz?code_theater=P0918&gid_entity=movie.movie._.294281&tags=Localization.Language.French,Format.Projection.Digital,Showtime.Accessibility.Accessible&perfd=20260829&perft=18:00",toulouse
F0029,film,2026-08-29,Plaisance-du-Touch,Ecran7 Plaisance,L145,"https://relay.mvtx.us/ticketing/dbz?code_theater=P0918&gid_entity=movie.movie._.1000022546&tags=Localization.Language.French,Format.Projection.Digital,Showtime.Accessibility.Accessible&perfd=20260829&perft=18:30",toulouse
F0002,film,2026-08-29,Plaisance-du-Touch,Ecran7 Plaisance,L145,"https://relay.mvtx.us/ticketing/dbz?code_theater=P0918&gid_entity=movie.movie._.1000013045&tags=Localization.Language.French,Showtime.Accessibility.Dubbed,Format.Projection.Digital,Showtime.Accessibility.Accessible&perfd=20260829&perft=20:30",toulouse
F0001,film,2026-08-29,Castelginest,Le Castelia,L146,"https://relay.mvtx.us/ticketing/dbz?code_theater=P0583&gid_entity=movie.movie._.276608&tags=Showtime.Accessibility.Subtitled,Localization.Version.Original,Showtime.Accessibility.Accessible,Format.Projection.Digital&perfd=20260829&perft=14:00&code=VO; SUBTITLE; DISABLED ACCESS",toulouse
F0002,film,2026-08-29,Castelginest,Le Castelia,L146,"https://relay.mvtx.us/ticketing/dbz?code_theater=P0583&gid_entity=movie.movie._.1000013045&tags=Localization.Language.French,Showtime.Accessibility.Accessible,Format.Projection.Digital&perfd=20260829&perft=17:15&code=VF; DISABLED ACCESS",toulouse
F0029,film,2026-08-29,Castelginest,Le Castelia,L146,"https://relay.mvtx.us/ticketing/dbz?code_theater=P0583&gid_entity=movie.movie._.1000022546&tags=Localization.Language.French,Showtime.Accessibility.Accessible,Format.Projection.Digital&perfd=20260829&perft=21:00&code=VF; DISABLED ACCESS",toulouse
F0014,film,2026-08-29,Muret,Véo Muret,L147,"https://relay.mvtx.us/ticketing/dbz?code_theater=W3161&gid_entity=movie.movie._.316021&tags=Localization.Language.French,Showtime.Accessibility.Dubbed,Format.Projection.Digital&perfd=20260829&perft=10:50",toulouse
F0007,film,2026-08-29,Muret,Véo Muret,L147,"https://relay.mvtx.us/ticketing/dbz?code_theater=W3161&gid_entity=movie.movie._.257425&tags=Localization.Language.French,Showtime.Accessibility.Dubbed,Format.Projection.Digital&perfd=20260829&perft=11:00",toulouse
F0011,film,2026-08-29,Muret,Véo Muret,L147,"https://relay.mvtx.us/ticketing/dbz?code_theater=W3161&gid_entity=movie.movie._.1000002942&tags=Localization.Language.French,Showtime.Accessibility.Dubbed,Format.Projection.Digital&perfd=20260829&perft=11:00",toulouse
F0008,film,2026-08-29,Muret,Véo Muret,L147,"https://relay.mvtx.us/ticketing/dbz?code_theater=W3161&gid_entity=movie.movie._.1000016503&tags=Localization.Language.French,Showtime.Accessibility.Dubbed,Format.Projection.Digital,Showtime.Accessibility.OpenCaption&perfd=20260829&perft=11:00",toulouse
F0010,film,2026-08-29,Muret,Véo Muret,L147,"https://relay.mvtx.us/ticketing/dbz?code_theater=W3161&gid_entity=movie.movie._.1000037046&tags=Localization.Language.French,Format.Projection.Digital&perfd=20260829&perft=11:00",toulouse
F0009,film,2026-08-29,Muret,Véo Muret,L147,"https://relay.mvtx.us/ticketing/dbz?code_theater=W3161&gid_entity=movie.movie._.320681&tags=Localization.Language.French,Showtime.Accessibility.Dubbed,Format.Projection.Digital&perfd=20260829&perft=11:00",toulouse
F0029,film,2026-08-29,Muret,Véo Muret,L147,"https://relay.mvtx.us/ticketing/dbz?code_theater=W3161&gid_entity=movie.movie._.1000022546&tags=Localization.Language.French,Format.Projection.Digital,Showtime.Accessibility.OpenCaption&perfd=20260829&perft=11:00",toulouse
F0005,film,2026-08-29,Muret,Véo Muret,L147,"https://relay.mvtx.us/ticketing/dbz?code_theater=W3161&gid_entity=movie.movie._.188280&tags=Localization.Version.Original,Format.Projection.Digital&perfd=20260829&perft=13:30",toulouse
F0006,film,2026-08-29,Muret,Véo Muret,L147,"https://relay.mvtx.us/ticketing/dbz?code_theater=W3161&gid_entity=movie.movie._.314503&tags=Localization.Language.French,Showtime.Accessibility.Dubbed,Format.Projection.Digital&perfd=20260829&perft=13:30",toulouse
F0013,film,2026-08-29,Muret,Véo Muret,L147,"https://relay.mvtx.us/ticketing/dbz?code_theater=W3161&gid_entity=movie.movie._.1000024105&tags=Localization.Language.French,Showtime.Accessibility.Dubbed,Format.Projection.Digital&perfd=20260829&perft=13:30",toulouse
F0016,film,2026-08-29,Muret,Véo Muret,L147,"https://relay.mvtx.us/ticketing/dbz?code_theater=W3161&gid_entity=movie.movie._.313256&tags=Localization.Language.French,Showtime.Accessibility.Dubbed,Format.Projection.Digital&perfd=20260829&perft=13:30",toulouse
F0001,film,2026-08-29,Muret,Véo Muret,L147,"https://relay.mvtx.us/ticketing/dbz?code_theater=W3161&gid_entity=movie.movie._.276608&tags=Localization.Language.French,Format.Projection.Digital&perfd=20260829&perft=14:00",toulouse
F0015,film,2026-08-29,Muret,Véo Muret,L147,"https://relay.mvtx.us/ticketing/dbz?code_theater=W3161&gid_entity=movie.movie._.294281&tags=Localization.Language.French,Format.Projection.Digital&perfd=20260829&perft=15:20",toulouse
F0003,film,2026-08-29,Muret,Véo Muret,L147,"https://relay.mvtx.us/ticketing/dbz?code_theater=W3161&gid_entity=movie.movie._.1000014969&tags=Localization.Language.French,Showtime.Accessibility.Dubbed,Format.Projection.Digital&perfd=20260829&perft=15:30",toulouse
F0004,film,2026-08-29,Muret,Véo Muret,L147,"https://relay.mvtx.us/ticketing/dbz?code_theater=W3161&gid_entity=movie.movie._.1000032856&tags=Localization.Language.French,Format.Projection.Digital&perfd=20260829&perft=16:00",toulouse
F0029,film,2026-08-29,Castanet-Tolosan,MJC Ciné 113,L148,"https://relay.mvtx.us/ticketing/dbz?code_theater=P2235&gid_entity=movie.movie._.1000022546&tags=Localization.Language.French,Format.Projection.Digital&perfd=20260829&perft=14:00&code=VF",toulouse
F0007,film,2026-08-29,Castanet-Tolosan,MJC Ciné 113,L148,"https://relay.mvtx.us/ticketing/dbz?code_theater=P2235&gid_entity=movie.movie._.257425&tags=Localization.Language.French,Format.Projection.Digital&perfd=20260829&perft=16:00&code=VF",toulouse
F0010,film,2026-08-29,Castanet-Tolosan,MJC Ciné 113,L148,"https://relay.mvtx.us/ticketing/dbz?code_theater=P2235&gid_entity=movie.movie._.1000037046&tags=Localization.Language.French,Format.Projection.Digital&perfd=20260829&perft=18:30&code=VF",toulouse
F0004,film,2026-08-29,Castanet-Tolosan,MJC Ciné 113,L148,"https://relay.mvtx.us/ticketing/dbz?code_theater=P2235&gid_entity=movie.movie._.1000032856&tags=Localization.Language.French,Format.Projection.Digital&perfd=20260829&perft=20:30&code=VF",toulouse
A0271,live,2026-08-29,Pechbonnieu,Esplanade de la Mairie (Pechbonnieu),L154,https://www.ville-pechbonnieu.fr/evenement/festival-31-notes-dete/,toulouse
A0272,live,2026-08-29,Pechbonnieu,Esplanade de la Mairie (Pechbonnieu),L154,https://www.ville-pechbonnieu.fr/evenement/festival-31-notes-dete/,toulouse
A0254,live,2026-08-30,Lacroix-Falgarde,L’Éphémère (Lacroix-Falgarde),L109,https://www.lephemereguinguette.com/evenement/?event=6161,toulouse
F0005,film,2026-08-30,Toulouse,Utopia Borderouge,L125,https://toulouse.cinemas-utopia.org/film/?id=13457,toulouse
F0051,film,2026-08-30,Toulouse,Utopia Borderouge,L125,https://toulouse.cinemas-utopia.org/film/?id=13341,toulouse
F0040,film,2026-08-30,Toulouse,Utopia Borderouge,L125,https://toulouse.cinemas-utopia.org/film/?id=13042,toulouse
F0035,film,2026-08-30,Toulouse,Utopia Borderouge,L125,https://toulouse.cinemas-utopia.org/film/?id=13722,toulouse
F0097,film,2026-08-30,Toulouse,Utopia Borderouge,L125,https://toulouse.cinemas-utopia.org/film/?id=13737,toulouse
F0002,film,2026-08-30,Toulouse,Utopia Borderouge,L125,https://toulouse.cinemas-utopia.org/film/?id=13767,toulouse
F0065,film,2026-08-30,Toulouse,Utopia Borderouge,L125,https://toulouse.cinemas-utopia.org/film/?id=13430,toulouse
F0010,film,2026-08-30,Toulouse,Utopia Borderouge,L125,https://toulouse.cinemas-utopia.org/film/?id=13449,toulouse
F0013,film,2026-08-30,Toulouse,Utopia Borderouge,L125,https://toulouse.cinemas-utopia.org/film/?id=13459,toulouse
F0034,film,2026-08-30,Toulouse,Utopia Borderouge,L125,https://toulouse.cinemas-utopia.org/film/?id=13462,toulouse
F0044,film,2026-08-30,Toulouse,Utopia Borderouge,L125,https://toulouse.cinemas-utopia.org/film?id=13462,toulouse
F0069,film,2026-08-30,Toulouse,Utopia Borderouge,L125,https://toulouse.cinemas-utopia.org/film/?id=13240,toulouse
F0072,film,2026-08-30,Toulouse,Utopia Borderouge,L125,https://toulouse.cinemas-utopia.org/film?id=13240,toulouse
F0056,film,2026-08-30,Toulouse,Utopia Borderouge,L125,https://toulouse.cinemas-utopia.org/film/?id=13551,toulouse
F0049,film,2026-08-30,Toulouse,Utopia Borderouge,L125,https://toulouse.cinemas-utopia.org/film/?id=13765,toulouse
F0028,film,2026-08-30,Tournefeuille,Utopia Tournefeuille,L126,https://toulouse.cinemas-utopia.org/film/?id=13804,toulouse
F0037,film,2026-08-30,Tournefeuille,Utopia Tournefeuille,L126,https://toulouse.cinemas-utopia.org/film/?id=13251,toulouse
F0046,film,2026-08-30,Tournefeuille,Utopia Tournefeuille,L126,https://toulouse.cinemas-utopia.org/film?id=13251,toulouse
F0013,film,2026-08-30,Tournefeuille,Utopia Tournefeuille,L126,https://toulouse.cinemas-utopia.org/film/?id=13459,toulouse
F0005,film,2026-08-30,Tournefeuille,Utopia Tournefeuille,L126,https://toulouse.cinemas-utopia.org/film/?id=13457,toulouse
F0027,film,2026-08-30,Tournefeuille,Utopia Tournefeuille,L126,https://toulouse.cinemas-utopia.org/film/?id=13806,toulouse
F0012,film,2026-08-30,Tournefeuille,Utopia Tournefeuille,L126,https://toulouse.cinemas-utopia.org/film/?id=13805,toulouse
F0010,film,2026-08-30,Tournefeuille,Utopia Tournefeuille,L126,https://toulouse.cinemas-utopia.org/film/?id=13449,toulouse
F0034,film,2026-08-30,Tournefeuille,Utopia Tournefeuille,L126,https://toulouse.cinemas-utopia.org/film/?id=13462,toulouse
F0044,film,2026-08-30,Tournefeuille,Utopia Tournefeuille,L126,https://toulouse.cinemas-utopia.org/film?id=13462,toulouse
F0002,film,2026-08-30,Tournefeuille,Utopia Tournefeuille,L126,https://toulouse.cinemas-utopia.org/film/?id=13767,toulouse
F0400,film,2026-08-30,Toulouse,Cinéma ABC,L127,"https://relay.mvtx.us/ticketing/dbz?code_theater=P0071&gid_entity=movie.movie._.252155&tags=Localization.Language.French,Showtime.Accessibility.Accessible,Format.Projection.Digital&perfd=20260830&perft=10:30&code=VF; DISABLED ACCESS",toulouse
F0005,film,2026-08-30,Toulouse,Cinéma ABC,L127,"https://relay.mvtx.us/ticketing/dbz?code_theater=P0071&gid_entity=movie.movie._.188280&tags=Showtime.Accessibility.Subtitled,Localization.Version.Original,Showtime.Accessibility.Accessible,Format.Projection.Digital&perfd=20260830&perft=10:45&code=VO; SUBTITLE; DISABLED ACCESS",toulouse
F0058,film,2026-08-30,Toulouse,Cinéma ABC,L127,"https://relay.mvtx.us/ticketing/dbz?code_theater=P0071&gid_entity=movie.movie._.1000032278&tags=Showtime.Accessibility.Subtitled,Localization.Version.Original,Showtime.Accessibility.Accessible,Format.Projection.Digital&perfd=20260830&perft=14:00&code=VO; SUBTITLE; DISABLED ACCESS",toulouse
F0050,film,2026-08-30,Toulouse,Cinéma ABC,L127,"https://relay.mvtx.us/ticketing/dbz?code_theater=P0071&gid_entity=movie.movie._.1000034332&tags=Showtime.Accessibility.Subtitled,Localization.Version.Original,Showtime.Accessibility.Accessible,Format.Projection.Digital&perfd=20260830&perft=14:10&code=VO; SUBTITLE; DISABLED ACCESS",toulouse
F0012,film,2026-08-30,Toulouse,Cinéma ABC,L127,"https://relay.mvtx.us/ticketing/dbz?code_theater=P0071&gid_entity=movie.movie._.327993&tags=Localization.Language.French,Showtime.Accessibility.Accessible,Format.Projection.Digital&perfd=20260830&perft=14:30&code=VF; DISABLED ACCESS",toulouse
F0026,film,2026-08-30,Toulouse,Cinéma ABC,L127,"https://relay.mvtx.us/ticketing/dbz?code_theater=P0071&gid_entity=movie.movie._.1000041528&tags=Localization.Language.French,Showtime.Accessibility.Accessible,Format.Projection.Digital&perfd=20260830&perft=16:00&code=VF; DISABLED ACCESS",toulouse
F0101,film,2026-08-30,Toulouse,Cinéma ABC,L127,https://abc-toulouse.fr/1262-wake-in-fright-reveil-dans-la-terreur.html,toulouse
F0075,film,2026-08-30,Toulouse,Cinéma ABC,L127,"https://relay.mvtx.us/ticketing/dbz?code_theater=P0071&gid_entity=movie.movie._.6796&tags=Showtime.Accessibility.Subtitled,Localization.Version.Original,Showtime.Accessibility.Accessible,Format.Projection.Digital&perfd=20260830&perft=16:20&code=VO; SUBTITLE; DISABLED ACCESS",toulouse
F0042,film,2026-08-30,Toulouse,Cinéma ABC,L127,"https://relay.mvtx.us/ticketing/dbz?code_theater=P0071&gid_entity=movie.movie._.308394&tags=Showtime.Accessibility.Subtitled,Localization.Version.Original,Showtime.Accessibility.Accessible,Format.Projection.Digital&perfd=20260830&perft=18:40&code=VO; SUBTITLE; DISABLED ACCESS",toulouse
F0053,film,2026-08-30,Toulouse,Cinéma ABC,L127,"https://relay.mvtx.us/ticketing/dbz?code_theater=P0071&gid_entity=movie.movie._.316460&tags=Showtime.Accessibility.Subtitled,Localization.Version.Original,Showtime.Accessibility.Accessible,Format.Projection.Digital&perfd=20260830&perft=20:50&code=VO; SUBTITLE; DISABLED ACCESS",toulouse
F0186,film,2026-08-30,Toulouse,Le Cratère,L128,"https://relay.mvtx.us/ticketing/dbz?code_theater=P0056&gid_entity=movie.movie._.11048&tags=Localization.Version.Original,Format.Projection.Digital&perfd=20260830&perft=10:00&code=VO",toulouse
F0070,film,2026-08-30,Toulouse,Le Cratère,L128,"https://relay.mvtx.us/ticketing/dbz?code_theater=P0056&gid_entity=movie.movie._.289867&tags=Localization.Version.Original,Format.Projection.Digital&perfd=20260830&perft=12:35&code=VO",toulouse
F0080,film,2026-08-30,Toulouse,Le Cratère,L128,"https://relay.mvtx.us/ticketing/dbz?code_theater=P0056&gid_entity=movie.movie._.1000017192&tags=Localization.Version.Original,Format.Projection.Digital&perfd=20260830&perft=14:40&code=VO",toulouse
F0065,film,2026-08-30,Toulouse,Le Cratère,L128,"https://relay.mvtx.us/ticketing/dbz?code_theater=P0056&gid_entity=movie.movie._.1000043585&tags=Localization.Language.French,Format.Projection.Digital&perfd=20260830&perft=16:10&code=VF",toulouse
F0071,film,2026-08-30,Toulouse,Le Cratère,L128,"https://relay.mvtx.us/ticketing/dbz?code_theater=P0056&gid_entity=movie.movie._.1000025598&tags=Localization.Version.Original,Format.Projection.Digital&perfd=20260830&perft=16:50&code=VO",toulouse
F0088,film,2026-08-30,Toulouse,Le Cratère,L128,"https://relay.mvtx.us/ticketing/dbz?code_theater=P0056&gid_entity=movie.movie._.1000003998&tags=Localization.Version.Original,Format.Projection.Digital&perfd=20260830&perft=18:30&code=VO",toulouse
F0442,film,2026-08-30,Toulouse,Le Cratère,L128,"https://relay.mvtx.us/ticketing/dbz?code_theater=P0056&gid_entity=movie.movie._.1000019764&tags=Localization.Version.Original,Format.Projection.Digital&perfd=20260830&perft=20:20&code=VO",toulouse
F0003,film,2026-08-30,Toulouse,Pathé Toulouse Wilson,L137,,toulouse
F0012,film,2026-08-30,Toulouse,Pathé Toulouse Wilson,L137,,toulouse
F0002,film,2026-08-30,Toulouse,Pathé Toulouse Wilson,L137,,toulouse
F0001,film,2026-08-30,Toulouse,Pathé Toulouse Wilson,L137,,toulouse
F0017,film,2026-08-30,Toulouse,Pathé Toulouse Wilson,L137,,toulouse
F0007,film,2026-08-30,Toulouse,Pathé Toulouse Wilson,L137,,toulouse
F0004,film,2026-08-30,Toulouse,Pathé Toulouse Wilson,L137,,toulouse
F0014,film,2026-08-30,Toulouse,Pathé Toulouse Wilson,L137,,toulouse
F0141,film,2026-08-30,Toulouse,Pathé Toulouse Wilson,L137,,toulouse
F0005,film,2026-08-30,Toulouse,Pathé Toulouse Wilson,L137,,toulouse
F0006,film,2026-08-30,Toulouse,Pathé Toulouse Wilson,L137,,toulouse
F0010,film,2026-08-30,Toulouse,Pathé Toulouse Wilson,L137,,toulouse
F0076,film,2026-08-30,Toulouse,Pathé Toulouse Wilson,L137,,toulouse
F0131,film,2026-08-30,Toulouse,Pathé Toulouse Wilson,L137,,toulouse
F0142,film,2026-08-30,Toulouse,Pathé Toulouse Wilson,L137,,toulouse
F0002,film,2026-08-30,Labège,Pathé Toulouse Labège,L138,,toulouse
F0015,film,2026-08-30,Labège,Pathé Toulouse Labège,L138,,toulouse
F0054,film,2026-08-30,Labège,Pathé Toulouse Labège,L138,,toulouse
F0131,film,2026-08-30,Labège,Pathé Toulouse Labège,L138,,toulouse
F0003,film,2026-08-30,Labège,Pathé Toulouse Labège,L138,,toulouse
F0001,film,2026-08-30,Labège,Pathé Toulouse Labège,L138,,toulouse
F0009,film,2026-08-30,Labège,Pathé Toulouse Labège,L138,,toulouse
F0017,film,2026-08-30,Labège,Pathé Toulouse Labège,L138,,toulouse
F0007,film,2026-08-30,Labège,Pathé Toulouse Labège,L138,,toulouse
F0019,film,2026-08-30,Labège,Pathé Toulouse Labège,L138,,toulouse
F0089,film,2026-08-30,Labège,Pathé Toulouse Labège,L138,,toulouse
F0115,film,2026-08-30,Labège,Pathé Toulouse Labège,L138,,toulouse
F0116,film,2026-08-30,Labège,Pathé Toulouse Labège,L138,,toulouse
F0114,film,2026-08-30,Labège,Pathé Toulouse Labège,L138,,toulouse
F0113,film,2026-08-30,Labège,Pathé Toulouse Labège,L138,,toulouse
F0002,film,2026-08-30,Blagnac,CGR Blagnac,L139,"https://relay.mvtx.us/ticketing/dbz?code_theater=P0692&gid_entity=movie.movie._.1000013045&tags=Localization.Language.French,Showtime.Accessibility.Accessible&perfd=20260830&perft=10:30&code=Accès PMR; VF;",toulouse
F0001,film,2026-08-30,Blagnac,CGR Blagnac,L139,"https://relay.mvtx.us/ticketing/dbz?code_theater=P0692&gid_entity=movie.movie._.276608&tags=Localization.Language.French,Showtime.Accessibility.Accessible&perfd=20260830&perft=10:30&code=Accès PMR; VF;",toulouse
F0020,film,2026-08-30,Blagnac,CGR Blagnac,L139,"https://relay.mvtx.us/ticketing/dbz?code_theater=P0692&gid_entity=movie.movie._.294280&tags=Localization.Language.French,Showtime.Accessibility.Accessible&perfd=20260830&perft=10:30&code=Accès PMR; VF;",toulouse
F0081,film,2026-08-30,Blagnac,CGR Blagnac,L139,"https://relay.mvtx.us/ticketing/dbz?code_theater=P0692&gid_entity=movie.movie._.1000016375&tags=Localization.Language.French,Showtime.Accessibility.Accessible&perfd=20260830&perft=10:30&code=Accès PMR; VF;",toulouse
F0014,film,2026-08-30,Blagnac,CGR Blagnac,L139,"https://relay.mvtx.us/ticketing/dbz?code_theater=P0692&gid_entity=movie.movie._.316021&tags=Localization.Language.French,Showtime.Accessibility.Accessible&perfd=20260830&perft=10:40&code=Accès PMR; VF;",toulouse
F0054,film,2026-08-30,Blagnac,CGR Blagnac,L139,"https://relay.mvtx.us/ticketing/dbz?code_theater=P0692&gid_entity=movie.movie._.29276&tags=Localization.Language.French,Showtime.Accessibility.Accessible,Format.Projection.4k,Auditorium.Experience.Ice,Auditorium.Experience.DolbyAtmos&perfd=20260830&perft=10:40&code=4K; Accès PMR; Dolby Atmos; ICE; VF;",toulouse
F0089,film,2026-08-30,Blagnac,CGR Blagnac,L139,"https://relay.mvtx.us/ticketing/dbz?code_theater=P0692&gid_entity=movie.movie._.296642&tags=Localization.Language.French,Showtime.Accessibility.Accessible,Auditorium.Experience.DolbyAtmos&perfd=20260830&perft=10:45&code=Accès PMR; Dolby Atmos; VF;",toulouse
F0003,film,2026-08-30,Blagnac,CGR Blagnac,L139,"https://relay.mvtx.us/ticketing/dbz?code_theater=P0692&gid_entity=movie.movie._.1000014969&tags=Localization.Language.French,Showtime.Accessibility.Accessible&perfd=20260830&perft=10:45&code=Accès PMR; VF;",toulouse
F0007,film,2026-08-30,Blagnac,CGR Blagnac,L139,"https://relay.mvtx.us/ticketing/dbz?code_theater=P0692&gid_entity=movie.movie._.257425&tags=Localization.Language.French,Showtime.Accessibility.Accessible&perfd=20260830&perft=10:45&code=Accès PMR; VF;",toulouse
F0009,film,2026-08-30,Blagnac,CGR Blagnac,L139,"https://relay.mvtx.us/ticketing/dbz?code_theater=P0692&gid_entity=movie.movie._.320681&tags=Localization.Language.French,Showtime.Accessibility.Accessible&perfd=20260830&perft=10:45&code=Accès PMR; VF;",toulouse
F0019,film,2026-08-30,Blagnac,CGR Blagnac,L139,"https://relay.mvtx.us/ticketing/dbz?code_theater=P0692&gid_entity=movie.movie._.321617&tags=Localization.Language.French,Showtime.Accessibility.Accessible&perfd=20260830&perft=13:30&code=Accès PMR; VF;",toulouse
F0115,film,2026-08-30,Blagnac,CGR Blagnac,L139,"https://relay.mvtx.us/ticketing/dbz?code_theater=P0692&gid_entity=movie.movie._.135076&tags=Showtime.Accessibility.Accessible,Localization.Version.Original,Showtime.Accessibility.Subtitled&perfd=20260830&perft=16:00&code=Accès PMR; VOST;",toulouse
F0116,film,2026-08-30,Blagnac,CGR Blagnac,L139,"https://relay.mvtx.us/ticketing/dbz?code_theater=P0692&gid_entity=movie.movie._.147956&tags=Showtime.Accessibility.Accessible,Localization.Version.Original,Showtime.Accessibility.Subtitled&perfd=20260830&perft=18:00&code=Accès PMR; VOST;",toulouse
F0114,film,2026-08-30,Blagnac,CGR Blagnac,L139,"https://relay.mvtx.us/ticketing/dbz?code_theater=P0692&gid_entity=movie.movie._.148223&tags=Showtime.Accessibility.Accessible,Localization.Version.Original,Showtime.Accessibility.Subtitled&perfd=20260830&perft=20:30&code=Accès PMR; VOST;",toulouse
F0113,film,2026-08-30,Blagnac,CGR Blagnac,L139,"https://relay.mvtx.us/ticketing/dbz?code_theater=P0692&gid_entity=movie.movie._.224258&tags=Showtime.Accessibility.Accessible,Localization.Version.Original,Showtime.Accessibility.Subtitled&perfd=20260830&perft=22:30&code=Accès PMR; VOST;",toulouse
F0009,film,2026-08-30,Fenouillet,Kinepolis Fenouillet,L140,https://relay.mvtx.us/ticketing/dbz?code_theater=W3115&gid_entity=movie.movie._.320681&tags=Format.Projection.Digital&perfd=20260830&perft=10:30&code=Version Francaise; 2D,toulouse
F0016,film,2026-08-30,Fenouillet,Kinepolis Fenouillet,L140,https://relay.mvtx.us/ticketing/dbz?code_theater=W3115&gid_entity=movie.movie._.313256&tags=Format.Projection.Digital&perfd=20260830&perft=10:30&code=Version Francaise; 2D,toulouse
F0001,film,2026-08-30,Fenouillet,Kinepolis Fenouillet,L140,https://relay.mvtx.us/ticketing/dbz?code_theater=W3115&gid_entity=movie.movie._.276608&tags=Format.Projection.Digital&perfd=20260830&perft=10:35&code=Version Francaise; 2D Laser Ultra,toulouse
F0024,film,2026-08-30,Fenouillet,Kinepolis Fenouillet,L140,https://relay.mvtx.us/ticketing/dbz?code_theater=W3115&gid_entity=movie.movie._.315380&tags=Format.Projection.Digital&perfd=20260830&perft=10:40&code=Version Francaise; 2D,toulouse
F0017,film,2026-08-30,Fenouillet,Kinepolis Fenouillet,L140,https://relay.mvtx.us/ticketing/dbz?code_theater=W3115&gid_entity=movie.movie._.314942&tags=Format.Projection.Digital&perfd=20260830&perft=10:40&code=Version Francaise; 2D,toulouse
F0007,film,2026-08-30,Fenouillet,Kinepolis Fenouillet,L140,https://relay.mvtx.us/ticketing/dbz?code_theater=W3115&gid_entity=movie.movie._.257425&tags=Format.Projection.Digital&perfd=20260830&perft=10:45&code=Version Francaise; 2D,toulouse
F0003,film,2026-08-30,Fenouillet,Kinepolis Fenouillet,L140,https://relay.mvtx.us/ticketing/dbz?code_theater=W3115&gid_entity=movie.movie._.1000014969&tags=Format.Projection.Digital&perfd=20260830&perft=10:50&code=Version Francaise; 2D,toulouse
F0030,film,2026-08-30,Fenouillet,Kinepolis Fenouillet,L140,https://relay.mvtx.us/ticketing/dbz?code_theater=W3115&gid_entity=movie.movie._.1000019899&tags=Format.Projection.Digital&perfd=20260830&perft=10:50&code=Version Francaise; 2D,toulouse
F0015,film,2026-08-30,Fenouillet,Kinepolis Fenouillet,L140,https://relay.mvtx.us/ticketing/dbz?code_theater=W3115&gid_entity=movie.movie._.294281&tags=Format.Projection.Digital&perfd=20260830&perft=13:30&code=Version Francaise; 2D,toulouse
F0008,film,2026-08-30,Fenouillet,Kinepolis Fenouillet,L140,https://relay.mvtx.us/ticketing/dbz?code_theater=W3115&gid_entity=movie.movie._.1000016503&tags=Format.Projection.Digital&perfd=20260830&perft=13:40&code=Version Francaise; 2D,toulouse
F0004,film,2026-08-30,Fenouillet,Kinepolis Fenouillet,L140,https://relay.mvtx.us/ticketing/dbz?code_theater=W3115&gid_entity=movie.movie._.1000032856&tags=Format.Projection.Digital&perfd=20260830&perft=13:45&code=Version Francaise; 2D,toulouse
F0006,film,2026-08-30,Fenouillet,Kinepolis Fenouillet,L140,https://relay.mvtx.us/ticketing/dbz?code_theater=W3115&gid_entity=movie.movie._.314503&tags=Format.Projection.Digital&perfd=20260830&perft=15:40&code=Version Francaise; 2D,toulouse
F0002,film,2026-08-30,Fenouillet,Kinepolis Fenouillet,L140,https://relay.mvtx.us/ticketing/dbz?code_theater=W3115&gid_entity=movie.movie._.1000013045&tags=Format.Projection.Digital&perfd=20260830&perft=16:30&code=Version Francaise; 2D,toulouse
F0011,film,2026-08-30,Fenouillet,Kinepolis Fenouillet,L140,https://relay.mvtx.us/ticketing/dbz?code_theater=W3115&gid_entity=movie.movie._.1000002942&tags=Format.Projection.Digital&perfd=20260830&perft=17:55&code=Version Francaise; 2D,toulouse
F0021,film,2026-08-30,Fenouillet,Kinepolis Fenouillet,L140,https://relay.mvtx.us/ticketing/dbz?code_theater=W3115&gid_entity=movie.movie._.1000033718&tags=Format.Projection.Digital&perfd=20260830&perft=18:10&code=Version Francaise; 2D,toulouse
F0002,film,2026-08-30,Toulouse,American Cosmograph,L141,https://american-cosmograph.fr/les-horaires.html,toulouse
F0028,film,2026-08-30,Toulouse,American Cosmograph,L141,https://american-cosmograph.fr/les-horaires.html,toulouse
F0027,film,2026-08-30,Toulouse,American Cosmograph,L141,https://american-cosmograph.fr/decorado.html,toulouse
F0063,film,2026-08-30,Toulouse,American Cosmograph,L141,https://american-cosmograph.fr/les-horaires.html,toulouse
F0110,film,2026-08-30,Toulouse,American Cosmograph,L141,https://american-cosmograph.fr/les-horaires.html,toulouse
F0013,film,2026-08-30,Toulouse,American Cosmograph,L141,https://american-cosmograph.fr/soudain.html,toulouse
F0062,film,2026-08-30,Toulouse,American Cosmograph,L141,https://american-cosmograph.fr/les-horaires.html,toulouse
F0035,film,2026-08-30,Toulouse,American Cosmograph,L141,https://american-cosmograph.fr/les-horaires.html,toulouse
F0003,film,2026-08-30,Toulouse,UGC Montaudran,L142,"https://relay.mvtx.us/ticketing/dbz?code_theater=W3140&gid_entity=movie.movie._.1000014969&tags=Showtime.Accessibility.Accessible,Localization.Version.French,Format.Projection.Digital&perfd=20260830&perft=10:40&code=SME; AUDIO; GRETA; PMR; 2D; VF; ",toulouse
F0002,film,2026-08-30,Toulouse,UGC Montaudran,L142,"https://relay.mvtx.us/ticketing/dbz?code_theater=W3140&gid_entity=movie.movie._.1000013045&tags=Showtime.Accessibility.Accessible,Localization.Subtitle.French,Localization.Version.Original,Format.Projection.Digital&perfd=20260830&perft=10:40&code=SME; AUDIO; GRETA; PMR; 2D; VO; ",toulouse
F0001,film,2026-08-30,Toulouse,UGC Montaudran,L142,"https://relay.mvtx.us/ticketing/dbz?code_theater=W3140&gid_entity=movie.movie._.276608&tags=Showtime.Accessibility.Accessible,Localization.Version.French,Format.Projection.Digital&perfd=20260830&perft=10:45&code=SME; AUDIO; GRETA; PMR; 2D; VF; ",toulouse
F0007,film,2026-08-30,Toulouse,UGC Montaudran,L142,"https://relay.mvtx.us/ticketing/dbz?code_theater=W3140&gid_entity=movie.movie._.257425&tags=Showtime.Accessibility.Accessible,Localization.Version.French,Format.Projection.Digital&perfd=20260830&perft=10:50&code=apd06a; PMR; 2D; VF; ",toulouse
F0005,film,2026-08-30,Toulouse,UGC Montaudran,L142,"https://relay.mvtx.us/ticketing/dbz?code_theater=W3140&gid_entity=movie.movie._.188280&tags=Showtime.Accessibility.Accessible,Localization.Subtitle.French,Localization.Version.Original,Format.Projection.Digital&perfd=20260830&perft=10:50&code=PMR; 2D; VO; ",toulouse
F0024,film,2026-08-30,Toulouse,UGC Montaudran,L142,"https://relay.mvtx.us/ticketing/dbz?code_theater=W3140&gid_entity=movie.movie._.315380&tags=Showtime.Accessibility.Accessible,Localization.Version.French,Format.Projection.Digital&perfd=20260830&perft=10:55&code=SME; AUDIO; GRETA; apd06a; PMR; 2D; VF; ",toulouse
F0318,film,2026-08-30,Toulouse,UGC Montaudran,L142,https://www.ugc.fr/film.html?id=6934&cinemaId=56,toulouse
F0141,film,2026-08-30,Toulouse,UGC Montaudran,L142,"https://relay.mvtx.us/ticketing/dbz?code_theater=W3140&gid_entity=movie.movie._.58608&tags=Showtime.Accessibility.Accessible,Localization.Subtitle.French,Localization.Version.Original,Format.Projection.Digital&perfd=20260830&perft=11:00&code=PMR; 2D; VO; ",toulouse
F0085,film,2026-08-30,Toulouse,UGC Montaudran,L142,https://www.ugc.fr/cinema-ugc-montaudran.html,toulouse
F0009,film,2026-08-30,Toulouse,UGC Montaudran,L142,"https://relay.mvtx.us/ticketing/dbz?code_theater=W3140&gid_entity=movie.movie._.320681&tags=Showtime.Accessibility.Accessible,Localization.Version.French,Format.Projection.Digital&perfd=20260830&perft=13:15&code=apd03a; PMR; 2D; VF; ",toulouse
F0004,film,2026-08-30,Toulouse,UGC Montaudran,L142,"https://relay.mvtx.us/ticketing/dbz?code_theater=W3140&gid_entity=movie.movie._.1000032856&tags=Showtime.Accessibility.Accessible,Localization.Version.French,Format.Projection.Digital&perfd=20260830&perft=13:45&code=SME; AUDIO; PMR; 2D; VF; ",toulouse
F0319,film,2026-08-30,Toulouse,UGC Montaudran,L142,https://www.ugc.fr/film.html?id=7847&cinemaId=56,toulouse
F0142,film,2026-08-30,Toulouse,UGC Montaudran,L142,"https://relay.mvtx.us/ticketing/dbz?code_theater=W3140&gid_entity=movie.movie._.116305&tags=Showtime.Accessibility.Accessible,Localization.Subtitle.French,Localization.Version.Original,Format.Projection.Digital&perfd=20260830&perft=14:00&code=PMR; 2D; VO; ",toulouse
F0089,film,2026-08-30,Toulouse,UGC Montaudran,L142,"https://relay.mvtx.us/ticketing/dbz?code_theater=W3140&gid_entity=movie.movie._.296642&tags=Showtime.Accessibility.Accessible,Localization.Version.French,Format.Projection.Digital&perfd=20260830&perft=15:45&code=PMR; 2D; Avant Premiere; VF; ",toulouse
F0320,film,2026-08-30,Toulouse,UGC Montaudran,L142,https://www.ugc.fr/film.html?id=8433&cinemaId=56,toulouse
F0105,film,2026-08-30,Toulouse,UGC Montaudran,L142,"https://relay.mvtx.us/ticketing/dbz?code_theater=W3140&gid_entity=movie.movie._.126693&tags=Showtime.Accessibility.Accessible,Localization.Subtitle.French,Localization.Version.Original,Format.Projection.Digital&perfd=20260830&perft=17:30&code=PMR; 2D; VO; ",toulouse
F0321,film,2026-08-30,Toulouse,UGC Montaudran,L142,https://www.ugc.fr/film.html?id=8705&cinemaId=56,toulouse
F0106,film,2026-08-30,Toulouse,UGC Montaudran,L142,"https://relay.mvtx.us/ticketing/dbz?code_theater=W3140&gid_entity=movie.movie._.134925&tags=Showtime.Accessibility.Accessible,Localization.Subtitle.French,Localization.Version.Original,Format.Projection.Digital&perfd=20260830&perft=21:00&code=PMR; 2D; VO; ",toulouse
F0006,film,2026-08-30,Toulouse,UGC Montaudran,L142,"https://relay.mvtx.us/ticketing/dbz?code_theater=W3140&gid_entity=movie.movie._.314503&tags=Showtime.Accessibility.Accessible,Localization.Subtitle.French,Localization.Version.Original,Format.Projection.Digital&perfd=20260830&perft=22:00&code=SME; AUDIO; GRETA; PMR; 2D; VO; ",toulouse
F0108,film,2026-08-30,Ramonville-Saint-Agne,L'Autan,L143,"https://relay.mvtx.us/ticketing/dbz?code_theater=P0881&gid_entity=movie.movie._.231700&tags=Localization.Language.French,Showtime.Accessibility.Accessible,Format.Projection.Digital&perfd=20260830&perft=16:00&code=VF; DISABLED ACCESS",toulouse
F0010,film,2026-08-30,Ramonville-Saint-Agne,L'Autan,L143,"https://relay.mvtx.us/ticketing/dbz?code_theater=P0881&gid_entity=movie.movie._.1000037046&tags=Showtime.Accessibility.Subtitled,Showtime.Accessibility.OpenCaption,Showtime.Accessibility.VisionImpaired,Localization.Language.French,Showtime.Accessibility.Accessible,Format.Projection.Digital&perfd=20260830&perft=18:00&code=SUBTITLE; SUBTITLE OCAP; VI; VF; DISABLED ACCESS",toulouse
F0071,film,2026-08-30,Ramonville-Saint-Agne,L'Autan,L143,"https://relay.mvtx.us/ticketing/dbz?code_theater=P0881&gid_entity=movie.movie._.1000025598&tags=Localization.Language.French,Showtime.Accessibility.Accessible,Format.Projection.Digital&perfd=20260830&perft=20:30&code=VF; DISABLED ACCESS",toulouse
F0015,film,2026-08-30,Colomiers,Véo Grand Central Colomiers,L144,"https://relay.mvtx.us/ticketing/dbz?code_theater=P6864&gid_entity=movie.movie._.294281&tags=Localization.Language.French,Format.Projection.Digital,Format.Sound.71&perfd=20260830&perft=10:40",toulouse
F0007,film,2026-08-30,Colomiers,Véo Grand Central Colomiers,L144,"https://relay.mvtx.us/ticketing/dbz?code_theater=P6864&gid_entity=movie.movie._.257425&tags=Localization.Language.French,Showtime.Accessibility.Dubbed,Format.Projection.Digital&perfd=20260830&perft=11:00",toulouse
F0009,film,2026-08-30,Colomiers,Véo Grand Central Colomiers,L144,"https://relay.mvtx.us/ticketing/dbz?code_theater=P6864&gid_entity=movie.movie._.320681&tags=Localization.Language.French,Showtime.Accessibility.Dubbed,Format.Projection.Digital&perfd=20260830&perft=11:00",toulouse
F0016,film,2026-08-30,Colomiers,Véo Grand Central Colomiers,L144,"https://relay.mvtx.us/ticketing/dbz?code_theater=P6864&gid_entity=movie.movie._.313256&tags=Localization.Language.French,Showtime.Accessibility.Dubbed,Format.Projection.Digital,Format.Sound.71&perfd=20260830&perft=11:00",toulouse
F0033,film,2026-08-30,Colomiers,Véo Grand Central Colomiers,L144,"https://relay.mvtx.us/ticketing/dbz?code_theater=P6864&gid_entity=movie.movie._.1000023007&tags=Localization.Version.Original,Format.Projection.Digital&perfd=20260830&perft=11:00",toulouse
F0005,film,2026-08-30,Colomiers,Véo Grand Central Colomiers,L144,"https://relay.mvtx.us/ticketing/dbz?code_theater=P6864&gid_entity=movie.movie._.188280&tags=Localization.Version.Original,Format.Projection.Digital&perfd=20260830&perft=13:30",toulouse
F0010,film,2026-08-30,Colomiers,Véo Grand Central Colomiers,L144,"https://relay.mvtx.us/ticketing/dbz?code_theater=P6864&gid_entity=movie.movie._.1000037046&tags=Localization.Language.French,Format.Projection.Digital&perfd=20260830&perft=13:30",toulouse
F0006,film,2026-08-30,Colomiers,Véo Grand Central Colomiers,L144,"https://relay.mvtx.us/ticketing/dbz?code_theater=P6864&gid_entity=movie.movie._.314503&tags=Localization.Language.French,Showtime.Accessibility.Dubbed,Format.Projection.Digital,Format.Sound.71&perfd=20260830&perft=13:50",toulouse
F0089,film,2026-08-30,Colomiers,Véo Grand Central Colomiers,L144,"https://relay.mvtx.us/ticketing/dbz?code_theater=P6864&gid_entity=movie.movie._.296642&tags=Localization.Language.French,Showtime.Accessibility.Dubbed,Format.Projection.Digital,Format.Sound.71&perfd=20260830&perft=14:00",toulouse
F0076,film,2026-08-30,Colomiers,Véo Grand Central Colomiers,L144,"https://relay.mvtx.us/ticketing/dbz?code_theater=P6864&gid_entity=movie.movie._.1000019382&tags=Localization.Version.Original,Format.Projection.Digital&perfd=20260830&perft=14:00",toulouse
F0001,film,2026-08-30,Colomiers,Véo Grand Central Colomiers,L144,"https://relay.mvtx.us/ticketing/dbz?code_theater=P6864&gid_entity=movie.movie._.276608&tags=Localization.Language.French,Showtime.Accessibility.Dubbed,Format.Projection.Digital,Format.Sound.71&perfd=20260830&perft=15:10",toulouse
F0004,film,2026-08-30,Colomiers,Véo Grand Central Colomiers,L144,"https://relay.mvtx.us/ticketing/dbz?code_theater=P6864&gid_entity=movie.movie._.1000032856&tags=Localization.Language.French,Format.Projection.Digital&perfd=20260830&perft=15:35",toulouse
F0290,film,2026-08-30,Colomiers,Véo Grand Central Colomiers,L144,"https://relay.mvtx.us/ticketing/dbz?code_theater=P6864&gid_entity=movie.movie._.1000040606&tags=Localization.Language.French,Showtime.Accessibility.Dubbed,Format.Projection.Digital&perfd=20260830&perft=16:00",toulouse
F0002,film,2026-08-30,Colomiers,Véo Grand Central Colomiers,L144,"https://relay.mvtx.us/ticketing/dbz?code_theater=P6864&gid_entity=movie.movie._.1000013045&tags=Localization.Language.French,Showtime.Accessibility.Dubbed,Format.Projection.Digital,Format.Sound.71&perfd=20260830&perft=16:00",toulouse
F0013,film,2026-08-30,Colomiers,Véo Grand Central Colomiers,L144,"https://relay.mvtx.us/ticketing/dbz?code_theater=P6864&gid_entity=movie.movie._.1000024105&tags=Localization.Version.Original,Format.Projection.Digital&perfd=20260830&perft=17:30",toulouse
F0009,film,2026-08-30,Plaisance-du-Touch,Ecran7 Plaisance,L145,"https://relay.mvtx.us/ticketing/dbz?code_theater=P0918&gid_entity=movie.movie._.320681&tags=Localization.Language.French,Showtime.Accessibility.Dubbed,Format.Projection.Digital,Showtime.Accessibility.Accessible&perfd=20260830&perft=11:00",toulouse
F0024,film,2026-08-30,Plaisance-du-Touch,Ecran7 Plaisance,L145,"https://relay.mvtx.us/ticketing/dbz?code_theater=P0918&gid_entity=movie.movie._.315380&tags=Localization.Language.French,Showtime.Accessibility.Dubbed,BoostPos.Image.2D,BoostPos.XpEtLabels.DerniereSeance,Format.Projection.Digital,Showtime.Accessibility.Accessible&perfd=20260830&perft=11:00",toulouse
F0029,film,2026-08-30,Plaisance-du-Touch,Ecran7 Plaisance,L145,"https://relay.mvtx.us/ticketing/dbz?code_theater=P0918&gid_entity=movie.movie._.1000022546&tags=Localization.Language.French,Format.Projection.Digital,Showtime.Accessibility.Accessible&perfd=20260830&perft=11:00",toulouse
F0004,film,2026-08-30,Plaisance-du-Touch,Ecran7 Plaisance,L145,"https://relay.mvtx.us/ticketing/dbz?code_theater=P0918&gid_entity=movie.movie._.1000032856&tags=Localization.Language.French,Format.Projection.Digital,Showtime.Accessibility.Accessible&perfd=20260830&perft=13:45",toulouse
F0015,film,2026-08-30,Plaisance-du-Touch,Ecran7 Plaisance,L145,"https://relay.mvtx.us/ticketing/dbz?code_theater=P0918&gid_entity=movie.movie._.294281&tags=Localization.Language.French,BoostPos.XpEtLabels.DerniereSeance,Format.Projection.Digital,Showtime.Accessibility.Accessible&perfd=20260830&perft=13:45",toulouse
F0006,film,2026-08-30,Plaisance-du-Touch,Ecran7 Plaisance,L145,"https://relay.mvtx.us/ticketing/dbz?code_theater=P0918&gid_entity=movie.movie._.314503&tags=Localization.Language.French,Showtime.Accessibility.Dubbed,Format.Projection.Digital,Showtime.Accessibility.Accessible&perfd=20260830&perft=14:00",toulouse
F0089,film,2026-08-30,Plaisance-du-Touch,Ecran7 Plaisance,L145,"https://relay.mvtx.us/ticketing/dbz?code_theater=P0918&gid_entity=movie.movie._.296642&tags=Localization.Language.French,Format.Projection.Digital,Showtime.Accessibility.Accessible&perfd=20260830&perft=16:15",toulouse
F0002,film,2026-08-30,Plaisance-du-Touch,Ecran7 Plaisance,L145,"https://relay.mvtx.us/ticketing/dbz?code_theater=P0918&gid_entity=movie.movie._.1000013045&tags=Localization.Version.Original,Format.Projection.Digital,Showtime.Accessibility.Accessible&perfd=20260830&perft=17:15",toulouse
F0020,film,2026-08-30,Plaisance-du-Touch,Ecran7 Plaisance,L145,"https://relay.mvtx.us/ticketing/dbz?code_theater=P0918&gid_entity=movie.movie._.294280&tags=Localization.Language.French,BoostPos.XpEtLabels.DerniereSeance,Format.Projection.Digital,Showtime.Accessibility.Accessible&perfd=20260830&perft=17:45",toulouse
F0001,film,2026-08-30,Plaisance-du-Touch,Ecran7 Plaisance,L145,"https://relay.mvtx.us/ticketing/dbz?code_theater=P0918&gid_entity=movie.movie._.276608&tags=Localization.Language.French,Showtime.Accessibility.Dubbed,BoostPos.Image.2D,Format.Projection.Digital,Showtime.Accessibility.Accessible&perfd=20260830&perft=20:30",toulouse
F0009,film,2026-08-30,Castelginest,Le Castelia,L146,"https://relay.mvtx.us/ticketing/dbz?code_theater=P0583&gid_entity=movie.movie._.320681&tags=Localization.Language.French,Showtime.Accessibility.Accessible,Format.Projection.Digital&perfd=20260830&perft=14:00&code=VF; DISABLED ACCESS",toulouse
F0029,film,2026-08-30,Castelginest,Le Castelia,L146,"https://relay.mvtx.us/ticketing/dbz?code_theater=P0583&gid_entity=movie.movie._.1000022546&tags=Localization.Language.French,Showtime.Accessibility.Accessible,Format.Projection.Digital&perfd=20260830&perft=16:15&code=VF; DISABLED ACCESS",toulouse
F0010,film,2026-08-30,Castelginest,Le Castelia,L146,"https://relay.mvtx.us/ticketing/dbz?code_theater=P0583&gid_entity=movie.movie._.1000037046&tags=Localization.Language.French,Showtime.Accessibility.Accessible,Format.Projection.Digital&perfd=20260830&perft=18:15&code=VF; DISABLED ACCESS",toulouse
F0015,film,2026-08-30,Castelginest,Le Castelia,L146,"https://relay.mvtx.us/ticketing/dbz?code_theater=P0583&gid_entity=movie.movie._.294281&tags=Localization.Language.French,Showtime.Accessibility.Accessible,Format.Projection.Digital&perfd=20260830&perft=20:00&code=VF; DISABLED ACCESS",toulouse
F0371,film,2026-08-30,Muret,Véo Muret,L147,"https://relay.mvtx.us/ticketing/dbz?code_theater=W3161&gid_entity=movie.movie._.1000045582&tags=Localization.Language.French,Format.Projection.Digital&perfd=20260830&perft=10:00",toulouse
F0020,film,2026-08-30,Muret,Véo Muret,L147,"https://relay.mvtx.us/ticketing/dbz?code_theater=W3161&gid_entity=movie.movie._.294280&tags=Localization.Language.French,Format.Projection.Digital&perfd=20260830&perft=10:00",toulouse
F0015,film,2026-08-30,Muret,Véo Muret,L147,"https://relay.mvtx.us/ticketing/dbz?code_theater=W3161&gid_entity=movie.movie._.294281&tags=Localization.Language.French,Format.Projection.Digital&perfd=20260830&perft=10:00",toulouse
F0169,film,2026-08-30,Muret,Véo Muret,L147,"https://relay.mvtx.us/ticketing/dbz?code_theater=W3161&gid_entity=movie.movie._.274108&tags=Localization.Language.French,Format.Projection.Digital&perfd=20260830&perft=10:00",toulouse
F0001,film,2026-08-30,Muret,Véo Muret,L147,"https://relay.mvtx.us/ticketing/dbz?code_theater=W3161&gid_entity=movie.movie._.276608&tags=Localization.Language.French,Format.Projection.Digital&perfd=20260830&perft=10:40",toulouse
F0007,film,2026-08-30,Muret,Véo Muret,L147,"https://relay.mvtx.us/ticketing/dbz?code_theater=W3161&gid_entity=movie.movie._.257425&tags=Localization.Language.French,Showtime.Accessibility.Dubbed,Format.Projection.Digital&perfd=20260830&perft=11:00",toulouse
F0006,film,2026-08-30,Muret,Véo Muret,L147,"https://relay.mvtx.us/ticketing/dbz?code_theater=W3161&gid_entity=movie.movie._.314503&tags=Localization.Language.French,Showtime.Accessibility.Dubbed,Format.Projection.Digital&perfd=20260830&perft=11:00",toulouse
F0009,film,2026-08-30,Muret,Véo Muret,L147,"https://relay.mvtx.us/ticketing/dbz?code_theater=W3161&gid_entity=movie.movie._.320681&tags=Localization.Language.French,Showtime.Accessibility.Dubbed,Format.Projection.Digital&perfd=20260830&perft=11:00",toulouse
F0016,film,2026-08-30,Muret,Véo Muret,L147,"https://relay.mvtx.us/ticketing/dbz?code_theater=W3161&gid_entity=movie.movie._.313256&tags=Localization.Language.French,Showtime.Accessibility.Dubbed,Format.Projection.Digital&perfd=20260830&perft=11:00",toulouse
F0004,film,2026-08-30,Muret,Véo Muret,L147,"https://relay.mvtx.us/ticketing/dbz?code_theater=W3161&gid_entity=movie.movie._.1000032856&tags=Localization.Language.French,Format.Projection.Digital&perfd=20260830&perft=13:30",toulouse
F0008,film,2026-08-30,Muret,Véo Muret,L147,"https://relay.mvtx.us/ticketing/dbz?code_theater=W3161&gid_entity=movie.movie._.1000016503&tags=Localization.Language.French,Showtime.Accessibility.Dubbed,Format.Projection.Digital&perfd=20260830&perft=13:30",toulouse
F0002,film,2026-08-30,Muret,Véo Muret,L147,"https://relay.mvtx.us/ticketing/dbz?code_theater=W3161&gid_entity=movie.movie._.1000013045&tags=Localization.Language.French,Showtime.Accessibility.Dubbed,Format.Projection.Digital&perfd=20260830&perft=14:00",toulouse
F0005,film,2026-08-30,Muret,Véo Muret,L147,"https://relay.mvtx.us/ticketing/dbz?code_theater=W3161&gid_entity=movie.movie._.188280&tags=Localization.Version.Original,Format.Projection.Digital&perfd=20260830&perft=15:30",toulouse
F0003,film,2026-08-30,Muret,Véo Muret,L147,"https://relay.mvtx.us/ticketing/dbz?code_theater=W3161&gid_entity=movie.movie._.1000014969&tags=Localization.Language.French,Showtime.Accessibility.Dubbed,Format.Projection.Digital&perfd=20260830&perft=15:50",toulouse
F0089,film,2026-08-30,Muret,Véo Muret,L147,"https://relay.mvtx.us/ticketing/dbz?code_theater=W3161&gid_entity=movie.movie._.296642&tags=Localization.Language.French,Format.Projection.Digital&perfd=20260830&perft=16:00",toulouse
F0009,film,2026-08-30,Castanet-Tolosan,MJC Ciné 113,L148,"https://relay.mvtx.us/ticketing/dbz?code_theater=P2235&gid_entity=movie.movie._.320681&tags=Localization.Language.French,Format.Projection.Digital&perfd=20260830&perft=10:15&code=VF",toulouse
F0197,film,2026-08-30,Castanet-Tolosan,MJC Ciné 113,L148,https://www.mjc-castanet-tolosan.fr/cinema-cine-113/,toulouse
F0007,film,2026-08-30,Castanet-Tolosan,MJC Ciné 113,L148,"https://relay.mvtx.us/ticketing/dbz?code_theater=P2235&gid_entity=movie.movie._.257425&tags=Localization.Language.French,Format.Projection.Digital&perfd=20260830&perft=14:00&code=VF",toulouse
F0146,film,2026-08-30,Castanet-Tolosan,MJC Ciné 113,L148,"https://relay.mvtx.us/ticketing/dbz?code_theater=P2235&gid_entity=movie.movie._.1000012952&tags=Localization.Language.French,Format.Projection.Digital&perfd=20260830&perft=16:00&code=VF",toulouse
F0099,film,2026-08-30,Castanet-Tolosan,MJC Ciné 113,L148,"https://relay.mvtx.us/ticketing/dbz?code_theater=P2235&gid_entity=movie.movie._.1000019673&tags=Localization.Language.French,Format.Projection.Digital&perfd=20260830&perft=18:15&code=VF",toulouse
F0296,film,2026-08-30,Castanet-Tolosan,MJC Ciné 113,L148,https://www.mjc-castanet-tolosan.fr/cinema-cine-113/,toulouse
F0010,film,2026-08-31,Toulouse,Utopia Borderouge,L125,https://toulouse.cinemas-utopia.org/film/?id=13449,toulouse
F0034,film,2026-08-31,Toulouse,Utopia Borderouge,L125,https://toulouse.cinemas-utopia.org/film/?id=13462,toulouse
F0013,film,2026-08-31,Toulouse,Utopia Borderouge,L125,https://toulouse.cinemas-utopia.org/film/?id=13459,toulouse
F0044,film,2026-08-31,Toulouse,Utopia Borderouge,L125,https://toulouse.cinemas-utopia.org/film?id=13462,toulouse
F0005,film,2026-08-31,Toulouse,Utopia Borderouge,L125,https://toulouse.cinemas-utopia.org/film/?id=13457,toulouse
F0051,film,2026-08-31,Toulouse,Utopia Borderouge,L125,https://toulouse.cinemas-utopia.org/film/?id=13341,toulouse
F0069,film,2026-08-31,Toulouse,Utopia Borderouge,L125,https://toulouse.cinemas-utopia.org/film/?id=13240,toulouse
F0072,film,2026-08-31,Toulouse,Utopia Borderouge,L125,https://toulouse.cinemas-utopia.org/film?id=13240,toulouse
F0065,film,2026-08-31,Toulouse,Utopia Borderouge,L125,https://toulouse.cinemas-utopia.org/film/?id=13430,toulouse
F0002,film,2026-08-31,Toulouse,Utopia Borderouge,L125,https://toulouse.cinemas-utopia.org/film/?id=13767,toulouse
F0035,film,2026-08-31,Toulouse,Utopia Borderouge,L125,https://toulouse.cinemas-utopia.org/film/?id=13722,toulouse
F0037,film,2026-08-31,Toulouse,Utopia Borderouge,L125,https://toulouse.cinemas-utopia.org/film/?id=13251,toulouse
F0046,film,2026-08-31,Toulouse,Utopia Borderouge,L125,https://toulouse.cinemas-utopia.org/film?id=13251,toulouse
F0040,film,2026-08-31,Toulouse,Utopia Borderouge,L125,https://toulouse.cinemas-utopia.org/film/?id=13042,toulouse
F0028,film,2026-08-31,Tournefeuille,Utopia Tournefeuille,L126,https://toulouse.cinemas-utopia.org/film/?id=13804,toulouse
F0013,film,2026-08-31,Tournefeuille,Utopia Tournefeuille,L126,https://toulouse.cinemas-utopia.org/film/?id=13459,toulouse
F0012,film,2026-08-31,Tournefeuille,Utopia Tournefeuille,L126,https://toulouse.cinemas-utopia.org/film/?id=13805,toulouse
F0005,film,2026-08-31,Tournefeuille,Utopia Tournefeuille,L126,https://toulouse.cinemas-utopia.org/film/?id=13457,toulouse
F0049,film,2026-08-31,Tournefeuille,Utopia Tournefeuille,L126,https://toulouse.cinemas-utopia.org/film/?id=13765,toulouse
F0037,film,2026-08-31,Tournefeuille,Utopia Tournefeuille,L126,https://toulouse.cinemas-utopia.org/film/?id=13251,toulouse
F0046,film,2026-08-31,Tournefeuille,Utopia Tournefeuille,L126,https://toulouse.cinemas-utopia.org/film?id=13251,toulouse
F0027,film,2026-08-31,Tournefeuille,Utopia Tournefeuille,L126,https://toulouse.cinemas-utopia.org/film/?id=13806,toulouse
F0130,film,2026-08-31,Tournefeuille,Utopia Tournefeuille,L126,https://toulouse.cinemas-utopia.org/film/?id=2225,toulouse
F0002,film,2026-08-31,Tournefeuille,Utopia Tournefeuille,L126,https://toulouse.cinemas-utopia.org/film/?id=13767,toulouse
F0034,film,2026-08-31,Tournefeuille,Utopia Tournefeuille,L126,https://toulouse.cinemas-utopia.org/film/?id=13462,toulouse
F0044,film,2026-08-31,Tournefeuille,Utopia Tournefeuille,L126,https://toulouse.cinemas-utopia.org/film?id=13462,toulouse
F0152,film,2026-08-31,Toulouse,Cinéma ABC,L127,"https://relay.mvtx.us/ticketing/dbz?code_theater=P0071&gid_entity=movie.movie._.317561&tags=Localization.Language.French,Showtime.Accessibility.Accessible,Format.Projection.Digital&perfd=20260831&perft=10:30&code=VF; DISABLED ACCESS",toulouse
F0405,film,2026-08-31,Toulouse,Cinéma ABC,L127,"https://relay.mvtx.us/ticketing/dbz?code_theater=P0071&gid_entity=movie.movie._.1363&tags=Localization.Language.French,Showtime.Accessibility.Accessible,Format.Projection.Digital&perfd=20260831&perft=11:10&code=VF; DISABLED ACCESS",toulouse
F0005,film,2026-08-31,Toulouse,Cinéma ABC,L127,"https://relay.mvtx.us/ticketing/dbz?code_theater=P0071&gid_entity=movie.movie._.188280&tags=Showtime.Accessibility.Subtitled,Localization.Version.Original,Showtime.Accessibility.Accessible,Format.Projection.Digital&perfd=20260831&perft=12:45&code=VO; SUBTITLE; DISABLED ACCESS",toulouse
F0215,film,2026-08-31,Toulouse,Cinéma ABC,L127,"https://relay.mvtx.us/ticketing/dbz?code_theater=P0071&gid_entity=movie.movie._.2615&tags=Localization.Language.French,Showtime.Accessibility.Accessible,Format.Projection.Digital&perfd=20260831&perft=14:45&code=VF; DISABLED ACCESS",toulouse
F0042,film,2026-08-31,Toulouse,Cinéma ABC,L127,"https://relay.mvtx.us/ticketing/dbz?code_theater=P0071&gid_entity=movie.movie._.308394&tags=Showtime.Accessibility.Subtitled,Localization.Version.Original,Showtime.Accessibility.Accessible,Format.Projection.Digital&perfd=20260831&perft=15:50&code=VO; SUBTITLE; DISABLED ACCESS",toulouse
F0050,film,2026-08-31,Toulouse,Cinéma ABC,L127,"https://relay.mvtx.us/ticketing/dbz?code_theater=P0071&gid_entity=movie.movie._.1000034332&tags=Showtime.Accessibility.Subtitled,Localization.Version.Original,Showtime.Accessibility.OpenCaption,Showtime.Accessibility.Accessible,Format.Projection.Digital&perfd=20260831&perft=17:00&code=VO; SUBTITLE; SUBTITLE OCAP; DISABLED ACCESS",toulouse
F0012,film,2026-08-31,Toulouse,Cinéma ABC,L127,"https://relay.mvtx.us/ticketing/dbz?code_theater=P0071&gid_entity=movie.movie._.327993&tags=Localization.Language.French,Showtime.Accessibility.Accessible,Format.Projection.Digital&perfd=20260831&perft=17:50&code=VF; DISABLED ACCESS",toulouse
F0075,film,2026-08-31,Toulouse,Cinéma ABC,L127,"https://relay.mvtx.us/ticketing/dbz?code_theater=P0071&gid_entity=movie.movie._.6796&tags=Showtime.Accessibility.Subtitled,Localization.Version.Original,Showtime.Accessibility.Accessible,Format.Projection.Digital&perfd=20260831&perft=18:50&code=VO; SUBTITLE; DISABLED ACCESS",toulouse
F0101,film,2026-08-31,Toulouse,Cinéma ABC,L127,https://abc-toulouse.fr/1262-wake-in-fright-reveil-dans-la-terreur.html,toulouse
F0058,film,2026-08-31,Toulouse,Cinéma ABC,L127,"https://relay.mvtx.us/ticketing/dbz?code_theater=P0071&gid_entity=movie.movie._.1000032278&tags=Showtime.Accessibility.Subtitled,Localization.Version.Original,Showtime.Accessibility.Accessible,Format.Projection.Digital&perfd=20260831&perft=20:40&code=VO; SUBTITLE; DISABLED ACCESS",toulouse
F0026,film,2026-08-31,Toulouse,Cinéma ABC,L127,"https://relay.mvtx.us/ticketing/dbz?code_theater=P0071&gid_entity=movie.movie._.1000041528&tags=Localization.Language.French,Showtime.Accessibility.Accessible,Format.Projection.Digital&perfd=20260831&perft=21:00&code=VF; DISABLED ACCESS",toulouse
F0157,film,2026-08-31,Toulouse,Le Cratère,L128,"https://relay.mvtx.us/ticketing/dbz?code_theater=P0056&gid_entity=movie.movie._.328440&tags=Localization.Version.Original,Format.Projection.Digital&perfd=20260831&perft=10:00&code=VO",toulouse
F0082,film,2026-08-31,Toulouse,Le Cratère,L128,"https://relay.mvtx.us/ticketing/dbz?code_theater=P0056&gid_entity=movie.movie._.325471&tags=Localization.Version.Original,Format.Projection.Digital&perfd=20260831&perft=11:40&code=VO",toulouse
F0071,film,2026-08-31,Toulouse,Le Cratère,L128,"https://relay.mvtx.us/ticketing/dbz?code_theater=P0056&gid_entity=movie.movie._.1000025598&tags=Localization.Version.Original,Format.Projection.Digital&perfd=20260831&perft=14:55&code=VO",toulouse
F0010,film,2026-08-31,Toulouse,Le Cratère,L128,"https://relay.mvtx.us/ticketing/dbz?code_theater=P0056&gid_entity=movie.movie._.1000037046&tags=Localization.Version.Original,Format.Projection.Digital&perfd=20260831&perft=16:35&code=VO",toulouse
F0074,film,2026-08-31,Toulouse,Le Cratère,L128,"https://relay.mvtx.us/ticketing/dbz?code_theater=P0056&gid_entity=movie.movie._.282094&tags=Localization.Version.Original,Format.Projection.Digital&perfd=20260831&perft=17:55&code=VO",toulouse
F0437,film,2026-08-31,Toulouse,Le Cratère,L128,https://www.cinemalecratere.fr/films/the-fin,toulouse
F0333,film,2026-08-31,Toulouse,Le Cratère,L128,"https://relay.mvtx.us/ticketing/dbz?code_theater=P0056&gid_entity=movie.movie._.1000027153&tags=Localization.Version.Original,Format.Projection.Digital&perfd=20260831&perft=19:35&code=VO",toulouse
F0070,film,2026-08-31,Toulouse,Le Cratère,L128,"https://relay.mvtx.us/ticketing/dbz?code_theater=P0056&gid_entity=movie.movie._.289867&tags=Localization.Version.Original,Format.Projection.Digital&perfd=20260831&perft=21:10&code=VO",toulouse
F0003,film,2026-08-31,Toulouse,Pathé Toulouse Wilson,L137,,toulouse
F0012,film,2026-08-31,Toulouse,Pathé Toulouse Wilson,L137,,toulouse
F0002,film,2026-08-31,Toulouse,Pathé Toulouse Wilson,L137,,toulouse
F0001,film,2026-08-31,Toulouse,Pathé Toulouse Wilson,L137,,toulouse
F0105,film,2026-08-31,Toulouse,Pathé Toulouse Wilson,L137,,toulouse
F0007,film,2026-08-31,Toulouse,Pathé Toulouse Wilson,L137,,toulouse
F0004,film,2026-08-31,Toulouse,Pathé Toulouse Wilson,L137,,toulouse
F0014,film,2026-08-31,Toulouse,Pathé Toulouse Wilson,L137,,toulouse
F0017,film,2026-08-31,Toulouse,Pathé Toulouse Wilson,L137,,toulouse
F0005,film,2026-08-31,Toulouse,Pathé Toulouse Wilson,L137,,toulouse
F0006,film,2026-08-31,Toulouse,Pathé Toulouse Wilson,L137,,toulouse
F0010,film,2026-08-31,Toulouse,Pathé Toulouse Wilson,L137,,toulouse
F0009,film,2026-08-31,Toulouse,Pathé Toulouse Wilson,L137,,toulouse
F0076,film,2026-08-31,Toulouse,Pathé Toulouse Wilson,L137,,toulouse
F0015,film,2026-08-31,Toulouse,Pathé Toulouse Wilson,L137,,toulouse
F0002,film,2026-08-31,Labège,Pathé Toulouse Labège,L138,,toulouse
F0087,film,2026-08-31,Labège,Pathé Toulouse Labège,L138,,toulouse
F0003,film,2026-08-31,Labège,Pathé Toulouse Labège,L138,,toulouse
F0001,film,2026-08-31,Labège,Pathé Toulouse Labège,L138,,toulouse
F0015,film,2026-08-31,Labège,Pathé Toulouse Labège,L138,,toulouse
F0009,film,2026-08-31,Labège,Pathé Toulouse Labège,L138,,toulouse
F0017,film,2026-08-31,Labège,Pathé Toulouse Labège,L138,,toulouse
F0007,film,2026-08-31,Labège,Pathé Toulouse Labège,L138,,toulouse
F0004,film,2026-08-31,Labège,Pathé Toulouse Labège,L138,,toulouse
F0006,film,2026-08-31,Labège,Pathé Toulouse Labège,L138,,toulouse
F0008,film,2026-08-31,Labège,Pathé Toulouse Labège,L138,,toulouse
F0016,film,2026-08-31,Labège,Pathé Toulouse Labège,L138,,toulouse
F0019,film,2026-08-31,Labège,Pathé Toulouse Labège,L138,,toulouse
F0038,film,2026-08-31,Labège,Pathé Toulouse Labège,L138,,toulouse
F0105,film,2026-08-31,Labège,Pathé Toulouse Labège,L138,,toulouse
F0110,film,2026-08-31,Blagnac,CGR Blagnac,L139,"https://relay.mvtx.us/ticketing/dbz?code_theater=P0692&gid_entity=movie.movie._.1000041813&tags=Localization.Language.French,Showtime.Accessibility.Accessible&perfd=20260831&perft=10:30&code=Accès PMR; VF;",toulouse
F0002,film,2026-08-31,Blagnac,CGR Blagnac,L139,"https://relay.mvtx.us/ticketing/dbz?code_theater=P0692&gid_entity=movie.movie._.1000013045&tags=Localization.Language.French,Showtime.Accessibility.Accessible&perfd=20260831&perft=10:30&code=Accès PMR; VF;",toulouse
F0001,film,2026-08-31,Blagnac,CGR Blagnac,L139,"https://relay.mvtx.us/ticketing/dbz?code_theater=P0692&gid_entity=movie.movie._.276608&tags=Localization.Language.French,Showtime.Accessibility.Accessible,Auditorium.Experience.DolbyAtmos&perfd=20260831&perft=10:30&code=Accès PMR; Dolby Atmos; VF;",toulouse
F0054,film,2026-08-31,Blagnac,CGR Blagnac,L139,"https://relay.mvtx.us/ticketing/dbz?code_theater=P0692&gid_entity=movie.movie._.29276&tags=Localization.Language.French,Showtime.Accessibility.Accessible,Format.Projection.4k,Auditorium.Experience.Ice,Auditorium.Experience.DolbyAtmos&perfd=20260831&perft=10:30&code=4K; Accès PMR; Dolby Atmos; ICE; VF;",toulouse
F0014,film,2026-08-31,Blagnac,CGR Blagnac,L139,"https://relay.mvtx.us/ticketing/dbz?code_theater=P0692&gid_entity=movie.movie._.316021&tags=Localization.Language.French,Showtime.Accessibility.Accessible&perfd=20260831&perft=10:40&code=Accès PMR; VF;",toulouse
F0017,film,2026-08-31,Blagnac,CGR Blagnac,L139,"https://relay.mvtx.us/ticketing/dbz?code_theater=P0692&gid_entity=movie.movie._.314942&tags=Localization.Language.French,Showtime.Accessibility.Accessible&perfd=20260831&perft=10:40&code=Accès PMR; VF;",toulouse
F0038,film,2026-08-31,Blagnac,CGR Blagnac,L139,"https://relay.mvtx.us/ticketing/dbz?code_theater=P0692&gid_entity=movie.movie._.1000022217&tags=Localization.Language.French,Showtime.Accessibility.Accessible&perfd=20260831&perft=10:40&code=Accès PMR; VF;",toulouse
F0003,film,2026-08-31,Blagnac,CGR Blagnac,L139,"https://relay.mvtx.us/ticketing/dbz?code_theater=P0692&gid_entity=movie.movie._.1000014969&tags=Localization.Language.French,Showtime.Accessibility.Accessible&perfd=20260831&perft=10:45&code=Accès PMR; VF;",toulouse
F0007,film,2026-08-31,Blagnac,CGR Blagnac,L139,"https://relay.mvtx.us/ticketing/dbz?code_theater=P0692&gid_entity=movie.movie._.257425&tags=Localization.Language.French,Showtime.Accessibility.Accessible&perfd=20260831&perft=10:45&code=Accès PMR; VF;",toulouse
F0009,film,2026-08-31,Blagnac,CGR Blagnac,L139,"https://relay.mvtx.us/ticketing/dbz?code_theater=P0692&gid_entity=movie.movie._.320681&tags=Localization.Language.French,Showtime.Accessibility.Accessible&perfd=20260831&perft=10:45&code=Accès PMR; VF;",toulouse
F0016,film,2026-08-31,Blagnac,CGR Blagnac,L139,"https://relay.mvtx.us/ticketing/dbz?code_theater=P0692&gid_entity=movie.movie._.313256&tags=Localization.Language.French,Showtime.Accessibility.Accessible&perfd=20260831&perft=10:45&code=Accès PMR; VF;",toulouse
F0024,film,2026-08-31,Blagnac,CGR Blagnac,L139,"https://relay.mvtx.us/ticketing/dbz?code_theater=P0692&gid_entity=movie.movie._.315380&tags=Localization.Language.French,Showtime.Accessibility.Accessible&perfd=20260831&perft=10:45&code=Accès PMR; VF;",toulouse
F0004,film,2026-08-31,Blagnac,CGR Blagnac,L139,"https://relay.mvtx.us/ticketing/dbz?code_theater=P0692&gid_entity=movie.movie._.1000032856&tags=Localization.Language.French,Showtime.Accessibility.Accessible&perfd=20260831&perft=11:00&code=Accès PMR; VF;",toulouse
F0029,film,2026-08-31,Blagnac,CGR Blagnac,L139,"https://relay.mvtx.us/ticketing/dbz?code_theater=P0692&gid_entity=movie.movie._.1000022546&tags=Localization.Language.French,Showtime.Accessibility.Accessible&perfd=20260831&perft=11:00&code=Accès PMR; VF;",toulouse
F0019,film,2026-08-31,Blagnac,CGR Blagnac,L139,"https://relay.mvtx.us/ticketing/dbz?code_theater=P0692&gid_entity=movie.movie._.321617&tags=Localization.Language.French,Showtime.Accessibility.Accessible&perfd=20260831&perft=13:30&code=Accès PMR; VF;",toulouse
F0003,film,2026-08-31,Fenouillet,Kinepolis Fenouillet,L140,https://relay.mvtx.us/ticketing/dbz?code_theater=W3115&gid_entity=movie.movie._.1000014969&tags=Format.Projection.Digital&perfd=20260831&perft=13:30&code=Version Francaise; 2D,toulouse
F0015,film,2026-08-31,Fenouillet,Kinepolis Fenouillet,L140,https://relay.mvtx.us/ticketing/dbz?code_theater=W3115&gid_entity=movie.movie._.294281&tags=Format.Projection.Digital&perfd=20260831&perft=13:30&code=Version Francaise; 2D,toulouse
F0001,film,2026-08-31,Fenouillet,Kinepolis Fenouillet,L140,https://relay.mvtx.us/ticketing/dbz?code_theater=W3115&gid_entity=movie.movie._.276608&tags=Format.Projection.Digital&perfd=20260831&perft=13:35&code=Version Francaise; 2D Laser Ultra,toulouse
F0008,film,2026-08-31,Fenouillet,Kinepolis Fenouillet,L140,https://relay.mvtx.us/ticketing/dbz?code_theater=W3115&gid_entity=movie.movie._.1000016503&tags=Format.Projection.Digital&perfd=20260831&perft=13:35&code=Version Francaise; 2D,toulouse
F0007,film,2026-08-31,Fenouillet,Kinepolis Fenouillet,L140,https://relay.mvtx.us/ticketing/dbz?code_theater=W3115&gid_entity=movie.movie._.257425&tags=Format.Projection.Digital&perfd=20260831&perft=13:40&code=Version Francaise; 2D,toulouse
F0006,film,2026-08-31,Fenouillet,Kinepolis Fenouillet,L140,https://relay.mvtx.us/ticketing/dbz?code_theater=W3115&gid_entity=movie.movie._.314503&tags=Format.Projection.Digital&perfd=20260831&perft=13:40&code=Version Francaise; 2D,toulouse
F0004,film,2026-08-31,Fenouillet,Kinepolis Fenouillet,L140,https://relay.mvtx.us/ticketing/dbz?code_theater=W3115&gid_entity=movie.movie._.1000032856&tags=Format.Projection.Digital&perfd=20260831&perft=13:45&code=Version Francaise; 2D,toulouse
F0016,film,2026-08-31,Fenouillet,Kinepolis Fenouillet,L140,https://relay.mvtx.us/ticketing/dbz?code_theater=W3115&gid_entity=movie.movie._.313256&tags=Format.Projection.Digital&perfd=20260831&perft=15:45&code=Version Francaise; 2D,toulouse
F0009,film,2026-08-31,Fenouillet,Kinepolis Fenouillet,L140,https://relay.mvtx.us/ticketing/dbz?code_theater=W3115&gid_entity=movie.movie._.320681&tags=Format.Projection.Digital&perfd=20260831&perft=16:00&code=Version Francaise; 2D,toulouse
F0002,film,2026-08-31,Fenouillet,Kinepolis Fenouillet,L140,https://relay.mvtx.us/ticketing/dbz?code_theater=W3115&gid_entity=movie.movie._.1000013045&tags=Format.Projection.Digital&perfd=20260831&perft=16:40&code=Version Francaise; 2D,toulouse
F0011,film,2026-08-31,Fenouillet,Kinepolis Fenouillet,L140,https://relay.mvtx.us/ticketing/dbz?code_theater=W3115&gid_entity=movie.movie._.1000002942&tags=Format.Projection.Digital&perfd=20260831&perft=18:00&code=Version Francaise; 2D,toulouse
F0017,film,2026-08-31,Fenouillet,Kinepolis Fenouillet,L140,https://relay.mvtx.us/ticketing/dbz?code_theater=W3115&gid_entity=movie.movie._.314942&tags=Format.Projection.Digital&perfd=20260831&perft=18:00&code=Version Francaise; 2D,toulouse
F0021,film,2026-08-31,Fenouillet,Kinepolis Fenouillet,L140,https://relay.mvtx.us/ticketing/dbz?code_theater=W3115&gid_entity=movie.movie._.1000033718&tags=Format.Projection.Digital&perfd=20260831&perft=18:05&code=Version Francaise; 2D,toulouse
F0013,film,2026-08-31,Toulouse,American Cosmograph,L141,https://american-cosmograph.fr/soudain.html,toulouse
F0027,film,2026-08-31,Toulouse,American Cosmograph,L141,https://american-cosmograph.fr/decorado.html,toulouse
F0098,film,2026-08-31,Toulouse,American Cosmograph,L141,https://american-cosmograph.fr/les-horaires.html,toulouse
F0062,film,2026-08-31,Toulouse,American Cosmograph,L141,https://american-cosmograph.fr/les-horaires.html,toulouse
F0028,film,2026-08-31,Toulouse,American Cosmograph,L141,https://american-cosmograph.fr/les-horaires.html,toulouse
F0035,film,2026-08-31,Toulouse,American Cosmograph,L141,https://american-cosmograph.fr/les-horaires.html,toulouse
F0002,film,2026-08-31,Toulouse,American Cosmograph,L141,https://american-cosmograph.fr/les-horaires.html,toulouse
F0063,film,2026-08-31,Toulouse,American Cosmograph,L141,https://american-cosmograph.fr/les-horaires.html,toulouse
F0009,film,2026-08-31,Toulouse,UGC Montaudran,L142,"https://relay.mvtx.us/ticketing/dbz?code_theater=W3140&gid_entity=movie.movie._.320681&tags=Showtime.Accessibility.Accessible,Localization.Version.French,Format.Projection.Digital&perfd=20260831&perft=13:15&code=apd03a; PMR; 2D; VF; ",toulouse
F0024,film,2026-08-31,Toulouse,UGC Montaudran,L142,"https://relay.mvtx.us/ticketing/dbz?code_theater=W3140&gid_entity=movie.movie._.315380&tags=Showtime.Accessibility.Accessible,Localization.Version.French,Format.Projection.Digital&perfd=20260831&perft=13:30&code=SME; AUDIO; GRETA; apd06a; PMR; 2D; VF; ",toulouse
F0004,film,2026-08-31,Toulouse,UGC Montaudran,L142,"https://relay.mvtx.us/ticketing/dbz?code_theater=W3140&gid_entity=movie.movie._.1000032856&tags=Showtime.Accessibility.Accessible,Localization.Version.French,Format.Projection.Digital&perfd=20260831&perft=13:45&code=SME; AUDIO; PMR; 2D; VF; ",toulouse
F0003,film,2026-08-31,Toulouse,UGC Montaudran,L142,"https://relay.mvtx.us/ticketing/dbz?code_theater=W3140&gid_entity=movie.movie._.1000014969&tags=Showtime.Accessibility.Accessible,Localization.Version.French,Format.Projection.Digital&perfd=20260831&perft=14:00&code=SME; AUDIO; GRETA; PMR; 2D; VF; ",toulouse
F0007,film,2026-08-31,Toulouse,UGC Montaudran,L142,"https://relay.mvtx.us/ticketing/dbz?code_theater=W3140&gid_entity=movie.movie._.257425&tags=Showtime.Accessibility.Accessible,Localization.Version.French,Format.Projection.Digital&perfd=20260831&perft=14:00&code=apd06a; PMR; 2D; VF; ",toulouse
F0002,film,2026-08-31,Toulouse,UGC Montaudran,L142,"https://relay.mvtx.us/ticketing/dbz?code_theater=W3140&gid_entity=movie.movie._.1000013045&tags=Showtime.Accessibility.Accessible,Localization.Subtitle.French,Localization.Version.Original,Format.Projection.Digital&perfd=20260831&perft=14:00&code=SME; AUDIO; GRETA; PMR; 2D; VO; ",toulouse
F0005,film,2026-08-31,Toulouse,UGC Montaudran,L142,"https://relay.mvtx.us/ticketing/dbz?code_theater=W3140&gid_entity=movie.movie._.188280&tags=Showtime.Accessibility.Accessible,Localization.Subtitle.French,Localization.Version.Original,Format.Projection.Digital&perfd=20260831&perft=14:10&code=PMR; 2D; VO; ",toulouse
F0001,film,2026-08-31,Toulouse,UGC Montaudran,L142,"https://relay.mvtx.us/ticketing/dbz?code_theater=W3140&gid_entity=movie.movie._.276608&tags=Showtime.Accessibility.Accessible,Localization.Subtitle.French,Localization.Version.Original,Format.Projection.Digital&perfd=20260831&perft=15:15&code=SME; AUDIO; GRETA; PMR; 2D; VO; ",toulouse
F0016,film,2026-08-31,Toulouse,UGC Montaudran,L142,"https://relay.mvtx.us/ticketing/dbz?code_theater=W3140&gid_entity=movie.movie._.313256&tags=Showtime.Accessibility.Accessible,Localization.Version.French,Format.Projection.Digital&perfd=20260831&perft=15:45&code=SME; AUDIO; GRETA; apd06a; PMR; 2D; VF; ",toulouse
F0006,film,2026-08-31,Toulouse,UGC Montaudran,L142,"https://relay.mvtx.us/ticketing/dbz?code_theater=W3140&gid_entity=movie.movie._.314503&tags=Showtime.Accessibility.Accessible,Localization.Version.French,Format.Projection.Digital&perfd=20260831&perft=22:00&code=SME; AUDIO; GRETA; PMR; 2D; VF; ",toulouse
F0093,film,2026-08-31,Ramonville-Saint-Agne,L'Autan,L143,"https://relay.mvtx.us/ticketing/dbz?code_theater=P0881&gid_entity=movie.movie._.1000043086&tags=Localization.Language.French,Showtime.Accessibility.Accessible,Format.Projection.Digital&perfd=20260831&perft=18:30&code=VF; DISABLED ACCESS",toulouse
F0164,film,2026-08-31,Ramonville-Saint-Agne,L'Autan,L143,"https://relay.mvtx.us/ticketing/dbz?code_theater=P0881&gid_entity=movie.movie._.1000018041&tags=Showtime.Accessibility.Subtitled,Localization.Version.Original,Showtime.Accessibility.Accessible,Format.Projection.Digital&perfd=20260831&perft=21:00&code=VO; SUBTITLE; DISABLED ACCESS",toulouse
F0202,film,2026-08-31,Colomiers,Véo Grand Central Colomiers,L144,"https://relay.mvtx.us/ticketing/dbz?code_theater=P6864&gid_entity=movie.movie._.259479&tags=Localization.Language.French,Format.Projection.Digital&perfd=20260831&perft=10:00",toulouse
F0133,film,2026-08-31,Colomiers,Véo Grand Central Colomiers,L144,"https://relay.mvtx.us/ticketing/dbz?code_theater=P6864&gid_entity=movie.movie._.284565&tags=Localization.Language.French,Format.Projection.Digital&perfd=20260831&perft=10:00",toulouse
F0007,film,2026-08-31,Colomiers,Véo Grand Central Colomiers,L144,"https://relay.mvtx.us/ticketing/dbz?code_theater=P6864&gid_entity=movie.movie._.257425&tags=Localization.Language.French,Showtime.Accessibility.Dubbed,Format.Projection.Digital&perfd=20260831&perft=11:00",toulouse
F0004,film,2026-08-31,Colomiers,Véo Grand Central Colomiers,L144,"https://relay.mvtx.us/ticketing/dbz?code_theater=P6864&gid_entity=movie.movie._.1000032856&tags=Localization.Language.French,Format.Projection.Digital&perfd=20260831&perft=11:00",toulouse
F0030,film,2026-08-31,Colomiers,Véo Grand Central Colomiers,L144,"https://relay.mvtx.us/ticketing/dbz?code_theater=P6864&gid_entity=movie.movie._.1000019899&tags=Localization.Language.French,Showtime.Accessibility.Dubbed,Format.Projection.Digital&perfd=20260831&perft=11:00",toulouse
F0016,film,2026-08-31,Colomiers,Véo Grand Central Colomiers,L144,"https://relay.mvtx.us/ticketing/dbz?code_theater=P6864&gid_entity=movie.movie._.313256&tags=Localization.Language.French,Showtime.Accessibility.Dubbed,Format.Projection.Digital,Format.Sound.71&perfd=20260831&perft=11:00",toulouse
F0024,film,2026-08-31,Colomiers,Véo Grand Central Colomiers,L144,"https://relay.mvtx.us/ticketing/dbz?code_theater=P6864&gid_entity=movie.movie._.315380&tags=Localization.Language.French,Showtime.Accessibility.Dubbed,Format.Projection.Digital,Format.Sound.71&perfd=20260831&perft=11:00",toulouse
F0005,film,2026-08-31,Colomiers,Véo Grand Central Colomiers,L144,"https://relay.mvtx.us/ticketing/dbz?code_theater=P6864&gid_entity=movie.movie._.188280&tags=Localization.Version.Original,Format.Projection.Digital&perfd=20260831&perft=13:30",toulouse
F0006,film,2026-08-31,Colomiers,Véo Grand Central Colomiers,L144,"https://relay.mvtx.us/ticketing/dbz?code_theater=P6864&gid_entity=movie.movie._.314503&tags=Localization.Language.French,Showtime.Accessibility.Dubbed,Format.Projection.Digital,Format.Sound.71&perfd=20260831&perft=13:30",toulouse
F0029,film,2026-08-31,Colomiers,Véo Grand Central Colomiers,L144,"https://relay.mvtx.us/ticketing/dbz?code_theater=P6864&gid_entity=movie.movie._.1000022546&tags=Localization.Language.French,Format.Projection.Digital&perfd=20260831&perft=13:30",toulouse
F0009,film,2026-08-31,Colomiers,Véo Grand Central Colomiers,L144,"https://relay.mvtx.us/ticketing/dbz?code_theater=P6864&gid_entity=movie.movie._.320681&tags=Localization.Language.French,Showtime.Accessibility.Dubbed,Format.Projection.Digital&perfd=20260831&perft=13:45",toulouse
F0017,film,2026-08-31,Colomiers,Véo Grand Central Colomiers,L144,"https://relay.mvtx.us/ticketing/dbz?code_theater=P6864&gid_entity=movie.movie._.314942&tags=Localization.Language.French,Showtime.Accessibility.Dubbed,Format.Projection.Digital,Format.Sound.71&perfd=20260831&perft=14:00",toulouse
F0001,film,2026-08-31,Colomiers,Véo Grand Central Colomiers,L144,"https://relay.mvtx.us/ticketing/dbz?code_theater=P6864&gid_entity=movie.movie._.276608&tags=Localization.Language.French,Showtime.Accessibility.Dubbed,Format.Projection.Digital,Format.Sound.71&perfd=20260831&perft=15:20",toulouse
F0013,film,2026-08-31,Colomiers,Véo Grand Central Colomiers,L144,"https://relay.mvtx.us/ticketing/dbz?code_theater=P6864&gid_entity=movie.movie._.1000024105&tags=Localization.Version.Original,Format.Projection.Digital&perfd=20260831&perft=15:35",toulouse
F0010,film,2026-08-31,Colomiers,Véo Grand Central Colomiers,L144,"https://relay.mvtx.us/ticketing/dbz?code_theater=P6864&gid_entity=movie.movie._.1000037046&tags=Localization.Language.French,Format.Projection.Digital&perfd=20260831&perft=16:20",toulouse
F0009,film,2026-08-31,Castelginest,Le Castelia,L146,"https://relay.mvtx.us/ticketing/dbz?code_theater=P0583&gid_entity=movie.movie._.320681&tags=Localization.Language.French,Showtime.Accessibility.Accessible,Format.Projection.Digital&perfd=20260831&perft=15:00&code=VF; DISABLED ACCESS",toulouse
F0001,film,2026-08-31,Castelginest,Le Castelia,L146,"https://relay.mvtx.us/ticketing/dbz?code_theater=P0583&gid_entity=movie.movie._.276608&tags=Localization.Language.French,Showtime.Accessibility.Accessible,Format.Projection.Digital&perfd=20260831&perft=17:15&code=VF; DISABLED ACCESS",toulouse
F0010,film,2026-08-31,Castelginest,Le Castelia,L146,"https://relay.mvtx.us/ticketing/dbz?code_theater=P0583&gid_entity=movie.movie._.1000037046&tags=Localization.Language.French,Showtime.Accessibility.Accessible,Format.Projection.Digital&perfd=20260831&perft=20:30&code=VF; DISABLED ACCESS",toulouse
F0003,film,2026-08-31,Muret,Véo Muret,L147,"https://relay.mvtx.us/ticketing/dbz?code_theater=W3161&gid_entity=movie.movie._.1000014969&tags=Localization.Language.French,Showtime.Accessibility.Dubbed,Format.Projection.Digital&perfd=20260831&perft=14:00",toulouse
F0011,film,2026-08-31,Muret,Véo Muret,L147,"https://relay.mvtx.us/ticketing/dbz?code_theater=W3161&gid_entity=movie.movie._.1000002942&tags=Localization.Language.French,Showtime.Accessibility.Dubbed,Format.Projection.Digital&perfd=20260831&perft=14:00",toulouse
F0005,film,2026-08-31,Muret,Véo Muret,L147,"https://relay.mvtx.us/ticketing/dbz?code_theater=W3161&gid_entity=movie.movie._.188280&tags=Localization.Version.Original,Format.Projection.Digital&perfd=20260831&perft=14:00",toulouse
F0004,film,2026-08-31,Muret,Véo Muret,L147,"https://relay.mvtx.us/ticketing/dbz?code_theater=W3161&gid_entity=movie.movie._.1000032856&tags=Localization.Language.French,Format.Projection.Digital&perfd=20260831&perft=14:00",toulouse
F0013,film,2026-08-31,Muret,Véo Muret,L147,"https://relay.mvtx.us/ticketing/dbz?code_theater=W3161&gid_entity=movie.movie._.1000024105&tags=Localization.Language.French,Showtime.Accessibility.Dubbed,Format.Projection.Digital&perfd=20260831&perft=14:00",toulouse
F0014,film,2026-08-31,Muret,Véo Muret,L147,"https://relay.mvtx.us/ticketing/dbz?code_theater=W3161&gid_entity=movie.movie._.316021&tags=Localization.Language.French,Showtime.Accessibility.Dubbed,Format.Projection.Digital&perfd=20260831&perft=14:00",toulouse
F0020,film,2026-08-31,Muret,Véo Muret,L147,"https://relay.mvtx.us/ticketing/dbz?code_theater=W3161&gid_entity=movie.movie._.294280&tags=Localization.Language.French,Format.Projection.Digital&perfd=20260831&perft=14:00",toulouse
F0009,film,2026-08-31,Muret,Véo Muret,L147,"https://relay.mvtx.us/ticketing/dbz?code_theater=W3161&gid_entity=movie.movie._.320681&tags=Localization.Language.French,Showtime.Accessibility.Dubbed,Format.Projection.Digital&perfd=20260831&perft=15:50",toulouse
F0030,film,2026-08-31,Muret,Véo Muret,L147,"https://relay.mvtx.us/ticketing/dbz?code_theater=W3161&gid_entity=movie.movie._.1000019899&tags=Localization.Language.French,Showtime.Accessibility.Dubbed,Format.Projection.Digital&perfd=20260831&perft=16:00",toulouse
F0006,film,2026-08-31,Muret,Véo Muret,L147,"https://relay.mvtx.us/ticketing/dbz?code_theater=W3161&gid_entity=movie.movie._.314503&tags=Localization.Language.French,Showtime.Accessibility.Dubbed,Format.Projection.Digital&perfd=20260831&perft=16:10",toulouse
F0008,film,2026-08-31,Muret,Véo Muret,L147,"https://relay.mvtx.us/ticketing/dbz?code_theater=W3161&gid_entity=movie.movie._.1000016503&tags=Localization.Language.French,Showtime.Accessibility.Dubbed,Format.Projection.Digital&perfd=20260831&perft=16:20",toulouse
F0015,film,2026-08-31,Muret,Véo Muret,L147,"https://relay.mvtx.us/ticketing/dbz?code_theater=W3161&gid_entity=movie.movie._.294281&tags=Localization.Language.French,Format.Projection.Digital&perfd=20260831&perft=17:30",toulouse
F0001,film,2026-08-31,Muret,Véo Muret,L147,"https://relay.mvtx.us/ticketing/dbz?code_theater=W3161&gid_entity=movie.movie._.276608&tags=Localization.Language.French,Format.Projection.Digital&perfd=20260831&perft=20:50",toulouse
F0010,film,2026-08-31,Castanet-Tolosan,MJC Ciné 113,L148,"https://relay.mvtx.us/ticketing/dbz?code_theater=P2235&gid_entity=movie.movie._.1000037046&tags=Localization.Language.French,Format.Projection.Digital&perfd=20260831&perft=10:15&code=VF",toulouse
F0146,film,2026-08-31,Castanet-Tolosan,MJC Ciné 113,L148,"https://relay.mvtx.us/ticketing/dbz?code_theater=P2235&gid_entity=movie.movie._.1000012952&tags=Localization.Language.French,Format.Projection.Digital&perfd=20260831&perft=14:15&code=VF",toulouse
F0004,film,2026-08-31,Castanet-Tolosan,MJC Ciné 113,L148,"https://relay.mvtx.us/ticketing/dbz?code_theater=P2235&gid_entity=movie.movie._.1000032856&tags=Localization.Language.French,Format.Projection.Digital&perfd=20260831&perft=17:15&code=VF",toulouse
F0077,film,2026-08-31,Castanet-Tolosan,MJC Ciné 113,L148,"https://relay.mvtx.us/ticketing/dbz?code_theater=P2235&gid_entity=movie.movie._.1000027856&tags=Localization.Version.Original,Format.Projection.Digital&perfd=20260831&perft=20:15&code=VO",toulouse
A0343,live,2026-09-01,Ramonville-Saint-Agne,Le Bikini,L083,https://lebikini.com/2026/09/01/les-classiques,toulouse
A0343,live,2026-09-01,Ramonville-Saint-Agne,Le Petit Bikini,L093,https://lebikini.com/2026/09/01/les-classiques,toulouse
F0051,film,2026-09-01,Toulouse,Utopia Borderouge,L125,https://toulouse.cinemas-utopia.org/film/?id=13341,toulouse
F0005,film,2026-09-01,Toulouse,Utopia Borderouge,L125,https://toulouse.cinemas-utopia.org/film/?id=13457,toulouse
F0069,film,2026-09-01,Toulouse,Utopia Borderouge,L125,https://toulouse.cinemas-utopia.org/film/?id=13240,toulouse
F0072,film,2026-09-01,Toulouse,Utopia Borderouge,L125,https://toulouse.cinemas-utopia.org/film?id=13240,toulouse
F0040,film,2026-09-01,Toulouse,Utopia Borderouge,L125,https://toulouse.cinemas-utopia.org/film/?id=13042,toulouse
F0010,film,2026-09-01,Toulouse,Utopia Borderouge,L125,https://toulouse.cinemas-utopia.org/film/?id=13449,toulouse
F0002,film,2026-09-01,Toulouse,Utopia Borderouge,L125,https://toulouse.cinemas-utopia.org/film/?id=13767,toulouse
F0013,film,2026-09-01,Toulouse,Utopia Borderouge,L125,https://toulouse.cinemas-utopia.org/film/?id=13459,toulouse
F0035,film,2026-09-01,Toulouse,Utopia Borderouge,L125,https://toulouse.cinemas-utopia.org/film/?id=13722,toulouse
F0056,film,2026-09-01,Toulouse,Utopia Borderouge,L125,https://toulouse.cinemas-utopia.org/film/?id=13551,toulouse
F0049,film,2026-09-01,Toulouse,Utopia Borderouge,L125,https://toulouse.cinemas-utopia.org/film/?id=13765,toulouse
F0097,film,2026-09-01,Toulouse,Utopia Borderouge,L125,https://toulouse.cinemas-utopia.org/film/?id=13737,toulouse
F0002,film,2026-09-01,Tournefeuille,Utopia Tournefeuille,L126,https://toulouse.cinemas-utopia.org/film/?id=13767,toulouse
F0010,film,2026-09-01,Tournefeuille,Utopia Tournefeuille,L126,https://toulouse.cinemas-utopia.org/film/?id=13449,toulouse
F0098,film,2026-09-01,Tournefeuille,Utopia Tournefeuille,L126,https://toulouse.cinemas-utopia.org/film/?id=5433,toulouse
F0037,film,2026-09-01,Tournefeuille,Utopia Tournefeuille,L126,https://toulouse.cinemas-utopia.org/film/?id=13251,toulouse
F0046,film,2026-09-01,Tournefeuille,Utopia Tournefeuille,L126,https://toulouse.cinemas-utopia.org/film?id=13251,toulouse
F0012,film,2026-09-01,Tournefeuille,Utopia Tournefeuille,L126,https://toulouse.cinemas-utopia.org/film/?id=13805,toulouse
F0028,film,2026-09-01,Tournefeuille,Utopia Tournefeuille,L126,https://toulouse.cinemas-utopia.org/film/?id=13804,toulouse
F0005,film,2026-09-01,Tournefeuille,Utopia Tournefeuille,L126,https://toulouse.cinemas-utopia.org/film/?id=13457,toulouse
F0034,film,2026-09-01,Tournefeuille,Utopia Tournefeuille,L126,https://toulouse.cinemas-utopia.org/film/?id=13462,toulouse
F0044,film,2026-09-01,Tournefeuille,Utopia Tournefeuille,L126,https://toulouse.cinemas-utopia.org/film?id=13462,toulouse
F0027,film,2026-09-01,Tournefeuille,Utopia Tournefeuille,L126,https://toulouse.cinemas-utopia.org/film/?id=13806,toulouse
F0049,film,2026-09-01,Tournefeuille,Utopia Tournefeuille,L126,https://toulouse.cinemas-utopia.org/film/?id=13765,toulouse
F0013,film,2026-09-01,Tournefeuille,Utopia Tournefeuille,L126,https://toulouse.cinemas-utopia.org/film/?id=13459,toulouse
F0394,film,2026-09-01,Toulouse,Cinéma ABC,L127,"https://relay.mvtx.us/ticketing/dbz?code_theater=P0071&gid_entity=movie.movie._.2614&tags=Localization.Language.French,Showtime.Accessibility.Accessible,Format.Projection.Digital&perfd=20260901&perft=11:10&code=VF; DISABLED ACCESS",toulouse
F0058,film,2026-09-01,Toulouse,Cinéma ABC,L127,"https://relay.mvtx.us/ticketing/dbz?code_theater=P0071&gid_entity=movie.movie._.1000032278&tags=Showtime.Accessibility.Subtitled,Localization.Version.Original,Showtime.Accessibility.Accessible,Format.Projection.Digital&perfd=20260901&perft=11:15&code=VO; SUBTITLE; DISABLED ACCESS",toulouse
F0042,film,2026-09-01,Toulouse,Cinéma ABC,L127,"https://relay.mvtx.us/ticketing/dbz?code_theater=P0071&gid_entity=movie.movie._.308394&tags=Showtime.Accessibility.Subtitled,Localization.Version.Original,Showtime.Accessibility.Accessible,Format.Projection.Digital&perfd=20260901&perft=11:40&code=VO; SUBTITLE; DISABLED ACCESS",toulouse
F0075,film,2026-09-01,Toulouse,Cinéma ABC,L127,"https://relay.mvtx.us/ticketing/dbz?code_theater=P0071&gid_entity=movie.movie._.6796&tags=Showtime.Accessibility.Subtitled,Localization.Version.Original,Showtime.Accessibility.Accessible,Format.Projection.Digital&perfd=20260901&perft=14:20&code=VO; SUBTITLE; DISABLED ACCESS",toulouse
F0101,film,2026-09-01,Toulouse,Cinéma ABC,L127,https://abc-toulouse.fr/1262-wake-in-fright-reveil-dans-la-terreur.html,toulouse
F0005,film,2026-09-01,Toulouse,Cinéma ABC,L127,"https://relay.mvtx.us/ticketing/dbz?code_theater=P0071&gid_entity=movie.movie._.188280&tags=Showtime.Accessibility.Subtitled,Localization.Version.Original,Showtime.Accessibility.Accessible,Format.Projection.Digital&perfd=20260901&perft=14:40&code=VO; SUBTITLE; DISABLED ACCESS",toulouse
F0012,film,2026-09-01,Toulouse,Cinéma ABC,L127,"https://relay.mvtx.us/ticketing/dbz?code_theater=P0071&gid_entity=movie.movie._.327993&tags=Showtime.Accessibility.Subtitled,Showtime.Accessibility.OpenCaption,Localization.Language.French,Showtime.Accessibility.Accessible,Format.Projection.Digital&perfd=20260901&perft=15:00&code=SUBTITLE; SUBTITLE OCAP; VF; DISABLED ACCESS",toulouse
F0026,film,2026-09-01,Toulouse,Cinéma ABC,L127,"https://relay.mvtx.us/ticketing/dbz?code_theater=P0071&gid_entity=movie.movie._.1000041528&tags=Localization.Language.French,Showtime.Accessibility.Accessible,Format.Projection.Digital&perfd=20260901&perft=18:55&code=VF; DISABLED ACCESS",toulouse
F0050,film,2026-09-01,Toulouse,Cinéma ABC,L127,"https://relay.mvtx.us/ticketing/dbz?code_theater=P0071&gid_entity=movie.movie._.1000034332&tags=Showtime.Accessibility.Subtitled,Localization.Version.Original,Showtime.Accessibility.Accessible,Format.Projection.Digital&perfd=20260901&perft=20:50&code=VO; SUBTITLE; DISABLED ACCESS",toulouse
F0071,film,2026-09-01,Toulouse,Le Cratère,L128,"https://relay.mvtx.us/ticketing/dbz?code_theater=P0056&gid_entity=movie.movie._.1000025598&tags=Localization.Version.Original,Format.Projection.Digital&perfd=20260901&perft=10:00&code=VO",toulouse
F0117,film,2026-09-01,Toulouse,Le Cratère,L128,"https://relay.mvtx.us/ticketing/dbz?code_theater=P0056&gid_entity=movie.movie._.1000022261&tags=Localization.Version.Original,Format.Projection.Digital&perfd=20260901&perft=11:40&code=VO",toulouse
F0074,film,2026-09-01,Toulouse,Le Cratère,L128,"https://relay.mvtx.us/ticketing/dbz?code_theater=P0056&gid_entity=movie.movie._.282094&tags=Localization.Version.Original,Format.Projection.Digital&perfd=20260901&perft=13:25&code=VO",toulouse
F0010,film,2026-09-01,Toulouse,Le Cratère,L128,"https://relay.mvtx.us/ticketing/dbz?code_theater=P0056&gid_entity=movie.movie._.1000037046&tags=Showtime.Accessibility.Subtitled,Localization.Version.Original,Showtime.Accessibility.OpenCaption,Format.Projection.Digital&perfd=20260901&perft=15:05&code=VO; SUBTITLE; SUBTITLE OCAP",toulouse
F0051,film,2026-09-01,Toulouse,Le Cratère,L128,"https://relay.mvtx.us/ticketing/dbz?code_theater=P0056&gid_entity=movie.movie._.1000031160&tags=Localization.Version.Original,Format.Projection.Digital&perfd=20260901&perft=16:20&code=VO",toulouse
F0386,film,2026-09-01,Toulouse,Le Cratère,L128,"https://relay.mvtx.us/ticketing/dbz?code_theater=P0056&gid_entity=movie.movie._.1000040166&tags=Localization.Version.Original,Format.Projection.Digital&perfd=20260901&perft=17:55&code=VO",toulouse
F0078,film,2026-09-01,Toulouse,Le Cratère,L128,"https://relay.mvtx.us/ticketing/dbz?code_theater=P0056&gid_entity=movie.movie._.305835&tags=Localization.Version.Original,Format.Projection.Digital&perfd=20260901&perft=19:30&code=VO",toulouse
A0343,live,2026-09-01,Blagnac,Poney Club,L132,https://lebikini.com/2026/09/01/les-classiques,toulouse
F0003,film,2026-09-01,Toulouse,Pathé Toulouse Wilson,L137,,toulouse
F0012,film,2026-09-01,Toulouse,Pathé Toulouse Wilson,L137,,toulouse
F0002,film,2026-09-01,Toulouse,Pathé Toulouse Wilson,L137,,toulouse
F0001,film,2026-09-01,Toulouse,Pathé Toulouse Wilson,L137,,toulouse
F0106,film,2026-09-01,Toulouse,Pathé Toulouse Wilson,L137,,toulouse
F0007,film,2026-09-01,Toulouse,Pathé Toulouse Wilson,L137,,toulouse
F0017,film,2026-09-01,Toulouse,Pathé Toulouse Wilson,L137,,toulouse
F0005,film,2026-09-01,Toulouse,Pathé Toulouse Wilson,L137,,toulouse
F0004,film,2026-09-01,Toulouse,Pathé Toulouse Wilson,L137,,toulouse
F0006,film,2026-09-01,Toulouse,Pathé Toulouse Wilson,L137,,toulouse
F0076,film,2026-09-01,Toulouse,Pathé Toulouse Wilson,L137,,toulouse
F0008,film,2026-09-01,Toulouse,Pathé Toulouse Wilson,L137,,toulouse
F0013,film,2026-09-01,Toulouse,Pathé Toulouse Wilson,L137,,toulouse
F0024,film,2026-09-01,Toulouse,Pathé Toulouse Wilson,L137,,toulouse
F0010,film,2026-09-01,Toulouse,Pathé Toulouse Wilson,L137,,toulouse
F0052,film,2026-09-01,Toulouse,Pathé Toulouse Wilson,L137,https://s.pathe.fr/en/V3358S196686/booking,toulouse
F0014,film,2026-09-01,Toulouse,Pathé Toulouse Wilson,L137,https://s.pathe.fr/en/V3358S196684/booking,toulouse
F0003,film,2026-09-01,Labège,Pathé Toulouse Labège,L138,,toulouse
F0011,film,2026-09-01,Labège,Pathé Toulouse Labège,L138,,toulouse
F0017,film,2026-09-01,Labège,Pathé Toulouse Labège,L138,,toulouse
F0038,film,2026-09-01,Labège,Pathé Toulouse Labège,L138,,toulouse
F0002,film,2026-09-01,Labège,Pathé Toulouse Labège,L138,,toulouse
F0015,film,2026-09-01,Labège,Pathé Toulouse Labège,L138,,toulouse
F0106,film,2026-09-01,Labège,Pathé Toulouse Labège,L138,,toulouse
F0004,film,2026-09-01,Labège,Pathé Toulouse Labège,L138,,toulouse
F0009,film,2026-09-01,Labège,Pathé Toulouse Labège,L138,,toulouse
F0030,film,2026-09-01,Labège,Pathé Toulouse Labège,L138,,toulouse
F0019,film,2026-09-01,Labège,Pathé Toulouse Labège,L138,,toulouse
F0006,film,2026-09-01,Labège,Pathé Toulouse Labège,L138,,toulouse
F0051,film,2026-09-01,Labège,Pathé Toulouse Labège,L138,,toulouse
F0001,film,2026-09-01,Labège,Pathé Toulouse Labège,L138,,toulouse
F0007,film,2026-09-01,Labège,Pathé Toulouse Labège,L138,,toulouse
F0021,film,2026-09-01,Labège,Pathé Toulouse Labège,L138,https://s.pathe.fr/en/V3364S188685/booking,toulouse
F0008,film,2026-09-01,Labège,Pathé Toulouse Labège,L138,https://s.pathe.fr/en/V3364S188686/booking,toulouse
F0016,film,2026-09-01,Labège,Pathé Toulouse Labège,L138,https://s.pathe.fr/en/V3364S188688/booking,toulouse
F0020,film,2026-09-01,Labège,Pathé Toulouse Labège,L138,https://s.pathe.fr/en/V3364S188698/booking,toulouse
F0052,film,2026-09-01,Labège,Pathé Toulouse Labège,L138,https://s.pathe.fr/en/V3364S188708/booking,toulouse
F0110,film,2026-09-01,Blagnac,CGR Blagnac,L139,"https://relay.mvtx.us/ticketing/dbz?code_theater=P0692&gid_entity=movie.movie._.1000041813&tags=Localization.Language.French,Showtime.Accessibility.Accessible&perfd=20260901&perft=10:30&code=Accès PMR; VF;",toulouse
F0002,film,2026-09-01,Blagnac,CGR Blagnac,L139,"https://relay.mvtx.us/ticketing/dbz?code_theater=P0692&gid_entity=movie.movie._.1000013045&tags=Localization.Language.French,Showtime.Accessibility.Accessible&perfd=20260901&perft=10:30&code=Accès PMR; VF;",toulouse
F0001,film,2026-09-01,Blagnac,CGR Blagnac,L139,"https://relay.mvtx.us/ticketing/dbz?code_theater=P0692&gid_entity=movie.movie._.276608&tags=Localization.Language.French,Showtime.Accessibility.Accessible,Auditorium.Experience.DolbyAtmos,Format.Projection.3d&perfd=20260901&perft=10:30&code=3D; Accès PMR; Dolby Atmos; VF;",toulouse
F0054,film,2026-09-01,Blagnac,CGR Blagnac,L139,"https://relay.mvtx.us/ticketing/dbz?code_theater=P0692&gid_entity=movie.movie._.29276&tags=Localization.Language.French,Showtime.Accessibility.Accessible,Format.Projection.4k,Auditorium.Experience.Ice,Auditorium.Experience.DolbyAtmos&perfd=20260901&perft=10:30&code=4K; Accès PMR; Dolby Atmos; ICE; VF;",toulouse
F0014,film,2026-09-01,Blagnac,CGR Blagnac,L139,"https://relay.mvtx.us/ticketing/dbz?code_theater=P0692&gid_entity=movie.movie._.316021&tags=Localization.Language.French,Showtime.Accessibility.Accessible&perfd=20260901&perft=10:40&code=Accès PMR; VF;",toulouse
F0017,film,2026-09-01,Blagnac,CGR Blagnac,L139,"https://relay.mvtx.us/ticketing/dbz?code_theater=P0692&gid_entity=movie.movie._.314942&tags=Localization.Language.French,Showtime.Accessibility.Accessible&perfd=20260901&perft=10:40&code=Accès PMR; VF;",toulouse
F0038,film,2026-09-01,Blagnac,CGR Blagnac,L139,"https://relay.mvtx.us/ticketing/dbz?code_theater=P0692&gid_entity=movie.movie._.1000022217&tags=Localization.Language.French,Showtime.Accessibility.Accessible&perfd=20260901&perft=10:40&code=Accès PMR; VF;",toulouse
F0003,film,2026-09-01,Blagnac,CGR Blagnac,L139,"https://relay.mvtx.us/ticketing/dbz?code_theater=P0692&gid_entity=movie.movie._.1000014969&tags=Localization.Language.French,Showtime.Accessibility.Accessible&perfd=20260901&perft=10:45&code=Accès PMR; VF;",toulouse
F0007,film,2026-09-01,Blagnac,CGR Blagnac,L139,"https://relay.mvtx.us/ticketing/dbz?code_theater=P0692&gid_entity=movie.movie._.257425&tags=Localization.Language.French,Showtime.Accessibility.Accessible&perfd=20260901&perft=10:45&code=Accès PMR; VF;",toulouse
F0009,film,2026-09-01,Blagnac,CGR Blagnac,L139,"https://relay.mvtx.us/ticketing/dbz?code_theater=P0692&gid_entity=movie.movie._.320681&tags=Localization.Language.French,Showtime.Accessibility.Accessible&perfd=20260901&perft=10:45&code=Accès PMR; VF;",toulouse
F0016,film,2026-09-01,Blagnac,CGR Blagnac,L139,"https://relay.mvtx.us/ticketing/dbz?code_theater=P0692&gid_entity=movie.movie._.313256&tags=Localization.Language.French,Showtime.Accessibility.Accessible&perfd=20260901&perft=10:45&code=Accès PMR; VF;",toulouse
F0024,film,2026-09-01,Blagnac,CGR Blagnac,L139,"https://relay.mvtx.us/ticketing/dbz?code_theater=P0692&gid_entity=movie.movie._.315380&tags=Localization.Language.French,Showtime.Accessibility.Accessible&perfd=20260901&perft=10:45&code=Accès PMR; VF;",toulouse
F0004,film,2026-09-01,Blagnac,CGR Blagnac,L139,"https://relay.mvtx.us/ticketing/dbz?code_theater=P0692&gid_entity=movie.movie._.1000032856&tags=Localization.Language.French,Showtime.Accessibility.Accessible&perfd=20260901&perft=11:00&code=Accès PMR; VF;",toulouse
F0029,film,2026-09-01,Blagnac,CGR Blagnac,L139,"https://relay.mvtx.us/ticketing/dbz?code_theater=P0692&gid_entity=movie.movie._.1000022546&tags=Localization.Language.French,Showtime.Accessibility.Accessible&perfd=20260901&perft=11:00&code=Accès PMR; VF;",toulouse
F0019,film,2026-09-01,Blagnac,CGR Blagnac,L139,"https://relay.mvtx.us/ticketing/dbz?code_theater=P0692&gid_entity=movie.movie._.321617&tags=Localization.Language.French,Showtime.Accessibility.Accessible&perfd=20260901&perft=13:30&code=Accès PMR; VF;",toulouse
F0006,film,2026-09-01,Blagnac,CGR Blagnac,L139,"https://relay.mvtx.us/ticketing/dbz?code_theater=P0692&gid_entity=movie.movie._.314503&tags=Localization.Language.French,Showtime.Accessibility.Accessible&perfd=20260901&perft=22:15&code=Accès PMR; VF;",toulouse
F0021,film,2026-09-01,Blagnac,CGR Blagnac,L139,"https://relay.mvtx.us/ticketing/dbz?code_theater=P0692&gid_entity=movie.movie._.1000033718&tags=Localization.Language.French,Showtime.Accessibility.Accessible&perfd=20260901&perft=22:15&code=Accès PMR; VF;",toulouse
F0008,film,2026-09-01,Blagnac,CGR Blagnac,L139,"https://relay.mvtx.us/ticketing/dbz?code_theater=P0692&gid_entity=movie.movie._.1000016503&tags=Localization.Language.French,Showtime.Accessibility.Accessible&perfd=20260901&perft=22:30&code=Accès PMR; VF;",toulouse
F0030,film,2026-09-01,Blagnac,CGR Blagnac,L139,"https://relay.mvtx.us/ticketing/dbz?code_theater=P0692&gid_entity=movie.movie._.1000019899&tags=Localization.Language.French,Showtime.Accessibility.Accessible&perfd=20260901&perft=22:30&code=Accès PMR; VF;",toulouse
F0052,film,2026-09-01,Blagnac,CGR Blagnac,L139,"https://relay.mvtx.us/ticketing/dbz?code_theater=P0692&gid_entity=movie.movie._.1000028234&tags=Localization.Language.French,Showtime.Accessibility.Accessible&perfd=20260901&perft=22:30&code=Accès PMR; VF;",toulouse
F0011,film,2026-09-01,Blagnac,CGR Blagnac,L139,"https://relay.mvtx.us/ticketing/dbz?code_theater=P0692&gid_entity=movie.movie._.1000002942&tags=Localization.Language.French,Showtime.Accessibility.Accessible&perfd=20260901&perft=22:30&code=Accès PMR; VF;",toulouse
F0003,film,2026-09-01,Fenouillet,Kinepolis Fenouillet,L140,https://relay.mvtx.us/ticketing/dbz?code_theater=W3115&gid_entity=movie.movie._.1000014969&tags=Format.Projection.Digital&perfd=20260901&perft=13:30&code=Version Francaise; 2D,toulouse
F0020,film,2026-09-01,Fenouillet,Kinepolis Fenouillet,L140,https://relay.mvtx.us/ticketing/dbz?code_theater=W3115&gid_entity=movie.movie._.294280&tags=Format.Projection.Digital&perfd=20260901&perft=13:30&code=Version Francaise; 2D,toulouse
F0001,film,2026-09-01,Fenouillet,Kinepolis Fenouillet,L140,https://relay.mvtx.us/ticketing/dbz?code_theater=W3115&gid_entity=movie.movie._.276608&tags=Format.Projection.Digital&perfd=20260901&perft=13:35&code=Version Francaise; 2D Laser Ultra,toulouse
F0008,film,2026-09-01,Fenouillet,Kinepolis Fenouillet,L140,https://relay.mvtx.us/ticketing/dbz?code_theater=W3115&gid_entity=movie.movie._.1000016503&tags=Format.Projection.Digital&perfd=20260901&perft=13:35&code=Version Francaise; 2D,toulouse
F0011,film,2026-09-01,Fenouillet,Kinepolis Fenouillet,L140,https://relay.mvtx.us/ticketing/dbz?code_theater=W3115&gid_entity=movie.movie._.1000002942&tags=Format.Projection.Digital&perfd=20260901&perft=13:40&code=Version Francaise; 2D,toulouse
F0006,film,2026-09-01,Fenouillet,Kinepolis Fenouillet,L140,https://relay.mvtx.us/ticketing/dbz?code_theater=W3115&gid_entity=movie.movie._.314503&tags=Format.Projection.Digital&perfd=20260901&perft=13:40&code=Version Francaise; 2D,toulouse
F0004,film,2026-09-01,Fenouillet,Kinepolis Fenouillet,L140,https://relay.mvtx.us/ticketing/dbz?code_theater=W3115&gid_entity=movie.movie._.1000032856&tags=Format.Projection.Digital&perfd=20260901&perft=13:45&code=Version Francaise; 2D,toulouse
F0029,film,2026-09-01,Fenouillet,Kinepolis Fenouillet,L140,https://relay.mvtx.us/ticketing/dbz?code_theater=W3115&gid_entity=movie.movie._.1000022546&tags=Format.Projection.Digital&perfd=20260901&perft=15:50&code=Version Francaise; 2D,toulouse
F0002,film,2026-09-01,Fenouillet,Kinepolis Fenouillet,L140,https://relay.mvtx.us/ticketing/dbz?code_theater=W3115&gid_entity=movie.movie._.1000013045&tags=Format.Projection.Digital&perfd=20260901&perft=16:40&code=Version Francaise; 2D,toulouse
F0017,film,2026-09-01,Fenouillet,Kinepolis Fenouillet,L140,https://relay.mvtx.us/ticketing/dbz?code_theater=W3115&gid_entity=movie.movie._.314942&tags=Format.Projection.Digital&perfd=20260901&perft=17:50&code=Version Francaise; 2D,toulouse
F0021,film,2026-09-01,Fenouillet,Kinepolis Fenouillet,L140,https://relay.mvtx.us/ticketing/dbz?code_theater=W3115&gid_entity=movie.movie._.1000033718&tags=Format.Projection.Digital&perfd=20260901&perft=18:05&code=Version Francaise; 2D,toulouse
F0007,film,2026-09-01,Fenouillet,Kinepolis Fenouillet,L140,https://relay.mvtx.us/ticketing/dbz?code_theater=W3115&gid_entity=movie.movie._.257425&tags=Format.Projection.Digital&perfd=20260901&perft=18:10&code=Version Francaise; 2D,toulouse
F0445,film,2026-09-01,Fenouillet,Kinepolis Fenouillet,L140,https://relay.mvtx.us/ticketing/dbz?code_theater=W3115&gid_entity=movie.movie._.8584&tags=Format.Projection.Digital&perfd=20260901&perft=20:15&code=Version Originale; Sous-titres : Francais; 2D,toulouse
F0028,film,2026-09-01,Toulouse,American Cosmograph,L141,https://american-cosmograph.fr/les-horaires.html,toulouse
F0013,film,2026-09-01,Toulouse,American Cosmograph,L141,https://american-cosmograph.fr/soudain.html,toulouse
F0063,film,2026-09-01,Toulouse,American Cosmograph,L141,https://american-cosmograph.fr/les-horaires.html,toulouse
F0035,film,2026-09-01,Toulouse,American Cosmograph,L141,https://american-cosmograph.fr/les-horaires.html,toulouse
F0002,film,2026-09-01,Toulouse,American Cosmograph,L141,https://american-cosmograph.fr/les-horaires.html,toulouse
F0027,film,2026-09-01,Toulouse,American Cosmograph,L141,https://american-cosmograph.fr/decorado.html,toulouse
F0009,film,2026-09-01,Toulouse,UGC Montaudran,L142,"https://relay.mvtx.us/ticketing/dbz?code_theater=W3140&gid_entity=movie.movie._.320681&tags=Showtime.Accessibility.Accessible,Localization.Version.French,Format.Projection.Digital&perfd=20260901&perft=13:15&code=apd03a; PMR; 2D; VF; ",toulouse
F0024,film,2026-09-01,Toulouse,UGC Montaudran,L142,"https://relay.mvtx.us/ticketing/dbz?code_theater=W3140&gid_entity=movie.movie._.315380&tags=Showtime.Accessibility.Accessible,Localization.Version.French,Format.Projection.Digital&perfd=20260901&perft=13:30&code=SME; AUDIO; GRETA; apd06a; PMR; 2D; VF; ",toulouse
F0004,film,2026-09-01,Toulouse,UGC Montaudran,L142,"https://relay.mvtx.us/ticketing/dbz?code_theater=W3140&gid_entity=movie.movie._.1000032856&tags=Showtime.Accessibility.Accessible,Localization.Version.French,Format.Projection.Digital&perfd=20260901&perft=13:45&code=SME; AUDIO; PMR; 2D; VF; ",toulouse
F0003,film,2026-09-01,Toulouse,UGC Montaudran,L142,"https://relay.mvtx.us/ticketing/dbz?code_theater=W3140&gid_entity=movie.movie._.1000014969&tags=Showtime.Accessibility.Accessible,Localization.Version.French,Format.Projection.Digital&perfd=20260901&perft=14:00&code=SME; AUDIO; GRETA; PMR; 2D; VF; ",toulouse
F0007,film,2026-09-01,Toulouse,UGC Montaudran,L142,"https://relay.mvtx.us/ticketing/dbz?code_theater=W3140&gid_entity=movie.movie._.257425&tags=Showtime.Accessibility.Accessible,Localization.Version.French,Format.Projection.Digital&perfd=20260901&perft=14:00&code=apd06a; PMR; 2D; VF; ",toulouse
F0002,film,2026-09-01,Toulouse,UGC Montaudran,L142,"https://relay.mvtx.us/ticketing/dbz?code_theater=W3140&gid_entity=movie.movie._.1000013045&tags=Showtime.Accessibility.Accessible,Localization.Subtitle.French,Localization.Version.Original,Format.Projection.Digital&perfd=20260901&perft=14:00&code=SME; AUDIO; GRETA; PMR; 2D; VO; ",toulouse
F0005,film,2026-09-01,Toulouse,UGC Montaudran,L142,"https://relay.mvtx.us/ticketing/dbz?code_theater=W3140&gid_entity=movie.movie._.188280&tags=Showtime.Accessibility.Accessible,Localization.Subtitle.French,Localization.Version.Original,Format.Projection.Digital&perfd=20260901&perft=14:10&code=PMR; 2D; VO; ",toulouse
F0001,film,2026-09-01,Toulouse,UGC Montaudran,L142,"https://relay.mvtx.us/ticketing/dbz?code_theater=W3140&gid_entity=movie.movie._.276608&tags=Showtime.Accessibility.Accessible,Localization.Subtitle.French,Localization.Version.Original,Format.Projection.Digital&perfd=20260901&perft=15:15&code=SME; AUDIO; GRETA; PMR; 2D; VO; ",toulouse
F0016,film,2026-09-01,Toulouse,UGC Montaudran,L142,"https://relay.mvtx.us/ticketing/dbz?code_theater=W3140&gid_entity=movie.movie._.313256&tags=Showtime.Accessibility.Accessible,Localization.Version.French,Format.Projection.Digital&perfd=20260901&perft=15:45&code=SME; AUDIO; GRETA; apd06a; PMR; 2D; VF; ",toulouse
F0006,film,2026-09-01,Toulouse,UGC Montaudran,L142,"https://relay.mvtx.us/ticketing/dbz?code_theater=W3140&gid_entity=movie.movie._.314503&tags=Showtime.Accessibility.Accessible,Localization.Subtitle.French,Localization.Version.Original,Format.Projection.Digital&perfd=20260901&perft=22:00&code=SME; AUDIO; GRETA; PMR; 2D; VO; ",toulouse
F0071,film,2026-09-01,Ramonville-Saint-Agne,L'Autan,L143,"https://relay.mvtx.us/ticketing/dbz?code_theater=P0881&gid_entity=movie.movie._.1000025598&tags=Localization.Language.French,Showtime.Accessibility.Accessible,Format.Projection.Digital&perfd=20260901&perft=16:00&code=VF; DISABLED ACCESS",toulouse
F0093,film,2026-09-01,Ramonville-Saint-Agne,L'Autan,L143,"https://relay.mvtx.us/ticketing/dbz?code_theater=P0881&gid_entity=movie.movie._.1000043086&tags=Localization.Language.French,Showtime.Accessibility.Accessible,Format.Projection.Digital&perfd=20260901&perft=18:30&code=VF; DISABLED ACCESS",toulouse
F0010,film,2026-09-01,Ramonville-Saint-Agne,L'Autan,L143,"https://relay.mvtx.us/ticketing/dbz?code_theater=P0881&gid_entity=movie.movie._.1000037046&tags=Localization.Language.French,Showtime.Accessibility.Accessible,Format.Projection.Digital&perfd=20260901&perft=21:00&code=VF; DISABLED ACCESS",toulouse
F0026,film,2026-09-01,Colomiers,Véo Grand Central Colomiers,L144,"https://relay.mvtx.us/ticketing/dbz?code_theater=P6864&gid_entity=movie.movie._.1000041528&tags=Localization.Language.French,Format.Projection.Digital&perfd=20260901&perft=13:40",toulouse
F0010,film,2026-09-01,Colomiers,Véo Grand Central Colomiers,L144,"https://relay.mvtx.us/ticketing/dbz?code_theater=P6864&gid_entity=movie.movie._.1000037046&tags=Localization.Language.French,Format.Projection.Digital&perfd=20260901&perft=13:50",toulouse
F0004,film,2026-09-01,Colomiers,Véo Grand Central Colomiers,L144,"https://relay.mvtx.us/ticketing/dbz?code_theater=P6864&gid_entity=movie.movie._.1000032856&tags=Localization.Language.French,Format.Projection.Digital&perfd=20260901&perft=14:00",toulouse
F0006,film,2026-09-01,Colomiers,Véo Grand Central Colomiers,L144,"https://relay.mvtx.us/ticketing/dbz?code_theater=P6864&gid_entity=movie.movie._.314503&tags=Localization.Language.French,Showtime.Accessibility.Dubbed,Format.Projection.Digital,Format.Sound.71&perfd=20260901&perft=14:00",toulouse
F0029,film,2026-09-01,Colomiers,Véo Grand Central Colomiers,L144,"https://relay.mvtx.us/ticketing/dbz?code_theater=P6864&gid_entity=movie.movie._.1000022546&tags=Localization.Language.French,Format.Projection.Digital&perfd=20260901&perft=14:00",toulouse
F0013,film,2026-09-01,Colomiers,Véo Grand Central Colomiers,L144,"https://relay.mvtx.us/ticketing/dbz?code_theater=P6864&gid_entity=movie.movie._.1000024105&tags=Localization.Version.Original,Format.Projection.Digital&perfd=20260901&perft=15:20",toulouse
F0020,film,2026-09-01,Colomiers,Véo Grand Central Colomiers,L144,"https://relay.mvtx.us/ticketing/dbz?code_theater=P6864&gid_entity=movie.movie._.294280&tags=Localization.Language.French,Format.Projection.Digital,Format.Sound.71&perfd=20260901&perft=15:30",toulouse
F0001,film,2026-09-01,Colomiers,Véo Grand Central Colomiers,L144,"https://relay.mvtx.us/ticketing/dbz?code_theater=P6864&gid_entity=movie.movie._.276608&tags=Localization.Language.French,Showtime.Accessibility.Dubbed,Format.Projection.Digital,Format.Sound.71&perfd=20260901&perft=15:50",toulouse
F0005,film,2026-09-01,Colomiers,Véo Grand Central Colomiers,L144,"https://relay.mvtx.us/ticketing/dbz?code_theater=P6864&gid_entity=movie.movie._.188280&tags=Localization.Version.Original,Format.Projection.Digital&perfd=20260901&perft=16:00",toulouse
F0050,film,2026-09-01,Colomiers,Véo Grand Central Colomiers,L144,"https://relay.mvtx.us/ticketing/dbz?code_theater=P6864&gid_entity=movie.movie._.1000034332&tags=Localization.Language.French,Format.Projection.Digital&perfd=20260901&perft=16:10",toulouse
F0030,film,2026-09-01,Colomiers,Véo Grand Central Colomiers,L144,"https://relay.mvtx.us/ticketing/dbz?code_theater=P6864&gid_entity=movie.movie._.1000019899&tags=Localization.Version.Original,Format.Projection.Digital&perfd=20260901&perft=18:40",toulouse
F0002,film,2026-09-01,Colomiers,Véo Grand Central Colomiers,L144,"https://relay.mvtx.us/ticketing/dbz?code_theater=P6864&gid_entity=movie.movie._.1000013045&tags=Localization.Language.French,Showtime.Accessibility.Dubbed,Format.Projection.Digital,Format.Sound.71&perfd=20260901&perft=20:45",toulouse
F0015,film,2026-09-01,Colomiers,Véo Grand Central Colomiers,L144,"https://relay.mvtx.us/ticketing/dbz?code_theater=P6864&gid_entity=movie.movie._.294281&tags=Localization.Language.French,Format.Projection.Digital,Format.Sound.71&perfd=20260901&perft=20:45",toulouse
F0033,film,2026-09-01,Castelginest,Le Castelia,L146,"https://relay.mvtx.us/ticketing/dbz?code_theater=P0583&gid_entity=movie.movie._.1000023007&tags=Showtime.Accessibility.Subtitled,Localization.Version.Original,Showtime.Accessibility.Accessible,Format.Projection.Digital&perfd=20260901&perft=18:00&code=VO; SUBTITLE; DISABLED ACCESS",toulouse
F0002,film,2026-09-01,Castelginest,Le Castelia,L146,"https://relay.mvtx.us/ticketing/dbz?code_theater=P0583&gid_entity=movie.movie._.1000013045&tags=Showtime.Accessibility.Subtitled,Localization.Version.Original,Showtime.Accessibility.Accessible,Format.Projection.Digital&perfd=20260901&perft=20:30&code=VO; SUBTITLE; DISABLED ACCESS",toulouse
F0011,film,2026-09-01,Muret,Véo Muret,L147,"https://relay.mvtx.us/ticketing/dbz?code_theater=W3161&gid_entity=movie.movie._.1000002942&tags=Localization.Language.French,Showtime.Accessibility.Dubbed,Format.Projection.Digital&perfd=20260901&perft=14:00",toulouse
F0005,film,2026-09-01,Muret,Véo Muret,L147,"https://relay.mvtx.us/ticketing/dbz?code_theater=W3161&gid_entity=movie.movie._.188280&tags=Localization.Version.Original,Format.Projection.Digital&perfd=20260901&perft=14:00",toulouse
F0004,film,2026-09-01,Muret,Véo Muret,L147,"https://relay.mvtx.us/ticketing/dbz?code_theater=W3161&gid_entity=movie.movie._.1000032856&tags=Localization.Language.French,Format.Projection.Digital&perfd=20260901&perft=14:00",toulouse
F0008,film,2026-09-01,Muret,Véo Muret,L147,"https://relay.mvtx.us/ticketing/dbz?code_theater=W3161&gid_entity=movie.movie._.1000016503&tags=Localization.Language.French,Showtime.Accessibility.Dubbed,Format.Projection.Digital&perfd=20260901&perft=14:00",toulouse
F0013,film,2026-09-01,Muret,Véo Muret,L147,"https://relay.mvtx.us/ticketing/dbz?code_theater=W3161&gid_entity=movie.movie._.1000024105&tags=Localization.Language.French,Showtime.Accessibility.Dubbed,Format.Projection.Digital&perfd=20260901&perft=14:00",toulouse
F0010,film,2026-09-01,Muret,Véo Muret,L147,"https://relay.mvtx.us/ticketing/dbz?code_theater=W3161&gid_entity=movie.movie._.1000037046&tags=Localization.Language.French,Format.Projection.Digital&perfd=20260901&perft=14:00",toulouse
F0015,film,2026-09-01,Muret,Véo Muret,L147,"https://relay.mvtx.us/ticketing/dbz?code_theater=W3161&gid_entity=movie.movie._.294281&tags=Localization.Language.French,Format.Projection.Digital&perfd=20260901&perft=14:00",toulouse
F0003,film,2026-09-01,Muret,Véo Muret,L147,"https://relay.mvtx.us/ticketing/dbz?code_theater=W3161&gid_entity=movie.movie._.1000014969&tags=Localization.Language.French,Showtime.Accessibility.Dubbed,Format.Projection.Digital&perfd=20260901&perft=16:00",toulouse
F0014,film,2026-09-01,Muret,Véo Muret,L147,"https://relay.mvtx.us/ticketing/dbz?code_theater=W3161&gid_entity=movie.movie._.316021&tags=Localization.Language.French,Showtime.Accessibility.Dubbed,Format.Projection.Digital&perfd=20260901&perft=16:00",toulouse
F0029,film,2026-09-01,Muret,Véo Muret,L147,"https://relay.mvtx.us/ticketing/dbz?code_theater=W3161&gid_entity=movie.movie._.1000022546&tags=Localization.Language.French,Format.Projection.Digital&perfd=20260901&perft=16:40",toulouse
F0002,film,2026-09-01,Muret,Véo Muret,L147,"https://relay.mvtx.us/ticketing/dbz?code_theater=W3161&gid_entity=movie.movie._.1000013045&tags=Localization.Language.French,Showtime.Accessibility.Dubbed,Format.Projection.Digital&perfd=20260901&perft=17:30",toulouse
F0007,film,2026-09-01,Muret,Véo Muret,L147,"https://relay.mvtx.us/ticketing/dbz?code_theater=W3161&gid_entity=movie.movie._.257425&tags=Localization.Language.French,Showtime.Accessibility.Dubbed,Format.Projection.Digital&perfd=20260901&perft=18:20",toulouse
F0001,film,2026-09-01,Muret,Véo Muret,L147,"https://relay.mvtx.us/ticketing/dbz?code_theater=W3161&gid_entity=movie.movie._.276608&tags=Localization.Language.French,Format.Projection.Digital&perfd=20260901&perft=20:50",toulouse
F0006,film,2026-09-01,Muret,Véo Muret,L147,"https://relay.mvtx.us/ticketing/dbz?code_theater=W3161&gid_entity=movie.movie._.314503&tags=Localization.Language.French,Showtime.Accessibility.Dubbed,Format.Projection.Digital&perfd=20260901&perft=21:00",toulouse
F0004,film,2026-09-01,Castanet-Tolosan,MJC Ciné 113,L148,"https://relay.mvtx.us/ticketing/dbz?code_theater=P2235&gid_entity=movie.movie._.1000032856&tags=Localization.Language.French,Format.Projection.Digital&perfd=20260901&perft=14:15&code=VF",toulouse
F0033,film,2026-09-01,Castanet-Tolosan,MJC Ciné 113,L148,"https://relay.mvtx.us/ticketing/dbz?code_theater=P2235&gid_entity=movie.movie._.1000023007&tags=Localization.Version.Original,Format.Projection.Digital&perfd=20260901&perft=17:15&code=VO",toulouse
F0284,film,2026-09-01,Castanet-Tolosan,MJC Ciné 113,L148,https://www.mjc-castanet-tolosan.fr/cine113/fleurs-tokyo-vostfr-40756/,toulouse
F0002,film,2026-09-01,Castanet-Tolosan,MJC Ciné 113,L148,"https://relay.mvtx.us/ticketing/dbz?code_theater=P2235&gid_entity=movie.movie._.1000013045&tags=Localization.Language.French,Format.Projection.Digital&perfd=20260901&perft=20:15&code=VF",toulouse
A0344,live,2026-09-01,Lasserre-Pradère,Café associatif Le Buv'Art,L153,https://foyerrurallasserrepradere.fr/agenda/agenda-culturel-le-buvart/septembre-au-buvart-5269881,toulouse
A0345,live,2026-09-01,Lasserre-Pradère,Café associatif Le Buv'Art,L153,https://foyerrurallasserrepradere.fr/agenda/agenda-culturel-le-buvart/cafe-des-parents-une-rentree-a-partager,toulouse
A0343,live,2026-09-02,Ramonville-Saint-Agne,Le Bikini,L083,https://lebikini.com/2026/09/02/les-classiques,toulouse
A0256,live,2026-09-02,Toulouse,Les Jardins de Candie,L092,https://lesjardinsdecandie.com/,toulouse
A0343,live,2026-09-02,Ramonville-Saint-Agne,Le Petit Bikini,L093,https://lebikini.com/2026/09/02/les-classiques,toulouse
F0005,film,2026-09-02,Toulouse,Utopia Borderouge,L125,https://toulouse.cinemas-utopia.org/film/?id=13457,toulouse
F0002,film,2026-09-02,Toulouse,Utopia Borderouge,L125,https://toulouse.cinemas-utopia.org/film/?id=13767,toulouse
F0037,film,2026-09-02,Toulouse,Utopia Borderouge,L125,https://toulouse.cinemas-utopia.org/film/?id=13251,toulouse
F0046,film,2026-09-02,Toulouse,Utopia Borderouge,L125,https://toulouse.cinemas-utopia.org/film?id=13251,toulouse
F0065,film,2026-09-02,Toulouse,Utopia Borderouge,L125,https://toulouse.cinemas-utopia.org/film/?id=13430,toulouse
F0010,film,2026-09-02,Toulouse,Utopia Borderouge,L125,https://toulouse.cinemas-utopia.org/film/?id=13449,toulouse
F0034,film,2026-09-02,Toulouse,Utopia Borderouge,L125,https://toulouse.cinemas-utopia.org/film/?id=13462,toulouse
F0044,film,2026-09-02,Toulouse,Utopia Borderouge,L125,https://toulouse.cinemas-utopia.org/film?id=13462,toulouse
F0049,film,2026-09-02,Toulouse,Utopia Borderouge,L125,https://toulouse.cinemas-utopia.org/film/?id=13765,toulouse
F0056,film,2026-09-02,Toulouse,Utopia Borderouge,L125,https://toulouse.cinemas-utopia.org/film/?id=13551,toulouse
F0033,film,2026-09-02,Toulouse,Utopia Borderouge,L125,https://toulouse.cinemas-utopia.org/film/?id=13754,toulouse
F0013,film,2026-09-02,Toulouse,Utopia Borderouge,L125,https://toulouse.cinemas-utopia.org/film/?id=13459,toulouse
F0026,film,2026-09-02,Toulouse,Utopia Borderouge,L125,https://toulouse.cinemas-utopia.org/film/?id=13696,toulouse
F0022,film,2026-09-02,Tournefeuille,Utopia Tournefeuille,L126,https://toulouse.cinemas-utopia.org/film/?id=13949,toulouse
F0023,film,2026-09-02,Tournefeuille,Utopia Tournefeuille,L126,https://toulouse.cinemas-utopia.org/film/?id=11952,toulouse
F0025,film,2026-09-02,Tournefeuille,Utopia Tournefeuille,L126,https://toulouse.cinemas-utopia.org/film/?id=13808,toulouse
F0039,film,2026-09-02,Tournefeuille,Utopia Tournefeuille,L126,https://toulouse.cinemas-utopia.org/film/?id=13809,toulouse
F0010,film,2026-09-02,Tournefeuille,Utopia Tournefeuille,L126,https://toulouse.cinemas-utopia.org/film/?id=13449,toulouse
F0067,film,2026-09-02,Tournefeuille,Utopia Tournefeuille,L126,https://toulouse.cinemas-utopia.org/film/?id=13760,toulouse
F0012,film,2026-09-02,Tournefeuille,Utopia Tournefeuille,L126,https://toulouse.cinemas-utopia.org/film/?id=13805,toulouse
F0028,film,2026-09-02,Tournefeuille,Utopia Tournefeuille,L126,https://toulouse.cinemas-utopia.org/film/?id=13804,toulouse
F0013,film,2026-09-02,Tournefeuille,Utopia Tournefeuille,L126,https://toulouse.cinemas-utopia.org/film/?id=13459,toulouse
F0005,film,2026-09-02,Tournefeuille,Utopia Tournefeuille,L126,https://toulouse.cinemas-utopia.org/film/?id=13457,toulouse
F0027,film,2026-09-02,Tournefeuille,Utopia Tournefeuille,L126,https://toulouse.cinemas-utopia.org/film/?id=13806,toulouse
F0012,film,2026-09-02,Toulouse,Cinéma ABC,L127,"https://relay.mvtx.us/ticketing/dbz?code_theater=P0071&gid_entity=movie.movie._.327993&tags=Localization.Language.French,Showtime.Accessibility.Accessible,Format.Projection.Digital&perfd=20260902&perft=10:45&code=VF; DISABLED ACCESS",toulouse
F0058,film,2026-09-02,Toulouse,Cinéma ABC,L127,"https://relay.mvtx.us/ticketing/dbz?code_theater=P0071&gid_entity=movie.movie._.1000032278&tags=Showtime.Accessibility.Subtitled,Localization.Version.Original,Showtime.Accessibility.Accessible,Format.Projection.Digital&perfd=20260902&perft=11:00&code=VO; SUBTITLE; DISABLED ACCESS",toulouse
F0026,film,2026-09-02,Toulouse,Cinéma ABC,L127,"https://relay.mvtx.us/ticketing/dbz?code_theater=P0071&gid_entity=movie.movie._.1000041528&tags=Localization.Language.French,Showtime.Accessibility.Accessible,Format.Projection.Digital&perfd=20260902&perft=11:15&code=VF; DISABLED ACCESS",toulouse
F0022,film,2026-09-02,Toulouse,Cinéma ABC,L127,"https://relay.mvtx.us/ticketing/dbz?code_theater=P0071&gid_entity=movie.movie._.300784&tags=Localization.Language.French,Showtime.Accessibility.Accessible,Format.Projection.Digital&perfd=20260902&perft=13:20&code=VF; DISABLED ACCESS",toulouse
F0025,film,2026-09-02,Toulouse,Cinéma ABC,L127,"https://relay.mvtx.us/ticketing/dbz?code_theater=P0071&gid_entity=movie.movie._.1000022260&tags=Showtime.Accessibility.Subtitled,Localization.Version.Original,Showtime.Accessibility.Accessible,Format.Projection.Digital&perfd=20260902&perft=14:20&code=VO; SUBTITLE; DISABLED ACCESS",toulouse
F0005,film,2026-09-02,Toulouse,Cinéma ABC,L127,"https://relay.mvtx.us/ticketing/dbz?code_theater=P0071&gid_entity=movie.movie._.188280&tags=Showtime.Accessibility.Subtitled,Localization.Version.Original,Showtime.Accessibility.Accessible,Format.Projection.Digital&perfd=20260902&perft=15:00&code=VO; SUBTITLE; DISABLED ACCESS",toulouse
F0169,film,2026-09-02,Toulouse,Cinéma ABC,L127,"https://relay.mvtx.us/ticketing/dbz?code_theater=P0071&gid_entity=movie.movie._.274108&tags=Localization.Language.French,Showtime.Accessibility.Accessible,Format.Projection.Digital&perfd=20260902&perft=16:30&code=VF; DISABLED ACCESS",toulouse
F0074,film,2026-09-02,Toulouse,Le Cratère,L128,"https://relay.mvtx.us/ticketing/dbz?code_theater=P0056&gid_entity=movie.movie._.282094&tags=Localization.Version.Original,Format.Projection.Digital&perfd=20260902&perft=10:00&code=VO",toulouse
F0255,film,2026-09-02,Toulouse,Le Cratère,L128,"https://relay.mvtx.us/ticketing/dbz?code_theater=P0056&gid_entity=movie.movie._.306166&tags=Localization.Version.Original,Format.Projection.Digital&perfd=20260902&perft=11:40&code=VO",toulouse
F0226,film,2026-09-02,Toulouse,Le Cratère,L128,"https://relay.mvtx.us/ticketing/dbz?code_theater=P0056&gid_entity=movie.movie._.1681&tags=Localization.Version.Original,Format.Projection.Digital&perfd=20260902&perft=13:45&code=VO",toulouse
F0065,film,2026-09-02,Toulouse,Le Cratère,L128,"https://relay.mvtx.us/ticketing/dbz?code_theater=P0056&gid_entity=movie.movie._.1000043585&tags=Localization.Language.French,Format.Projection.Digital&perfd=20260902&perft=16:05&code=VF",toulouse
F0033,film,2026-09-02,Toulouse,Le Cratère,L128,"https://relay.mvtx.us/ticketing/dbz?code_theater=P0056&gid_entity=movie.movie._.1000023007&tags=Localization.Version.Original,Format.Projection.Digital&perfd=20260902&perft=16:50&code=VO",toulouse
F0078,film,2026-09-02,Toulouse,Le Cratère,L128,"https://relay.mvtx.us/ticketing/dbz?code_theater=P0056&gid_entity=movie.movie._.305835&tags=Localization.Version.Original,Format.Projection.Digital&perfd=20260902&perft=18:50&code=VO",toulouse
F0088,film,2026-09-02,Toulouse,Le Cratère,L128,"https://relay.mvtx.us/ticketing/dbz?code_theater=P0056&gid_entity=movie.movie._.1000003998&tags=Localization.Version.Original,Format.Projection.Digital&perfd=20260902&perft=21:40&code=VO",toulouse
A0343,live,2026-09-02,Blagnac,Poney Club,L132,https://lebikini.com/2026/09/02/les-classiques,toulouse
F0003,film,2026-09-02,Toulouse,Pathé Toulouse Wilson,L137,https://s.pathe.fr/en/V3358S196794/booking,toulouse
F0002,film,2026-09-02,Toulouse,Pathé Toulouse Wilson,L137,https://s.pathe.fr/en/V3358S196772/booking,toulouse
F0005,film,2026-09-02,Toulouse,Pathé Toulouse Wilson,L137,https://s.pathe.fr/en/V3358S196802/booking,toulouse
F0020,film,2026-09-02,Toulouse,Pathé Toulouse Wilson,L137,https://s.pathe.fr/en/V3358S196806/booking,toulouse
F0023,film,2026-09-02,Toulouse,Pathé Toulouse Wilson,L137,https://s.pathe.fr/en/V3358S196798/booking,toulouse
F0031,film,2026-09-02,Toulouse,Pathé Toulouse Wilson,L137,https://s.pathe.fr/en/V3358S196803/booking,toulouse
F0001,film,2026-09-02,Toulouse,Pathé Toulouse Wilson,L137,https://s.pathe.fr/en/V3358S196797/booking,toulouse
F0004,film,2026-09-02,Toulouse,Pathé Toulouse Wilson,L137,https://s.pathe.fr/en/V3358S196795/booking,toulouse
F0006,film,2026-09-02,Toulouse,Pathé Toulouse Wilson,L137,https://s.pathe.fr/en/V3358S196801/booking,toulouse
F0012,film,2026-09-02,Toulouse,Pathé Toulouse Wilson,L137,https://s.pathe.fr/en/V3358S196799/booking,toulouse
F0010,film,2026-09-02,Toulouse,Pathé Toulouse Wilson,L137,https://s.pathe.fr/en/V3358S196800/booking,toulouse
F0009,film,2026-09-02,Toulouse,Pathé Toulouse Wilson,L137,https://s.pathe.fr/en/V3358S196746/booking,toulouse
F0449,film,2026-09-02,Toulouse,Pathé Toulouse Wilson,L137,https://s.pathe.fr/en/V3358S196807/booking,toulouse
F0022,film,2026-09-02,Toulouse,Pathé Toulouse Wilson,L137,https://s.pathe.fr/en/V3358S196796/booking,toulouse
F0125,film,2026-09-02,Toulouse,Pathé Toulouse Wilson,L137,https://s.pathe.fr/en/V3358S196809/booking,toulouse
F0003,film,2026-09-02,Labège,Pathé Toulouse Labège,L138,https://s.pathe.fr/en/V3364S188743/booking,toulouse
F0017,film,2026-09-02,Labège,Pathé Toulouse Labège,L138,https://s.pathe.fr/en/V3364S188742/booking,toulouse
F0038,film,2026-09-02,Labège,Pathé Toulouse Labège,L138,https://s.pathe.fr/en/V3364S188741/booking,toulouse
F0084,film,2026-09-02,Labège,Pathé Toulouse Labège,L138,,toulouse
F0016,film,2026-09-02,Labège,Pathé Toulouse Labège,L138,https://s.pathe.fr/en/V3364S188744/booking,toulouse
F0064,film,2026-09-02,Labège,Pathé Toulouse Labège,L138,https://s.pathe.fr/en/V3364S188823/booking,toulouse
F0002,film,2026-09-02,Labège,Pathé Toulouse Labège,L138,https://s.pathe.fr/en/V3364S188746/booking,toulouse
F0015,film,2026-09-02,Labège,Pathé Toulouse Labège,L138,https://s.pathe.fr/en/V3364S188747/booking,toulouse
F0004,film,2026-09-02,Labège,Pathé Toulouse Labège,L138,https://s.pathe.fr/en/V3364S188748/booking,toulouse
F0006,film,2026-09-02,Labège,Pathé Toulouse Labège,L138,https://s.pathe.fr/en/V3364S188749/booking,toulouse
F0007,film,2026-09-02,Labège,Pathé Toulouse Labège,L138,https://s.pathe.fr/en/V3364S188750/booking,toulouse
F0009,film,2026-09-02,Labège,Pathé Toulouse Labège,L138,https://s.pathe.fr/en/V3364S188751/booking,toulouse
F0024,film,2026-09-02,Labège,Pathé Toulouse Labège,L138,https://s.pathe.fr/en/V3364S188752/booking,toulouse
F0001,film,2026-09-02,Labège,Pathé Toulouse Labège,L138,https://s.pathe.fr/en/V3364S188755/booking,toulouse
F0008,film,2026-09-02,Labège,Pathé Toulouse Labège,L138,https://s.pathe.fr/en/V3364S188754/booking,toulouse
F0001,film,2026-09-02,Blagnac,CGR Blagnac,L139,"https://relay.mvtx.us/ticketing/dbz?code_theater=P0692&gid_entity=movie.movie._.276608&tags=Localization.Language.French,Showtime.Accessibility.Accessible,Auditorium.Experience.Ice,Auditorium.Experience.DolbyAtmos&perfd=20260902&perft=10:30&code=Accès PMR; Dolby Atmos; ICE; VF;",toulouse
F0015,film,2026-09-02,Blagnac,CGR Blagnac,L139,"https://relay.mvtx.us/ticketing/dbz?code_theater=P0692&gid_entity=movie.movie._.294281&tags=Localization.Language.French,Showtime.Accessibility.Accessible&perfd=20260902&perft=10:40&code=Accès PMR; VF;",toulouse
F0003,film,2026-09-02,Blagnac,CGR Blagnac,L139,"https://relay.mvtx.us/ticketing/dbz?code_theater=P0692&gid_entity=movie.movie._.1000014969&tags=Localization.Language.French,Showtime.Accessibility.Accessible&perfd=20260902&perft=10:45&code=Accès PMR; VF;",toulouse
F0002,film,2026-09-02,Blagnac,CGR Blagnac,L139,"https://relay.mvtx.us/ticketing/dbz?code_theater=P0692&gid_entity=movie.movie._.1000013045&tags=Localization.Language.French,Showtime.Accessibility.Accessible&perfd=20260902&perft=10:45&code=Accès PMR; VF;",toulouse
F0020,film,2026-09-02,Blagnac,CGR Blagnac,L139,"https://relay.mvtx.us/ticketing/dbz?code_theater=P0692&gid_entity=movie.movie._.294280&tags=Localization.Language.French,Showtime.Accessibility.Accessible&perfd=20260902&perft=10:45&code=Accès PMR; VF;",toulouse
F0007,film,2026-09-02,Blagnac,CGR Blagnac,L139,"https://relay.mvtx.us/ticketing/dbz?code_theater=P0692&gid_entity=movie.movie._.257425&tags=Localization.Language.French,Showtime.Accessibility.Accessible&perfd=20260902&perft=10:45&code=Accès PMR; VF;",toulouse
F0009,film,2026-09-02,Blagnac,CGR Blagnac,L139,"https://relay.mvtx.us/ticketing/dbz?code_theater=P0692&gid_entity=movie.movie._.320681&tags=Localization.Language.French,Showtime.Accessibility.Accessible&perfd=20260902&perft=10:45&code=Accès PMR; VF;",toulouse
F0016,film,2026-09-02,Blagnac,CGR Blagnac,L139,"https://relay.mvtx.us/ticketing/dbz?code_theater=P0692&gid_entity=movie.movie._.313256&tags=Localization.Language.French,Showtime.Accessibility.Accessible&perfd=20260902&perft=10:45&code=Accès PMR; VF;",toulouse
F0017,film,2026-09-02,Blagnac,CGR Blagnac,L139,"https://relay.mvtx.us/ticketing/dbz?code_theater=P0692&gid_entity=movie.movie._.314942&tags=Localization.Language.French,Showtime.Accessibility.Accessible&perfd=20260902&perft=10:45&code=Accès PMR; VF;",toulouse
F0024,film,2026-09-02,Blagnac,CGR Blagnac,L139,"https://relay.mvtx.us/ticketing/dbz?code_theater=P0692&gid_entity=movie.movie._.315380&tags=Localization.Language.French,Showtime.Accessibility.Accessible&perfd=20260902&perft=10:45&code=Accès PMR; VF;",toulouse
F0038,film,2026-09-02,Blagnac,CGR Blagnac,L139,"https://relay.mvtx.us/ticketing/dbz?code_theater=P0692&gid_entity=movie.movie._.1000022217&tags=Localization.Language.French,Showtime.Accessibility.Accessible&perfd=20260902&perft=10:45&code=Accès PMR; VF;",toulouse
F0004,film,2026-09-02,Blagnac,CGR Blagnac,L139,"https://relay.mvtx.us/ticketing/dbz?code_theater=P0692&gid_entity=movie.movie._.1000032856&tags=Localization.Language.French,Showtime.Accessibility.Accessible&perfd=20260902&perft=11:00&code=Accès PMR; VF;",toulouse
F0010,film,2026-09-02,Blagnac,CGR Blagnac,L139,"https://relay.mvtx.us/ticketing/dbz?code_theater=P0692&gid_entity=movie.movie._.1000037046&tags=Localization.Language.French,Showtime.Accessibility.Accessible&perfd=20260902&perft=11:00&code=Accès PMR; VF;",toulouse
F0019,film,2026-09-02,Blagnac,CGR Blagnac,L139,"https://relay.mvtx.us/ticketing/dbz?code_theater=P0692&gid_entity=movie.movie._.321617&tags=Localization.Language.French,Showtime.Accessibility.Accessible&perfd=20260902&perft=11:00&code=Accès PMR; VF;",toulouse
F0006,film,2026-09-02,Blagnac,CGR Blagnac,L139,"https://relay.mvtx.us/ticketing/dbz?code_theater=P0692&gid_entity=movie.movie._.314503&tags=Localization.Language.French,Showtime.Accessibility.Accessible&perfd=20260902&perft=13:30&code=Accès PMR; VF;",toulouse
F0015,film,2026-09-02,Fenouillet,Kinepolis Fenouillet,L140,https://relay.mvtx.us/ticketing/dbz?code_theater=W3115&gid_entity=movie.movie._.294281&tags=Format.Projection.Digital&perfd=20260902&perft=13:30&code=Version Francaise; 2D,toulouse
F0016,film,2026-09-02,Fenouillet,Kinepolis Fenouillet,L140,https://relay.mvtx.us/ticketing/dbz?code_theater=W3115&gid_entity=movie.movie._.313256&tags=Format.Projection.Digital&perfd=20260902&perft=13:35&code=Version Francaise; 2D,toulouse
F0024,film,2026-09-02,Fenouillet,Kinepolis Fenouillet,L140,https://relay.mvtx.us/ticketing/dbz?code_theater=W3115&gid_entity=movie.movie._.315380&tags=Format.Projection.Digital&perfd=20260902&perft=13:35&code=Version Francaise; 2D,toulouse
F0001,film,2026-09-02,Fenouillet,Kinepolis Fenouillet,L140,https://relay.mvtx.us/ticketing/dbz?code_theater=W3115&gid_entity=movie.movie._.276608&tags=Format.Projection.Digital&perfd=20260902&perft=13:40&code=Version Francaise; 2D Laser Ultra,toulouse
F0004,film,2026-09-02,Fenouillet,Kinepolis Fenouillet,L140,https://relay.mvtx.us/ticketing/dbz?code_theater=W3115&gid_entity=movie.movie._.1000032856&tags=Format.Projection.Digital&perfd=20260902&perft=13:40&code=Version Francaise; 2D,toulouse
F0007,film,2026-09-02,Fenouillet,Kinepolis Fenouillet,L140,https://relay.mvtx.us/ticketing/dbz?code_theater=W3115&gid_entity=movie.movie._.257425&tags=Format.Projection.Digital&perfd=20260902&perft=13:40&code=Version Francaise; 2D,toulouse
F0003,film,2026-09-02,Fenouillet,Kinepolis Fenouillet,L140,https://relay.mvtx.us/ticketing/dbz?code_theater=W3115&gid_entity=movie.movie._.1000014969&tags=Format.Projection.Digital&perfd=20260902&perft=13:50&code=Version Francaise; 2D,toulouse
F0009,film,2026-09-02,Fenouillet,Kinepolis Fenouillet,L140,https://relay.mvtx.us/ticketing/dbz?code_theater=W3115&gid_entity=movie.movie._.320681&tags=Format.Projection.Digital&perfd=20260902&perft=14:00&code=Version Francaise; 2D,toulouse
F0008,film,2026-09-02,Fenouillet,Kinepolis Fenouillet,L140,https://relay.mvtx.us/ticketing/dbz?code_theater=W3115&gid_entity=movie.movie._.1000016503&tags=Format.Projection.Digital&perfd=20260902&perft=15:50&code=Version Francaise; 2D,toulouse
F0002,film,2026-09-02,Fenouillet,Kinepolis Fenouillet,L140,https://relay.mvtx.us/ticketing/dbz?code_theater=W3115&gid_entity=movie.movie._.1000013045&tags=Format.Projection.Digital&perfd=20260902&perft=16:40&code=Version Francaise; 2D,toulouse
F0017,film,2026-09-02,Fenouillet,Kinepolis Fenouillet,L140,https://relay.mvtx.us/ticketing/dbz?code_theater=W3115&gid_entity=movie.movie._.314942&tags=Format.Projection.Digital&perfd=20260902&perft=18:00&code=Version Francaise; 2D,toulouse
F0021,film,2026-09-02,Fenouillet,Kinepolis Fenouillet,L140,https://relay.mvtx.us/ticketing/dbz?code_theater=W3115&gid_entity=movie.movie._.1000033718&tags=Format.Projection.Digital&perfd=20260902&perft=18:05&code=Version Francaise; 2D,toulouse
F0326,film,2026-09-02,Fenouillet,Kinepolis Fenouillet,L140,https://relay.mvtx.us/ticketing/dbz?code_theater=W3115&gid_entity=movie.movie._.143692&tags=Format.Projection.Digital&perfd=20260902&perft=20:15&code=Version Francaise; 2D,toulouse
F0011,film,2026-09-02,Fenouillet,Kinepolis Fenouillet,L140,https://relay.mvtx.us/ticketing/dbz?code_theater=W3115&gid_entity=movie.movie._.1000002942&tags=Format.Projection.Digital&perfd=20260902&perft=20:20&code=Version Francaise; 2D,toulouse
F0006,film,2026-09-02,Fenouillet,Kinepolis Fenouillet,L140,https://relay.mvtx.us/ticketing/dbz?code_theater=W3115&gid_entity=movie.movie._.314503&tags=Format.Projection.Digital&perfd=20260902&perft=20:30&code=Version Francaise; 2D,toulouse
F0013,film,2026-09-02,Toulouse,American Cosmograph,L141,https://american-cosmograph.fr/les-horaires.html,toulouse
F0002,film,2026-09-02,Toulouse,American Cosmograph,L141,https://american-cosmograph.fr/les-horaires.html,toulouse
F0028,film,2026-09-02,Toulouse,American Cosmograph,L141,https://american-cosmograph.fr/les-horaires.html,toulouse
F0031,film,2026-09-02,Toulouse,American Cosmograph,L141,https://american-cosmograph.fr/les-horaires.html,toulouse
F0023,film,2026-09-02,Toulouse,American Cosmograph,L141,https://american-cosmograph.fr/les-horaires.html,toulouse
F0039,film,2026-09-02,Toulouse,American Cosmograph,L141,https://american-cosmograph.fr/les-horaires.html,toulouse
F0055,film,2026-09-02,Toulouse,American Cosmograph,L141,https://american-cosmograph.fr/les-horaires.html,toulouse
F0063,film,2026-09-02,Toulouse,American Cosmograph,L141,https://american-cosmograph.fr/les-horaires.html,toulouse
F0132,film,2026-09-02,Toulouse,American Cosmograph,L141,https://american-cosmograph.fr/les-horaires.html,toulouse
F0027,film,2026-09-02,Toulouse,American Cosmograph,L141,https://american-cosmograph.fr/les-horaires.html,toulouse
F0002,film,2026-09-02,Toulouse,UGC Montaudran,L142,"https://relay.mvtx.us/ticketing/dbz?code_theater=W3140&gid_entity=movie.movie._.1000013045&tags=Showtime.Accessibility.Accessible,Localization.Subtitle.French,Localization.Version.Original,Format.Projection.Digital&perfd=20260902&perft=13:30&code=SME; AUDIO; GRETA; PMR; 2D; VO; ",toulouse
F0024,film,2026-09-02,Toulouse,UGC Montaudran,L142,"https://relay.mvtx.us/ticketing/dbz?code_theater=W3140&gid_entity=movie.movie._.315380&tags=Showtime.Accessibility.Accessible,Localization.Version.French,Format.Projection.Digital&perfd=20260902&perft=13:30&code=SME; AUDIO; GRETA; apd06a; PMR; 2D; VF; ",toulouse
F0003,film,2026-09-02,Toulouse,UGC Montaudran,L142,"https://relay.mvtx.us/ticketing/dbz?code_theater=W3140&gid_entity=movie.movie._.1000014969&tags=Showtime.Accessibility.Accessible,Localization.Version.French,Format.Projection.Digital&perfd=20260902&perft=13:40&code=SME; AUDIO; GRETA; PMR; 2D; VF; ",toulouse
F0001,film,2026-09-02,Toulouse,UGC Montaudran,L142,"https://relay.mvtx.us/ticketing/dbz?code_theater=W3140&gid_entity=movie.movie._.276608&tags=Showtime.Accessibility.Accessible,Localization.Version.French,Format.Projection.Digital&perfd=20260902&perft=13:45&code=SME; AUDIO; GRETA; PMR; 2D; VF; ",toulouse
F0004,film,2026-09-02,Toulouse,UGC Montaudran,L142,"https://relay.mvtx.us/ticketing/dbz?code_theater=W3140&gid_entity=movie.movie._.1000032856&tags=Showtime.Accessibility.Accessible,Localization.Version.French,Format.Projection.Digital&perfd=20260902&perft=14:00&code=SME; AUDIO; PMR; 2D; VF; ",toulouse
F0007,film,2026-09-02,Toulouse,UGC Montaudran,L142,"https://relay.mvtx.us/ticketing/dbz?code_theater=W3140&gid_entity=movie.movie._.257425&tags=Showtime.Accessibility.Accessible,Localization.Version.French,Format.Projection.Digital&perfd=20260902&perft=14:00&code=apd06a; PMR; 2D; VF; ",toulouse
F0005,film,2026-09-02,Toulouse,UGC Montaudran,L142,"https://relay.mvtx.us/ticketing/dbz?code_theater=W3140&gid_entity=movie.movie._.188280&tags=Showtime.Accessibility.Accessible,Localization.Subtitle.French,Localization.Version.Original,Format.Projection.Digital&perfd=20260902&perft=14:10&code=PMR; 2D; VO; ",toulouse
F0009,film,2026-09-02,Toulouse,UGC Montaudran,L142,"https://relay.mvtx.us/ticketing/dbz?code_theater=W3140&gid_entity=movie.movie._.320681&tags=Showtime.Accessibility.Accessible,Localization.Version.French,Format.Projection.Digital&perfd=20260902&perft=15:30&code=apd03a; PMR; 2D; VF; ",toulouse
F0016,film,2026-09-02,Toulouse,UGC Montaudran,L142,"https://relay.mvtx.us/ticketing/dbz?code_theater=W3140&gid_entity=movie.movie._.313256&tags=Showtime.Accessibility.Accessible,Localization.Version.French,Format.Projection.Digital&perfd=20260902&perft=16:30&code=SME; AUDIO; GRETA; apd06a; PMR; 2D; VF; ",toulouse
F0097,film,2026-09-02,Toulouse,UGC Montaudran,L142,"https://relay.mvtx.us/ticketing/dbz?code_theater=W3140&gid_entity=movie.movie._.4749&tags=Showtime.Accessibility.Accessible,Localization.Subtitle.French,Localization.Version.Original,Format.Projection.Digital&perfd=20260902&perft=19:00&code=PMR; 2D; Prevente; VO; ",toulouse
F0013,film,2026-09-02,Ramonville-Saint-Agne,L'Autan,L143,"https://relay.mvtx.us/ticketing/dbz?code_theater=P0881&gid_entity=movie.movie._.1000024105&tags=Localization.Language.French,Showtime.Accessibility.Accessible,Format.Projection.Digital&perfd=20260902&perft=17:00&code=VF; DISABLED ACCESS",toulouse
F0086,film,2026-09-02,Ramonville-Saint-Agne,L'Autan,L143,"https://relay.mvtx.us/ticketing/dbz?code_theater=P0881&gid_entity=movie.movie._.1000017160&tags=Showtime.Accessibility.Subtitled,Localization.Version.Original,Showtime.Accessibility.Accessible,Format.Projection.Digital&perfd=20260902&perft=21:00&code=VO; SUBTITLE; DISABLED ACCESS",toulouse
F0007,film,2026-09-02,Colomiers,Véo Grand Central Colomiers,L144,"https://relay.mvtx.us/ticketing/dbz?code_theater=P6864&gid_entity=movie.movie._.257425&tags=Localization.Language.French,Showtime.Accessibility.Dubbed,Format.Projection.Digital&perfd=20260902&perft=13:30",toulouse
F0016,film,2026-09-02,Colomiers,Véo Grand Central Colomiers,L144,"https://relay.mvtx.us/ticketing/dbz?code_theater=P6864&gid_entity=movie.movie._.313256&tags=Localization.Language.French,Showtime.Accessibility.Dubbed,Format.Projection.Digital,Format.Sound.71&perfd=20260902&perft=13:45",toulouse
F0004,film,2026-09-02,Colomiers,Véo Grand Central Colomiers,L144,"https://relay.mvtx.us/ticketing/dbz?code_theater=P6864&gid_entity=movie.movie._.1000032856&tags=Localization.Language.French,Format.Projection.Digital&perfd=20260902&perft=13:50",toulouse
F0009,film,2026-09-02,Colomiers,Véo Grand Central Colomiers,L144,"https://relay.mvtx.us/ticketing/dbz?code_theater=P6864&gid_entity=movie.movie._.320681&tags=Localization.Language.French,Showtime.Accessibility.Dubbed,Format.Projection.Digital&perfd=20260902&perft=14:00",toulouse
F0003,film,2026-09-02,Colomiers,Véo Grand Central Colomiers,L144,"https://relay.mvtx.us/ticketing/dbz?code_theater=P6864&gid_entity=movie.movie._.1000014969&tags=Localization.Language.French,Showtime.Accessibility.Dubbed,Format.Projection.Digital,Format.Sound.71&perfd=20260902&perft=14:00",toulouse
F0015,film,2026-09-02,Colomiers,Véo Grand Central Colomiers,L144,"https://relay.mvtx.us/ticketing/dbz?code_theater=P6864&gid_entity=movie.movie._.294281&tags=Localization.Language.French,Format.Projection.Digital,Format.Sound.71&perfd=20260902&perft=15:25",toulouse
F0001,film,2026-09-02,Colomiers,Véo Grand Central Colomiers,L144,"https://relay.mvtx.us/ticketing/dbz?code_theater=P6864&gid_entity=movie.movie._.276608&tags=Localization.Language.French,Showtime.Accessibility.Dubbed,Format.Projection.Digital,Format.Sound.71&perfd=20260902&perft=15:50",toulouse
F0005,film,2026-09-02,Colomiers,Véo Grand Central Colomiers,L144,"https://relay.mvtx.us/ticketing/dbz?code_theater=P6864&gid_entity=movie.movie._.188280&tags=Localization.Version.Original,Format.Projection.Digital&perfd=20260902&perft=15:50",toulouse
F0024,film,2026-09-02,Colomiers,Véo Grand Central Colomiers,L144,"https://relay.mvtx.us/ticketing/dbz?code_theater=P6864&gid_entity=movie.movie._.315380&tags=Localization.Language.French,Showtime.Accessibility.Dubbed,Format.Projection.Digital,Format.Sound.71&perfd=20260902&perft=16:30",toulouse
F0002,film,2026-09-02,Colomiers,Véo Grand Central Colomiers,L144,"https://relay.mvtx.us/ticketing/dbz?code_theater=P6864&gid_entity=movie.movie._.1000013045&tags=Localization.Language.French,Showtime.Accessibility.Dubbed,Format.Projection.Digital,Format.Sound.71&perfd=20260902&perft=17:45",toulouse
F0011,film,2026-09-02,Colomiers,Véo Grand Central Colomiers,L144,"https://relay.mvtx.us/ticketing/dbz?code_theater=P6864&gid_entity=movie.movie._.1000002942&tags=Localization.Language.French,Showtime.Accessibility.Dubbed,Format.Projection.Digital,Format.Sound.71&perfd=20260902&perft=18:25",toulouse
F0006,film,2026-09-02,Colomiers,Véo Grand Central Colomiers,L144,"https://relay.mvtx.us/ticketing/dbz?code_theater=P6864&gid_entity=movie.movie._.314503&tags=Localization.Language.French,Showtime.Accessibility.Dubbed,Format.Projection.Digital,Format.Sound.71&perfd=20260902&perft=18:40",toulouse
F0008,film,2026-09-02,Colomiers,Véo Grand Central Colomiers,L144,"https://relay.mvtx.us/ticketing/dbz?code_theater=P6864&gid_entity=movie.movie._.1000016503&tags=Localization.Language.French,Showtime.Accessibility.Dubbed,Format.Projection.Digital,Format.Sound.71&perfd=20260902&perft=18:40",toulouse
F0013,film,2026-09-02,Colomiers,Véo Grand Central Colomiers,L144,"https://relay.mvtx.us/ticketing/dbz?code_theater=P6864&gid_entity=movie.movie._.1000024105&tags=Localization.Version.Original,Format.Projection.Digital&perfd=20260902&perft=20:20",toulouse
F0014,film,2026-09-02,Colomiers,Véo Grand Central Colomiers,L144,"https://relay.mvtx.us/ticketing/dbz?code_theater=P6864&gid_entity=movie.movie._.316021&tags=Localization.Version.Original,Format.Projection.Digital&perfd=20260902&perft=21:00",toulouse
F0214,film,2026-09-02,Plaisance-du-Touch,Ecran7 Plaisance,L145,"https://relay.mvtx.us/ticketing/dbz?code_theater=P0918&gid_entity=movie.movie._.283952&tags=Localization.Language.French,BoostPos.Autres.Cg,Format.Projection.Digital,Showtime.Accessibility.Accessible&perfd=20260902&perft=15:45",toulouse
F0001,film,2026-09-02,Castelginest,Le Castelia,L146,"https://relay.mvtx.us/ticketing/dbz?code_theater=P0583&gid_entity=movie.movie._.276608&tags=Localization.Language.French,Showtime.Accessibility.Accessible,Format.Projection.Digital&perfd=20260902&perft=15:00&code=VF; DISABLED ACCESS",toulouse
F0026,film,2026-09-02,Castelginest,Le Castelia,L146,"https://relay.mvtx.us/ticketing/dbz?code_theater=P0583&gid_entity=movie.movie._.1000041528&tags=Localization.Language.French,Showtime.Accessibility.Accessible,Format.Projection.Digital&perfd=20260902&perft=18:15&code=VF; DISABLED ACCESS",toulouse
F0002,film,2026-09-02,Castelginest,Le Castelia,L146,"https://relay.mvtx.us/ticketing/dbz?code_theater=P0583&gid_entity=movie.movie._.1000013045&tags=Localization.Language.French,Showtime.Accessibility.Accessible,Format.Projection.Digital&perfd=20260902&perft=20:00&code=VF; DISABLED ACCESS",toulouse
F0001,film,2026-09-02,Muret,Véo Muret,L147,"https://relay.mvtx.us/ticketing/dbz?code_theater=W3161&gid_entity=movie.movie._.276608&tags=Localization.Language.French,Format.Projection.Digital&perfd=20260902&perft=14:00",toulouse
F0004,film,2026-09-02,Muret,Véo Muret,L147,"https://relay.mvtx.us/ticketing/dbz?code_theater=W3161&gid_entity=movie.movie._.1000032856&tags=Localization.Language.French,Format.Projection.Digital&perfd=20260902&perft=14:00",toulouse
F0020,film,2026-09-02,Muret,Véo Muret,L147,"https://relay.mvtx.us/ticketing/dbz?code_theater=W3161&gid_entity=movie.movie._.294280&tags=Localization.Language.French,Format.Projection.Digital&perfd=20260902&perft=14:00",toulouse
F0010,film,2026-09-02,Muret,Véo Muret,L147,"https://relay.mvtx.us/ticketing/dbz?code_theater=W3161&gid_entity=movie.movie._.1000037046&tags=Localization.Language.French,Format.Projection.Digital&perfd=20260902&perft=14:00",toulouse
F0007,film,2026-09-02,Muret,Véo Muret,L147,"https://relay.mvtx.us/ticketing/dbz?code_theater=W3161&gid_entity=movie.movie._.257425&tags=Localization.Language.French,Showtime.Accessibility.Dubbed,Format.Projection.Digital&perfd=20260902&perft=14:00",toulouse
F0009,film,2026-09-02,Muret,Véo Muret,L147,"https://relay.mvtx.us/ticketing/dbz?code_theater=W3161&gid_entity=movie.movie._.320681&tags=Localization.Language.French,Showtime.Accessibility.Dubbed,Format.Projection.Digital&perfd=20260902&perft=14:00",toulouse
F0005,film,2026-09-02,Muret,Véo Muret,L147,"https://relay.mvtx.us/ticketing/dbz?code_theater=W3161&gid_entity=movie.movie._.188280&tags=Localization.Version.Original,Format.Projection.Digital&perfd=20260902&perft=15:50",toulouse
F0013,film,2026-09-02,Muret,Véo Muret,L147,"https://relay.mvtx.us/ticketing/dbz?code_theater=W3161&gid_entity=movie.movie._.1000024105&tags=Localization.Version.Original,Format.Projection.Digital&perfd=20260902&perft=16:00",toulouse
F0015,film,2026-09-02,Muret,Véo Muret,L147,"https://relay.mvtx.us/ticketing/dbz?code_theater=W3161&gid_entity=movie.movie._.294281&tags=Localization.Language.French,Format.Projection.Digital&perfd=20260902&perft=17:10",toulouse
F0003,film,2026-09-02,Muret,Véo Muret,L147,"https://relay.mvtx.us/ticketing/dbz?code_theater=W3161&gid_entity=movie.movie._.1000014969&tags=Localization.Language.French,Showtime.Accessibility.Dubbed,Format.Projection.Digital&perfd=20260902&perft=18:00",toulouse
F0008,film,2026-09-02,Muret,Véo Muret,L147,"https://relay.mvtx.us/ticketing/dbz?code_theater=W3161&gid_entity=movie.movie._.1000016503&tags=Localization.Language.French,Showtime.Accessibility.Dubbed,Format.Projection.Digital&perfd=20260902&perft=18:30",toulouse
F0002,film,2026-09-02,Muret,Véo Muret,L147,"https://relay.mvtx.us/ticketing/dbz?code_theater=W3161&gid_entity=movie.movie._.1000013045&tags=Localization.Language.French,Showtime.Accessibility.Dubbed,Format.Projection.Digital&perfd=20260902&perft=20:30",toulouse
F0011,film,2026-09-02,Muret,Véo Muret,L147,"https://relay.mvtx.us/ticketing/dbz?code_theater=W3161&gid_entity=movie.movie._.1000002942&tags=Localization.Language.French,Showtime.Accessibility.Dubbed,Format.Projection.Digital&perfd=20260902&perft=21:00",toulouse
F0013,film,2026-09-02,Castanet-Tolosan,MJC Ciné 113,L148,"https://relay.mvtx.us/ticketing/dbz?code_theater=P2235&gid_entity=movie.movie._.1000024105&tags=Localization.Language.French,Format.Projection.Digital&perfd=20260902&perft=14:00&code=VF",toulouse
F0061,film,2026-09-02,Castanet-Tolosan,MJC Ciné 113,L148,"https://relay.mvtx.us/ticketing/dbz?code_theater=P2235&gid_entity=movie.movie._.305836&tags=Localization.Version.Original,Format.Projection.Digital&perfd=20260902&perft=17:45&code=VO",toulouse
F0181,film,2026-09-02,Castanet-Tolosan,MJC Ciné 113,L148,https://www.mjc-castanet-tolosan.fr/cine113/cotton-queen-vostfr-40751/,toulouse
F0050,film,2026-09-02,Castanet-Tolosan,MJC Ciné 113,L148,"https://relay.mvtx.us/ticketing/dbz?code_theater=P2235&gid_entity=movie.movie._.1000034332&tags=Localization.Language.French,Format.Projection.Digital&perfd=20260902&perft=20:15&code=VF",toulouse
A0273,live,2026-09-03,Toulouse,Théâtre Les 3 T,L047,https://new.3tcafetheatre.com/spectacle/chers-parents/,toulouse
A0008,live,2026-09-03,Toulouse,Théâtre Les 3 T,L047,https://new.3tcafetheatre.com/spectacle/anne-roumanoff-lage-libre/,toulouse
A0346,live,2026-09-03,Ramonville-Saint-Agne,Le Bikini,L083,https://lebikini.com/2026/09/03/tropical-discoteq-emile-omar-and-friends,toulouse
A0003,live,2026-09-03,Toulouse,Les Jardins de Candie,L092,https://lesjardinsdecandie.com/,toulouse
A0346,live,2026-09-03,Ramonville-Saint-Agne,Le Petit Bikini,L093,https://lebikini.com/2026/09/03/tropical-discoteq-emile-omar-and-friends,toulouse
F0010,film,2026-09-03,Toulouse,Utopia Borderouge,L125,https://toulouse.cinemas-utopia.org/film/?id=13449,toulouse
F0049,film,2026-09-03,Toulouse,Utopia Borderouge,L125,https://toulouse.cinemas-utopia.org/film/?id=13765,toulouse
F0026,film,2026-09-03,Toulouse,Utopia Borderouge,L125,https://toulouse.cinemas-utopia.org/film/?id=13696,toulouse
F0056,film,2026-09-03,Toulouse,Utopia Borderouge,L125,https://toulouse.cinemas-utopia.org/film/?id=13551,toulouse
F0005,film,2026-09-03,Toulouse,Utopia Borderouge,L125,https://toulouse.cinemas-utopia.org/film/?id=13457,toulouse
F0033,film,2026-09-03,Toulouse,Utopia Borderouge,L125,https://toulouse.cinemas-utopia.org/film/?id=13754,toulouse
F0035,film,2026-09-03,Toulouse,Utopia Borderouge,L125,https://toulouse.cinemas-utopia.org/film/?id=13722,toulouse
F0069,film,2026-09-03,Toulouse,Utopia Borderouge,L125,https://toulouse.cinemas-utopia.org/film/?id=13240,toulouse
F0072,film,2026-09-03,Toulouse,Utopia Borderouge,L125,https://toulouse.cinemas-utopia.org/film?id=13240,toulouse
F0013,film,2026-09-03,Toulouse,Utopia Borderouge,L125,https://toulouse.cinemas-utopia.org/film/?id=13459,toulouse
F0051,film,2026-09-03,Toulouse,Utopia Borderouge,L125,https://toulouse.cinemas-utopia.org/film/?id=13341,toulouse
F0097,film,2026-09-03,Toulouse,Utopia Borderouge,L125,https://toulouse.cinemas-utopia.org/film/?id=13737,toulouse
F0002,film,2026-09-03,Toulouse,Utopia Borderouge,L125,https://toulouse.cinemas-utopia.org/film/?id=13767,toulouse
F0027,film,2026-09-03,Tournefeuille,Utopia Tournefeuille,L126,https://toulouse.cinemas-utopia.org/film/?id=13806,toulouse
F0005,film,2026-09-03,Tournefeuille,Utopia Tournefeuille,L126,https://toulouse.cinemas-utopia.org/film/?id=13457,toulouse
F0049,film,2026-09-03,Tournefeuille,Utopia Tournefeuille,L126,https://toulouse.cinemas-utopia.org/film/?id=13765,toulouse
F0013,film,2026-09-03,Tournefeuille,Utopia Tournefeuille,L126,https://toulouse.cinemas-utopia.org/film/?id=13459,toulouse
F0025,film,2026-09-03,Tournefeuille,Utopia Tournefeuille,L126,https://toulouse.cinemas-utopia.org/film/?id=13808,toulouse
F0012,film,2026-09-03,Tournefeuille,Utopia Tournefeuille,L126,https://toulouse.cinemas-utopia.org/film/?id=13805,toulouse
F0010,film,2026-09-03,Tournefeuille,Utopia Tournefeuille,L126,https://toulouse.cinemas-utopia.org/film/?id=13449,toulouse
F0096,film,2026-09-03,Tournefeuille,Utopia Tournefeuille,L126,https://toulouse.cinemas-utopia.org/film/?id=6729,toulouse
F0023,film,2026-09-03,Tournefeuille,Utopia Tournefeuille,L126,https://toulouse.cinemas-utopia.org/film/?id=11952,toulouse
F0022,film,2026-09-03,Tournefeuille,Utopia Tournefeuille,L126,https://toulouse.cinemas-utopia.org/film/?id=13949,toulouse
F0039,film,2026-09-03,Tournefeuille,Utopia Tournefeuille,L126,https://toulouse.cinemas-utopia.org/film/?id=13809,toulouse
F0002,film,2026-09-03,Tournefeuille,Utopia Tournefeuille,L126,https://toulouse.cinemas-utopia.org/film/?id=13767,toulouse
F0028,film,2026-09-03,Tournefeuille,Utopia Tournefeuille,L126,https://toulouse.cinemas-utopia.org/film/?id=13804,toulouse
F0075,film,2026-09-03,Toulouse,Cinéma ABC,L127,"https://relay.mvtx.us/ticketing/dbz?code_theater=P0071&gid_entity=movie.movie._.6796&tags=Showtime.Accessibility.Subtitled,Localization.Version.Original,Showtime.Accessibility.Accessible,Format.Projection.Digital&perfd=20260903&perft=11:00&code=VO; SUBTITLE; DISABLED ACCESS",toulouse
F0050,film,2026-09-03,Toulouse,Cinéma ABC,L127,"https://relay.mvtx.us/ticketing/dbz?code_theater=P0071&gid_entity=movie.movie._.1000034332&tags=Showtime.Accessibility.Subtitled,Localization.Version.Original,Showtime.Accessibility.Accessible,Format.Projection.Digital&perfd=20260903&perft=11:15&code=VO; SUBTITLE; DISABLED ACCESS",toulouse
F0042,film,2026-09-03,Toulouse,Cinéma ABC,L127,"https://relay.mvtx.us/ticketing/dbz?code_theater=P0071&gid_entity=movie.movie._.308394&tags=Showtime.Accessibility.Subtitled,Localization.Version.Original,Showtime.Accessibility.Accessible,Format.Projection.Digital&perfd=20260903&perft=11:30&code=VO; SUBTITLE; DISABLED ACCESS",toulouse
F0026,film,2026-09-03,Toulouse,Cinéma ABC,L127,"https://relay.mvtx.us/ticketing/dbz?code_theater=P0071&gid_entity=movie.movie._.1000041528&tags=Localization.Language.French,Showtime.Accessibility.Accessible,Format.Projection.Digital&perfd=20260903&perft=13:30&code=VF; DISABLED ACCESS",toulouse
F0058,film,2026-09-03,Toulouse,Cinéma ABC,L127,"https://relay.mvtx.us/ticketing/dbz?code_theater=P0071&gid_entity=movie.movie._.1000032278&tags=Showtime.Accessibility.Subtitled,Localization.Version.Original,Showtime.Accessibility.Accessible,Format.Projection.Digital&perfd=20260903&perft=13:30&code=VO; SUBTITLE; DISABLED ACCESS",toulouse
F0022,film,2026-09-03,Toulouse,Cinéma ABC,L127,"https://relay.mvtx.us/ticketing/dbz?code_theater=P0071&gid_entity=movie.movie._.300784&tags=Localization.Language.French,Showtime.Accessibility.Accessible,Format.Projection.Digital&perfd=20260903&perft=14:10&code=VF; DISABLED ACCESS",toulouse
F0005,film,2026-09-03,Toulouse,Cinéma ABC,L127,"https://relay.mvtx.us/ticketing/dbz?code_theater=P0071&gid_entity=movie.movie._.188280&tags=Showtime.Accessibility.Subtitled,Localization.Version.Original,Showtime.Accessibility.Accessible,Format.Projection.Digital&perfd=20260903&perft=15:10&code=VO; SUBTITLE; DISABLED ACCESS",toulouse
F0025,film,2026-09-03,Toulouse,Cinéma ABC,L127,"https://relay.mvtx.us/ticketing/dbz?code_theater=P0071&gid_entity=movie.movie._.1000022260&tags=Showtime.Accessibility.Subtitled,Localization.Version.Original,Showtime.Accessibility.Accessible,Format.Projection.Digital&perfd=20260903&perft=15:40&code=VO; SUBTITLE; DISABLED ACCESS",toulouse
F0012,film,2026-09-03,Toulouse,Cinéma ABC,L127,"https://relay.mvtx.us/ticketing/dbz?code_theater=P0071&gid_entity=movie.movie._.327993&tags=Localization.Language.French,Showtime.Accessibility.Accessible,Format.Projection.Digital&perfd=20260903&perft=16:00&code=VF; DISABLED ACCESS",toulouse
F0051,film,2026-09-03,Toulouse,Le Cratère,L128,"https://relay.mvtx.us/ticketing/dbz?code_theater=P0056&gid_entity=movie.movie._.1000031160&tags=Localization.Version.Original,Format.Projection.Digital&perfd=20260903&perft=10:00&code=VO",toulouse
F0070,film,2026-09-03,Toulouse,Le Cratère,L128,"https://relay.mvtx.us/ticketing/dbz?code_theater=P0056&gid_entity=movie.movie._.289867&tags=Localization.Version.Original,Format.Projection.Digital&perfd=20260903&perft=11:35&code=VO",toulouse
F0082,film,2026-09-03,Toulouse,Le Cratère,L128,"https://relay.mvtx.us/ticketing/dbz?code_theater=P0056&gid_entity=movie.movie._.325471&tags=Localization.Version.Original,Format.Projection.Digital&perfd=20260903&perft=13:40&code=VO",toulouse
F0033,film,2026-09-03,Toulouse,Le Cratère,L128,"https://relay.mvtx.us/ticketing/dbz?code_theater=P0056&gid_entity=movie.movie._.1000023007&tags=Localization.Version.Original,Format.Projection.Digital&perfd=20260903&perft=16:55&code=VO",toulouse
F0077,film,2026-09-03,Toulouse,Le Cratère,L128,"https://relay.mvtx.us/ticketing/dbz?code_theater=P0056&gid_entity=movie.movie._.1000027856&tags=Localization.Version.Original,Format.Projection.Digital&perfd=20260903&perft=19:00&code=VO",toulouse
F0074,film,2026-09-03,Toulouse,Le Cratère,L128,"https://relay.mvtx.us/ticketing/dbz?code_theater=P0056&gid_entity=movie.movie._.282094&tags=Localization.Version.Original,Format.Projection.Digital&perfd=20260903&perft=21:10&code=VO",toulouse
A0346,live,2026-09-03,Blagnac,Poney Club,L132,https://lebikini.com/2026/09/03/tropical-discoteq-emile-omar-and-friends,toulouse
F0005,film,2026-09-03,Toulouse,Pathé Toulouse Wilson,L137,https://s.pathe.fr/en/V3358S197233/booking,toulouse
F0023,film,2026-09-03,Toulouse,Pathé Toulouse Wilson,L137,https://s.pathe.fr/en/V3358S197238/booking,toulouse
F0022,film,2026-09-03,Toulouse,Pathé Toulouse Wilson,L137,https://s.pathe.fr/en/V3358S197232/booking,toulouse
F0002,film,2026-09-03,Toulouse,Pathé Toulouse Wilson,L137,https://s.pathe.fr/en/V3358S197317/booking,toulouse
F0001,film,2026-09-03,Toulouse,Pathé Toulouse Wilson,L137,https://s.pathe.fr/en/V3358S197237/booking,toulouse
F0004,film,2026-09-03,Toulouse,Pathé Toulouse Wilson,L137,https://s.pathe.fr/en/V3358S197236/booking,toulouse
F0031,film,2026-09-03,Toulouse,Pathé Toulouse Wilson,L137,https://s.pathe.fr/en/V3358S197240/booking,toulouse
F0012,film,2026-09-03,Toulouse,Pathé Toulouse Wilson,L137,https://s.pathe.fr/en/V3358S197242/booking,toulouse
F0014,film,2026-09-03,Toulouse,Pathé Toulouse Wilson,L137,https://s.pathe.fr/en/V3358S197244/booking,toulouse
F0003,film,2026-09-03,Toulouse,Pathé Toulouse Wilson,L137,https://s.pathe.fr/en/V3358S197248/booking,toulouse
F0010,film,2026-09-03,Toulouse,Pathé Toulouse Wilson,L137,https://s.pathe.fr/en/V3358S197297/booking,toulouse
F0008,film,2026-09-03,Toulouse,Pathé Toulouse Wilson,L137,https://s.pathe.fr/en/V3358S197281/booking,toulouse
F0013,film,2026-09-03,Toulouse,Pathé Toulouse Wilson,L137,https://s.pathe.fr/en/V3358S197284/booking,toulouse
F0064,film,2026-09-03,Toulouse,Pathé Toulouse Wilson,L137,,toulouse
F0079,film,2026-09-03,Toulouse,Pathé Toulouse Wilson,L137,,toulouse
F0003,film,2026-09-03,Labège,Pathé Toulouse Labège,L138,https://s.pathe.fr/en/V3364S189121/booking,toulouse
F0004,film,2026-09-03,Labège,Pathé Toulouse Labège,L138,https://s.pathe.fr/en/V3364S189128/booking,toulouse
F0010,film,2026-09-03,Labège,Pathé Toulouse Labège,L138,https://s.pathe.fr/en/V3364S189122/booking,toulouse
F0052,film,2026-09-03,Labège,Pathé Toulouse Labège,L138,https://s.pathe.fr/en/V3364S189123/booking,toulouse
F0001,film,2026-09-03,Labège,Pathé Toulouse Labège,L138,https://s.pathe.fr/en/V3364S189126/booking,toulouse
F0011,film,2026-09-03,Labège,Pathé Toulouse Labège,L138,https://s.pathe.fr/en/V3364S189127/booking,toulouse
F0002,film,2026-09-03,Labège,Pathé Toulouse Labège,L138,https://s.pathe.fr/en/V3364S189124/booking,toulouse
F0020,film,2026-09-03,Labège,Pathé Toulouse Labège,L138,https://s.pathe.fr/en/V3364S189133/booking,toulouse
F0006,film,2026-09-03,Labège,Pathé Toulouse Labège,L138,https://s.pathe.fr/en/V3364S189129/booking,toulouse
F0015,film,2026-09-03,Labège,Pathé Toulouse Labège,L138,https://s.pathe.fr/en/V3364S189125/booking,toulouse
F0030,film,2026-09-03,Labège,Pathé Toulouse Labège,L138,https://s.pathe.fr/en/V3364S189130/booking,toulouse
F0019,film,2026-09-03,Labège,Pathé Toulouse Labège,L138,https://s.pathe.fr/en/V3364S189137/booking,toulouse
F0009,film,2026-09-03,Labège,Pathé Toulouse Labège,L138,https://s.pathe.fr/en/V3364S189131/booking,toulouse
F0064,film,2026-09-03,Labège,Pathé Toulouse Labège,L138,,toulouse
F0195,film,2026-09-03,Labège,Pathé Toulouse Labège,L138,,toulouse
F0001,film,2026-09-03,Blagnac,CGR Blagnac,L139,"https://relay.mvtx.us/ticketing/dbz?code_theater=P0692&gid_entity=movie.movie._.276608&tags=Localization.Language.French,Showtime.Accessibility.Accessible,Auditorium.Experience.Ice,Auditorium.Experience.DolbyAtmos&perfd=20260903&perft=10:30&code=Accès PMR; Dolby Atmos; ICE; VF;",toulouse
F0015,film,2026-09-03,Blagnac,CGR Blagnac,L139,"https://relay.mvtx.us/ticketing/dbz?code_theater=P0692&gid_entity=movie.movie._.294281&tags=Localization.Language.French,Showtime.Accessibility.Accessible&perfd=20260903&perft=10:40&code=Accès PMR; VF;",toulouse
F0020,film,2026-09-03,Blagnac,CGR Blagnac,L139,"https://relay.mvtx.us/ticketing/dbz?code_theater=P0692&gid_entity=movie.movie._.294280&tags=Localization.Language.French,Showtime.Accessibility.Accessible&perfd=20260903&perft=10:45&code=Accès PMR; VF;",toulouse
F0014,film,2026-09-03,Blagnac,CGR Blagnac,L139,"https://relay.mvtx.us/ticketing/dbz?code_theater=P0692&gid_entity=movie.movie._.316021&tags=Localization.Language.French,Showtime.Accessibility.Accessible&perfd=20260903&perft=10:45&code=Accès PMR; VF;",toulouse
F0017,film,2026-09-03,Blagnac,CGR Blagnac,L139,"https://relay.mvtx.us/ticketing/dbz?code_theater=P0692&gid_entity=movie.movie._.314942&tags=Localization.Language.French,Showtime.Accessibility.Accessible&perfd=20260903&perft=10:45&code=Accès PMR; VF;",toulouse
F0003,film,2026-09-03,Blagnac,CGR Blagnac,L139,"https://relay.mvtx.us/ticketing/dbz?code_theater=P0692&gid_entity=movie.movie._.1000014969&tags=Localization.Language.French,Showtime.Accessibility.Accessible&perfd=20260903&perft=10:45&code=Accès PMR; VF;",toulouse
F0002,film,2026-09-03,Blagnac,CGR Blagnac,L139,"https://relay.mvtx.us/ticketing/dbz?code_theater=P0692&gid_entity=movie.movie._.1000013045&tags=Localization.Language.French,Showtime.Accessibility.Accessible&perfd=20260903&perft=10:45&code=Accès PMR; VF;",toulouse
F0004,film,2026-09-03,Blagnac,CGR Blagnac,L139,"https://relay.mvtx.us/ticketing/dbz?code_theater=P0692&gid_entity=movie.movie._.1000032856&tags=Localization.Language.French,Showtime.Accessibility.Accessible&perfd=20260903&perft=11:00&code=Accès PMR; VF;",toulouse
F0006,film,2026-09-03,Blagnac,CGR Blagnac,L139,"https://relay.mvtx.us/ticketing/dbz?code_theater=P0692&gid_entity=movie.movie._.314503&tags=Localization.Language.French,Showtime.Accessibility.Accessible&perfd=20260903&perft=11:00&code=Accès PMR; VF;",toulouse
F0010,film,2026-09-03,Blagnac,CGR Blagnac,L139,"https://relay.mvtx.us/ticketing/dbz?code_theater=P0692&gid_entity=movie.movie._.1000037046&tags=Localization.Language.French,Showtime.Accessibility.Accessible&perfd=20260903&perft=11:00&code=Accès PMR; VF;",toulouse
F0030,film,2026-09-03,Blagnac,CGR Blagnac,L139,"https://relay.mvtx.us/ticketing/dbz?code_theater=P0692&gid_entity=movie.movie._.1000019899&tags=Localization.Language.French,Showtime.Accessibility.Accessible&perfd=20260903&perft=11:00&code=Accès PMR; VF;",toulouse
F0019,film,2026-09-03,Blagnac,CGR Blagnac,L139,"https://relay.mvtx.us/ticketing/dbz?code_theater=P0692&gid_entity=movie.movie._.321617&tags=Localization.Language.French,Showtime.Accessibility.Accessible&perfd=20260903&perft=11:00&code=Accès PMR; VF;",toulouse
F0021,film,2026-09-03,Blagnac,CGR Blagnac,L139,"https://relay.mvtx.us/ticketing/dbz?code_theater=P0692&gid_entity=movie.movie._.1000033718&tags=Localization.Language.French,Showtime.Accessibility.Accessible&perfd=20260903&perft=11:00&code=Accès PMR; VF;",toulouse
F0076,film,2026-09-03,Blagnac,CGR Blagnac,L139,"https://relay.mvtx.us/ticketing/dbz?code_theater=P0692&gid_entity=movie.movie._.1000019382&tags=Showtime.Accessibility.Accessible,Localization.Version.Original,Showtime.Accessibility.Subtitled&perfd=20260903&perft=11:00&code=Accès PMR; VOST;",toulouse
F0195,film,2026-09-03,Blagnac,CGR Blagnac,L139,"https://relay.mvtx.us/ticketing/dbz?code_theater=P0692&gid_entity=movie.movie._.1000045609&tags=Showtime.Accessibility.Accessible,Localization.Version.Original,Showtime.Accessibility.Subtitled&perfd=20260903&perft=20:00&code=Accès PMR; VOST;",toulouse
F0020,film,2026-09-03,Fenouillet,Kinepolis Fenouillet,L140,https://relay.mvtx.us/ticketing/dbz?code_theater=W3115&gid_entity=movie.movie._.294280&tags=Format.Projection.Digital&perfd=20260903&perft=13:30&code=Version Francaise; 2D,toulouse
F0008,film,2026-09-03,Fenouillet,Kinepolis Fenouillet,L140,https://relay.mvtx.us/ticketing/dbz?code_theater=W3115&gid_entity=movie.movie._.1000016503&tags=Format.Projection.Digital&perfd=20260903&perft=13:30&code=Version Francaise; 2D,toulouse
F0030,film,2026-09-03,Fenouillet,Kinepolis Fenouillet,L140,https://relay.mvtx.us/ticketing/dbz?code_theater=W3115&gid_entity=movie.movie._.1000019899&tags=Format.Projection.Digital&perfd=20260903&perft=13:30&code=Version Francaise; 2D,toulouse
F0001,film,2026-09-03,Fenouillet,Kinepolis Fenouillet,L140,https://relay.mvtx.us/ticketing/dbz?code_theater=W3115&gid_entity=movie.movie._.276608&tags=Format.Projection.Digital&perfd=20260903&perft=13:40&code=Version Francaise; 2D Laser Ultra,toulouse
F0004,film,2026-09-03,Fenouillet,Kinepolis Fenouillet,L140,https://relay.mvtx.us/ticketing/dbz?code_theater=W3115&gid_entity=movie.movie._.1000032856&tags=Format.Projection.Digital&perfd=20260903&perft=13:40&code=Version Francaise; 2D,toulouse
F0003,film,2026-09-03,Fenouillet,Kinepolis Fenouillet,L140,https://relay.mvtx.us/ticketing/dbz?code_theater=W3115&gid_entity=movie.movie._.1000014969&tags=Format.Projection.Digital&perfd=20260903&perft=13:50&code=Version Francaise; 2D,toulouse
F0029,film,2026-09-03,Fenouillet,Kinepolis Fenouillet,L140,https://relay.mvtx.us/ticketing/dbz?code_theater=W3115&gid_entity=movie.movie._.1000022546&tags=Format.Projection.Digital&perfd=20260903&perft=13:50&code=Version Francaise; 2D,toulouse
F0002,film,2026-09-03,Fenouillet,Kinepolis Fenouillet,L140,https://relay.mvtx.us/ticketing/dbz?code_theater=W3115&gid_entity=movie.movie._.1000013045&tags=Format.Projection.Digital&perfd=20260903&perft=14:00&code=Version Francaise; 2D,toulouse
F0006,film,2026-09-03,Fenouillet,Kinepolis Fenouillet,L140,https://relay.mvtx.us/ticketing/dbz?code_theater=W3115&gid_entity=movie.movie._.314503&tags=Format.Projection.Digital&perfd=20260903&perft=15:45&code=Version Francaise; 2D,toulouse
F0011,film,2026-09-03,Fenouillet,Kinepolis Fenouillet,L140,https://relay.mvtx.us/ticketing/dbz?code_theater=W3115&gid_entity=movie.movie._.1000002942&tags=Format.Projection.Digital&perfd=20260903&perft=16:00&code=Version Francaise; 2D,toulouse
F0021,film,2026-09-03,Fenouillet,Kinepolis Fenouillet,L140,https://relay.mvtx.us/ticketing/dbz?code_theater=W3115&gid_entity=movie.movie._.1000033718&tags=Format.Projection.Digital&perfd=20260903&perft=18:05&code=Version Francaise; 2D,toulouse
F0007,film,2026-09-03,Fenouillet,Kinepolis Fenouillet,L140,https://relay.mvtx.us/ticketing/dbz?code_theater=W3115&gid_entity=movie.movie._.257425&tags=Format.Projection.Digital&perfd=20260903&perft=18:10&code=Version Francaise; 2D,toulouse
F0174,film,2026-09-03,Fenouillet,Kinepolis Fenouillet,L140,https://relay.mvtx.us/ticketing/dbz?code_theater=W3115&gid_entity=movie.movie._.51013&tags=Format.Projection.Digital&perfd=20260903&perft=20:15&code=Version Francaise; 2D,toulouse
F0028,film,2026-09-03,Toulouse,American Cosmograph,L141,https://american-cosmograph.fr/degel-2.html,toulouse
F0013,film,2026-09-03,Toulouse,American Cosmograph,L141,https://american-cosmograph.fr/soudain.html,toulouse
F0134,film,2026-09-03,Toulouse,American Cosmograph,L141,https://american-cosmograph.fr/antonia-et-ses-filles.html,toulouse
F0031,film,2026-09-03,Toulouse,American Cosmograph,L141,https://american-cosmograph.fr/la-frappe.html,toulouse
F0027,film,2026-09-03,Toulouse,American Cosmograph,L141,https://american-cosmograph.fr/decorado.html,toulouse
F0023,film,2026-09-03,Toulouse,American Cosmograph,L141,https://american-cosmograph.fr/trois-adieux.html,toulouse
F0039,film,2026-09-03,Toulouse,American Cosmograph,L141,https://american-cosmograph.fr/the-good-sister.html,toulouse
F0055,film,2026-09-03,Toulouse,American Cosmograph,L141,https://american-cosmograph.fr/ma-famille-de-samourais.html,toulouse
F0063,film,2026-09-03,Toulouse,American Cosmograph,L141,https://american-cosmograph.fr/la-providence-et-la-guitare.html,toulouse
F0040,film,2026-09-03,Toulouse,American Cosmograph,L141,https://american-cosmograph.fr/jim-queen.html,toulouse
F0002,film,2026-09-03,Toulouse,UGC Montaudran,L142,"https://relay.mvtx.us/ticketing/dbz?code_theater=W3140&gid_entity=movie.movie._.1000013045&tags=Showtime.Accessibility.Accessible,Localization.Subtitle.French,Localization.Version.Original,Format.Projection.Digital&perfd=20260903&perft=13:30&code=SME; AUDIO; GRETA; PMR; 2D; VO; ",toulouse
F0003,film,2026-09-03,Toulouse,UGC Montaudran,L142,"https://relay.mvtx.us/ticketing/dbz?code_theater=W3140&gid_entity=movie.movie._.1000014969&tags=Showtime.Accessibility.Accessible,Localization.Version.French,Format.Projection.Digital&perfd=20260903&perft=13:40&code=SME; AUDIO; GRETA; PMR; 2D; VF; ",toulouse
F0001,film,2026-09-03,Toulouse,UGC Montaudran,L142,"https://relay.mvtx.us/ticketing/dbz?code_theater=W3140&gid_entity=movie.movie._.276608&tags=Showtime.Accessibility.Accessible,Localization.Version.French,Format.Projection.Digital&perfd=20260903&perft=13:45&code=SME; AUDIO; GRETA; PMR; 2D; VF; ",toulouse
F0006,film,2026-09-03,Toulouse,UGC Montaudran,L142,"https://relay.mvtx.us/ticketing/dbz?code_theater=W3140&gid_entity=movie.movie._.314503&tags=Showtime.Accessibility.Accessible,Localization.Version.French,Format.Projection.Digital&perfd=20260903&perft=13:50&code=SME; AUDIO; GRETA; PMR; 2D; VF; ",toulouse
F0004,film,2026-09-03,Toulouse,UGC Montaudran,L142,"https://relay.mvtx.us/ticketing/dbz?code_theater=W3140&gid_entity=movie.movie._.1000032856&tags=Showtime.Accessibility.Accessible,Localization.Version.French,Format.Projection.Digital&perfd=20260903&perft=14:00&code=SME; AUDIO; PMR; 2D; VF; ",toulouse
F0005,film,2026-09-03,Toulouse,UGC Montaudran,L142,"https://relay.mvtx.us/ticketing/dbz?code_theater=W3140&gid_entity=movie.movie._.188280&tags=Showtime.Accessibility.Accessible,Localization.Subtitle.French,Localization.Version.Original,Format.Projection.Digital&perfd=20260903&perft=14:10&code=PMR; 2D; VO; ",toulouse
F0016,film,2026-09-03,Toulouse,UGC Montaudran,L142,"https://relay.mvtx.us/ticketing/dbz?code_theater=W3140&gid_entity=movie.movie._.313256&tags=Showtime.Accessibility.Accessible,Localization.Version.French,Format.Projection.Digital&perfd=20260903&perft=16:30&code=SME; AUDIO; GRETA; apd06a; PMR; 2D; VF; ",toulouse
F0295,film,2026-09-03,Toulouse,UGC Montaudran,L142,"https://relay.mvtx.us/ticketing/dbz?code_theater=W3140&gid_entity=movie.movie._.228681&tags=Showtime.Accessibility.Accessible,Localization.Subtitle.French,Localization.Version.Original,Format.Projection.Digital&perfd=20260903&perft=20:00&code=SME; AUDIO; PMR; 2D; VO; ",toulouse
F0010,film,2026-09-03,Ramonville-Saint-Agne,L'Autan,L143,"https://relay.mvtx.us/ticketing/dbz?code_theater=P0881&gid_entity=movie.movie._.1000037046&tags=Localization.Language.French,Showtime.Accessibility.Accessible,Format.Projection.Digital&perfd=20260903&perft=18:30&code=VF; DISABLED ACCESS",toulouse
F0020,film,2026-09-03,Ramonville-Saint-Agne,L'Autan,L143,"https://relay.mvtx.us/ticketing/dbz?code_theater=P0881&gid_entity=movie.movie._.294280&tags=Localization.Language.French,Showtime.Accessibility.Accessible,Format.Projection.Digital&perfd=20260903&perft=20:30&code=VF; DISABLED ACCESS",toulouse
F0001,film,2026-09-03,Colomiers,Véo Grand Central Colomiers,L144,"https://relay.mvtx.us/ticketing/dbz?code_theater=P6864&gid_entity=movie.movie._.276608&tags=Localization.Version.Original,Format.Projection.Digital,Format.Sound.71&perfd=20260903&perft=13:30",toulouse
F0004,film,2026-09-03,Colomiers,Véo Grand Central Colomiers,L144,"https://relay.mvtx.us/ticketing/dbz?code_theater=P6864&gid_entity=movie.movie._.1000032856&tags=Localization.Language.French,Format.Projection.Digital&perfd=20260903&perft=13:30",toulouse
F0006,film,2026-09-03,Colomiers,Véo Grand Central Colomiers,L144,"https://relay.mvtx.us/ticketing/dbz?code_theater=P6864&gid_entity=movie.movie._.314503&tags=Localization.Language.French,Showtime.Accessibility.Dubbed,Format.Projection.Digital,Format.Sound.71&perfd=20260903&perft=13:30",toulouse
F0014,film,2026-09-03,Colomiers,Véo Grand Central Colomiers,L144,"https://relay.mvtx.us/ticketing/dbz?code_theater=P6864&gid_entity=movie.movie._.316021&tags=Localization.Version.Original,Format.Projection.Digital&perfd=20260903&perft=13:30",toulouse
F0050,film,2026-09-03,Colomiers,Véo Grand Central Colomiers,L144,"https://relay.mvtx.us/ticketing/dbz?code_theater=P6864&gid_entity=movie.movie._.1000034332&tags=Localization.Language.French,Format.Projection.Digital&perfd=20260903&perft=13:30",toulouse
F0005,film,2026-09-03,Colomiers,Véo Grand Central Colomiers,L144,"https://relay.mvtx.us/ticketing/dbz?code_theater=P6864&gid_entity=movie.movie._.188280&tags=Localization.Version.Original,Format.Projection.Digital&perfd=20260903&perft=15:20",toulouse
F0013,film,2026-09-03,Colomiers,Véo Grand Central Colomiers,L144,"https://relay.mvtx.us/ticketing/dbz?code_theater=P6864&gid_entity=movie.movie._.1000024105&tags=Localization.Version.Original,Format.Projection.Digital&perfd=20260903&perft=15:20",toulouse
F0002,film,2026-09-03,Colomiers,Véo Grand Central Colomiers,L144,"https://relay.mvtx.us/ticketing/dbz?code_theater=P6864&gid_entity=movie.movie._.1000013045&tags=Localization.Language.French,Showtime.Accessibility.Dubbed,Format.Projection.Digital,Format.Sound.71&perfd=20260903&perft=15:30",toulouse
F0003,film,2026-09-03,Colomiers,Véo Grand Central Colomiers,L144,"https://relay.mvtx.us/ticketing/dbz?code_theater=P6864&gid_entity=movie.movie._.1000014969&tags=Localization.Language.French,Showtime.Accessibility.Dubbed,Format.Projection.Digital,Format.Sound.71&perfd=20260903&perft=16:00",toulouse
F0010,film,2026-09-03,Colomiers,Véo Grand Central Colomiers,L144,"https://relay.mvtx.us/ticketing/dbz?code_theater=P6864&gid_entity=movie.movie._.1000037046&tags=Localization.Language.French,Format.Projection.Digital&perfd=20260903&perft=16:20",toulouse
F0008,film,2026-09-03,Colomiers,Véo Grand Central Colomiers,L144,"https://relay.mvtx.us/ticketing/dbz?code_theater=P6864&gid_entity=movie.movie._.1000016503&tags=Localization.Version.Original,Format.Projection.Digital,Format.Sound.71&perfd=20260903&perft=19:00",toulouse
F0015,film,2026-09-03,Colomiers,Véo Grand Central Colomiers,L144,"https://relay.mvtx.us/ticketing/dbz?code_theater=P6864&gid_entity=movie.movie._.294281&tags=Localization.Language.French,Format.Projection.Digital,Format.Sound.71&perfd=20260903&perft=20:50",toulouse
F0011,film,2026-09-03,Colomiers,Véo Grand Central Colomiers,L144,"https://relay.mvtx.us/ticketing/dbz?code_theater=P6864&gid_entity=movie.movie._.1000002942&tags=Localization.Language.French,Showtime.Accessibility.Dubbed,Format.Projection.Digital,Format.Sound.71&perfd=20260903&perft=21:10",toulouse
F0004,film,2026-09-03,Castelginest,Le Castelia,L146,"https://relay.mvtx.us/ticketing/dbz?code_theater=P0583&gid_entity=movie.movie._.1000032856&tags=Localization.Language.French,Showtime.Accessibility.Accessible,Format.Projection.Digital&perfd=20260903&perft=18:00&code=VF; DISABLED ACCESS",toulouse
F0013,film,2026-09-03,Castelginest,Le Castelia,L146,"https://relay.mvtx.us/ticketing/dbz?code_theater=P0583&gid_entity=movie.movie._.1000024105&tags=Localization.Language.French,Showtime.Accessibility.Accessible,Format.Projection.Digital&perfd=20260903&perft=20:00&code=VF; DISABLED ACCESS",toulouse
F0002,film,2026-09-03,Muret,Véo Muret,L147,"https://relay.mvtx.us/ticketing/dbz?code_theater=W3161&gid_entity=movie.movie._.1000013045&tags=Localization.Version.Original,Format.Projection.Digital&perfd=20260903&perft=14:00",toulouse
F0004,film,2026-09-03,Muret,Véo Muret,L147,"https://relay.mvtx.us/ticketing/dbz?code_theater=W3161&gid_entity=movie.movie._.1000032856&tags=Localization.Language.French,Format.Projection.Digital,Showtime.Accessibility.OpenCaption&perfd=20260903&perft=14:00",toulouse
F0013,film,2026-09-03,Muret,Véo Muret,L147,"https://relay.mvtx.us/ticketing/dbz?code_theater=W3161&gid_entity=movie.movie._.1000024105&tags=Localization.Version.Original,Format.Projection.Digital&perfd=20260903&perft=14:00",toulouse
F0011,film,2026-09-03,Muret,Véo Muret,L147,"https://relay.mvtx.us/ticketing/dbz?code_theater=W3161&gid_entity=movie.movie._.1000002942&tags=Localization.Language.French,Showtime.Accessibility.Dubbed,Format.Projection.Digital,Showtime.Accessibility.OpenCaption&perfd=20260903&perft=14:00",toulouse
F0008,film,2026-09-03,Muret,Véo Muret,L147,"https://relay.mvtx.us/ticketing/dbz?code_theater=W3161&gid_entity=movie.movie._.1000016503&tags=Localization.Language.French,Showtime.Accessibility.Dubbed,Format.Projection.Digital&perfd=20260903&perft=14:00",toulouse
F0026,film,2026-09-03,Muret,Véo Muret,L147,"https://relay.mvtx.us/ticketing/dbz?code_theater=W3161&gid_entity=movie.movie._.1000041528&tags=Localization.Language.French,Format.Projection.Digital&perfd=20260903&perft=14:00",toulouse
F0005,film,2026-09-03,Muret,Véo Muret,L147,"https://relay.mvtx.us/ticketing/dbz?code_theater=W3161&gid_entity=movie.movie._.188280&tags=Localization.Version.Original,Format.Projection.Digital&perfd=20260903&perft=15:50",toulouse
F0014,film,2026-09-03,Muret,Véo Muret,L147,"https://relay.mvtx.us/ticketing/dbz?code_theater=W3161&gid_entity=movie.movie._.316021&tags=Localization.Version.Original,Format.Projection.Digital&perfd=20260903&perft=15:50",toulouse
F0003,film,2026-09-03,Muret,Véo Muret,L147,"https://relay.mvtx.us/ticketing/dbz?code_theater=W3161&gid_entity=movie.movie._.1000014969&tags=Localization.Language.French,Showtime.Accessibility.Dubbed,Format.Projection.Digital&perfd=20260903&perft=16:00",toulouse
F0015,film,2026-09-03,Muret,Véo Muret,L147,"https://relay.mvtx.us/ticketing/dbz?code_theater=W3161&gid_entity=movie.movie._.294281&tags=Localization.Language.French,Format.Projection.Digital&perfd=20260903&perft=17:40",toulouse
F0001,film,2026-09-03,Muret,Véo Muret,L147,"https://relay.mvtx.us/ticketing/dbz?code_theater=W3161&gid_entity=movie.movie._.276608&tags=Localization.Language.French,Format.Projection.Digital&perfd=20260903&perft=18:00",toulouse
F0007,film,2026-09-03,Muret,Véo Muret,L147,"https://relay.mvtx.us/ticketing/dbz?code_theater=W3161&gid_entity=movie.movie._.257425&tags=Localization.Language.French,Showtime.Accessibility.Dubbed,Format.Projection.Digital&perfd=20260903&perft=18:20",toulouse
F0020,film,2026-09-03,Muret,Véo Muret,L147,"https://relay.mvtx.us/ticketing/dbz?code_theater=W3161&gid_entity=movie.movie._.294280&tags=Localization.Language.French,Format.Projection.Digital&perfd=20260903&perft=20:30",toulouse
F0006,film,2026-09-03,Muret,Véo Muret,L147,"https://relay.mvtx.us/ticketing/dbz?code_theater=W3161&gid_entity=movie.movie._.314503&tags=Localization.Language.French,Showtime.Accessibility.Dubbed,Format.Projection.Digital&perfd=20260903&perft=21:00",toulouse
F0006,film,2026-09-03,Castanet-Tolosan,MJC Ciné 113,L148,"https://relay.mvtx.us/ticketing/dbz?code_theater=P2235&gid_entity=movie.movie._.314503&tags=Localization.Language.French,Format.Projection.Digital&perfd=20260903&perft=14:15&code=VF",toulouse
F0013,film,2026-09-03,Castanet-Tolosan,MJC Ciné 113,L148,"https://relay.mvtx.us/ticketing/dbz?code_theater=P2235&gid_entity=movie.movie._.1000024105&tags=Localization.Language.French,Format.Projection.Digital&perfd=20260903&perft=16:30&code=VF",toulouse
F0180,film,2026-09-03,Castanet-Tolosan,MJC Ciné 113,L148,https://www.mjc-castanet-tolosan.fr/cinema-cine-113/,toulouse
F0062,film,2026-09-03,Castanet-Tolosan,MJC Ciné 113,L148,"https://relay.mvtx.us/ticketing/dbz?code_theater=P2235&gid_entity=movie.movie._.1000029301&tags=Localization.Version.Original,Format.Projection.Digital&perfd=20260903&perft=20:15&code=VO",toulouse
F0179,film,2026-09-03,Castanet-Tolosan,MJC Ciné 113,L148,https://www.mjc-castanet-tolosan.fr/cinema-cine-113/,toulouse
A0275,live,2026-09-04,Toulouse,Théâtre Les 3 T,L047,https://new.3tcafetheatre.com/spectacle/a-vies-contraires/,toulouse
A0276,live,2026-09-04,Toulouse,Théâtre Les 3 T,L047,https://new.3tcafetheatre.com/spectacle/venise-sous-la-neige/,toulouse
A0008,live,2026-09-04,Toulouse,Théâtre Les 3 T,L047,https://new.3tcafetheatre.com/spectacle/anne-roumanoff-lage-libre/,toulouse
A0277,live,2026-09-04,Toulouse,Le Taquin,L075,https://www.le-taquin.fr/programmation/le-taquin-fete-ses-10-ans-1/?wcs_timestamp=1788544800,toulouse
A0420,live,2026-09-04,Toulouse,Le Rex,L076,https://www.lerextoulouse.com/fr/programmation/karnage-rex-opening/,toulouse
A0347,live,2026-09-04,Toulouse,Le Rex,L076,https://www.lerextoulouse.com/fr/programmation/et120286-et120276-et120293-et120289-et120276-et120282-et120280-et120293-et120280-et120299-et120290-et120291-et120280-et120289-et120284-et120289-et120282-et120284-et120289-et120279-et120296-et120294-et120295-et120293-et120284-et120276-et120287-et12029/,toulouse
A0120,live,2026-09-04,Toulouse,Le Metronum,L082,https://lemetronum.fr/,toulouse
A0348,live,2026-09-04,Ramonville-Saint-Agne,Le Bikini,L083,https://lebikini.com/2026/09/04/apero-2000-vs-2010,toulouse
A0349,live,2026-09-04,Ramonville-Saint-Agne,Le Bikini,L083,https://lebikini.com/2026/09/04/unfaced-jacidorex-part-time-killer-dj-cringey-danke-al,toulouse
A0121,live,2026-09-04,Ramonville-Saint-Agne,Le Bikini,L083,https://lebikini.com/programmation,toulouse
A0261,live,2026-09-04,Toulouse,Les Jardins de Candie,L092,https://lesjardinsdecandie.com/,toulouse
A0348,live,2026-09-04,Ramonville-Saint-Agne,Le Petit Bikini,L093,https://lebikini.com/2026/09/04/apero-2000-vs-2010,toulouse
A0349,live,2026-09-04,Ramonville-Saint-Agne,Le Petit Bikini,L093,https://lebikini.com/2026/09/04/unfaced-jacidorex-part-time-killer-dj-cringey-danke-al,toulouse
F0005,film,2026-09-04,Toulouse,Utopia Borderouge,L125,https://toulouse.cinemas-utopia.org/film/?id=13457,toulouse
F0051,film,2026-09-04,Toulouse,Utopia Borderouge,L125,https://toulouse.cinemas-utopia.org/film/?id=13341,toulouse
F0069,film,2026-09-04,Toulouse,Utopia Borderouge,L125,https://toulouse.cinemas-utopia.org/film/?id=13240,toulouse
F0072,film,2026-09-04,Toulouse,Utopia Borderouge,L125,https://toulouse.cinemas-utopia.org/film?id=13240,toulouse
F0033,film,2026-09-04,Toulouse,Utopia Borderouge,L125,https://toulouse.cinemas-utopia.org/film/?id=13754,toulouse
F0010,film,2026-09-04,Toulouse,Utopia Borderouge,L125,https://toulouse.cinemas-utopia.org/film/?id=13449,toulouse
F0002,film,2026-09-04,Toulouse,Utopia Borderouge,L125,https://toulouse.cinemas-utopia.org/film/?id=13767,toulouse
F0049,film,2026-09-04,Toulouse,Utopia Borderouge,L125,https://toulouse.cinemas-utopia.org/film/?id=13765,toulouse
F0056,film,2026-09-04,Toulouse,Utopia Borderouge,L125,https://toulouse.cinemas-utopia.org/film/?id=13551,toulouse
F0037,film,2026-09-04,Toulouse,Utopia Borderouge,L125,https://toulouse.cinemas-utopia.org/film/?id=13251,toulouse
F0046,film,2026-09-04,Toulouse,Utopia Borderouge,L125,https://toulouse.cinemas-utopia.org/film?id=13251,toulouse
F0035,film,2026-09-04,Toulouse,Utopia Borderouge,L125,https://toulouse.cinemas-utopia.org/film/?id=13722,toulouse
F0013,film,2026-09-04,Toulouse,Utopia Borderouge,L125,https://toulouse.cinemas-utopia.org/film/?id=13459,toulouse
F0034,film,2026-09-04,Toulouse,Utopia Borderouge,L125,https://toulouse.cinemas-utopia.org/film/?id=13462,toulouse
F0044,film,2026-09-04,Toulouse,Utopia Borderouge,L125,https://toulouse.cinemas-utopia.org/film?id=13462,toulouse
F0005,film,2026-09-04,Tournefeuille,Utopia Tournefeuille,L126,https://toulouse.cinemas-utopia.org/film/?id=13457,toulouse
F0023,film,2026-09-04,Tournefeuille,Utopia Tournefeuille,L126,https://toulouse.cinemas-utopia.org/film/?id=11952,toulouse
F0098,film,2026-09-04,Tournefeuille,Utopia Tournefeuille,L126,https://toulouse.cinemas-utopia.org/film/?id=5433,toulouse
F0022,film,2026-09-04,Tournefeuille,Utopia Tournefeuille,L126,https://toulouse.cinemas-utopia.org/film/?id=13949,toulouse
F0012,film,2026-09-04,Tournefeuille,Utopia Tournefeuille,L126,https://toulouse.cinemas-utopia.org/film/?id=13805,toulouse
F0027,film,2026-09-04,Tournefeuille,Utopia Tournefeuille,L126,https://toulouse.cinemas-utopia.org/film/?id=13806,toulouse
F0039,film,2026-09-04,Tournefeuille,Utopia Tournefeuille,L126,https://toulouse.cinemas-utopia.org/film/?id=13809,toulouse
F0028,film,2026-09-04,Tournefeuille,Utopia Tournefeuille,L126,https://toulouse.cinemas-utopia.org/film/?id=13804,toulouse
F0013,film,2026-09-04,Tournefeuille,Utopia Tournefeuille,L126,https://toulouse.cinemas-utopia.org/film/?id=13459,toulouse
F0025,film,2026-09-04,Tournefeuille,Utopia Tournefeuille,L126,https://toulouse.cinemas-utopia.org/film/?id=13808,toulouse
F0053,film,2026-09-04,Toulouse,Cinéma ABC,L127,"https://relay.mvtx.us/ticketing/dbz?code_theater=P0071&gid_entity=movie.movie._.316460&tags=Showtime.Accessibility.Subtitled,Localization.Version.Original,Showtime.Accessibility.Accessible,Format.Projection.Digital&perfd=20260904&perft=10:40&code=VO; SUBTITLE; DISABLED ACCESS",toulouse
F0075,film,2026-09-04,Toulouse,Cinéma ABC,L127,"https://relay.mvtx.us/ticketing/dbz?code_theater=P0071&gid_entity=movie.movie._.6796&tags=Showtime.Accessibility.Subtitled,Localization.Version.Original,Showtime.Accessibility.Accessible,Format.Projection.Digital&perfd=20260904&perft=11:00&code=VO; SUBTITLE; DISABLED ACCESS",toulouse
F0026,film,2026-09-04,Toulouse,Cinéma ABC,L127,"https://relay.mvtx.us/ticketing/dbz?code_theater=P0071&gid_entity=movie.movie._.1000041528&tags=Localization.Language.French,Showtime.Accessibility.Accessible,Format.Projection.Digital&perfd=20260904&perft=11:30&code=VF; DISABLED ACCESS",toulouse
F0058,film,2026-09-04,Toulouse,Cinéma ABC,L127,"https://relay.mvtx.us/ticketing/dbz?code_theater=P0071&gid_entity=movie.movie._.1000032278&tags=Showtime.Accessibility.Subtitled,Localization.Version.Original,Showtime.Accessibility.Accessible,Format.Projection.Digital&perfd=20260904&perft=13:00&code=VO; SUBTITLE; DISABLED ACCESS",toulouse
F0022,film,2026-09-04,Toulouse,Cinéma ABC,L127,"https://relay.mvtx.us/ticketing/dbz?code_theater=P0071&gid_entity=movie.movie._.300784&tags=Localization.Language.French,Showtime.Accessibility.Accessible,Format.Projection.Digital&perfd=20260904&perft=13:30&code=VF; DISABLED ACCESS",toulouse
F0012,film,2026-09-04,Toulouse,Cinéma ABC,L127,"https://relay.mvtx.us/ticketing/dbz?code_theater=P0071&gid_entity=movie.movie._.327993&tags=Localization.Language.French,Showtime.Accessibility.Accessible,Format.Projection.Digital&perfd=20260904&perft=13:40&code=VF; DISABLED ACCESS",toulouse
F0005,film,2026-09-04,Toulouse,Cinéma ABC,L127,"https://relay.mvtx.us/ticketing/dbz?code_theater=P0071&gid_entity=movie.movie._.188280&tags=Showtime.Accessibility.Subtitled,Localization.Version.Original,Showtime.Accessibility.Accessible,Format.Projection.Digital&perfd=20260904&perft=15:10&code=VO; SUBTITLE; DISABLED ACCESS",toulouse
F0025,film,2026-09-04,Toulouse,Cinéma ABC,L127,"https://relay.mvtx.us/ticketing/dbz?code_theater=P0071&gid_entity=movie.movie._.1000022260&tags=Showtime.Accessibility.Subtitled,Localization.Version.Original,Showtime.Accessibility.Accessible,Format.Projection.Digital&perfd=20260904&perft=15:15&code=VO; SUBTITLE; DISABLED ACCESS",toulouse
F0042,film,2026-09-04,Toulouse,Cinéma ABC,L127,"https://relay.mvtx.us/ticketing/dbz?code_theater=P0071&gid_entity=movie.movie._.308394&tags=Showtime.Accessibility.Subtitled,Localization.Version.Original,Showtime.Accessibility.Accessible,Format.Projection.Digital&perfd=20260904&perft=16:20&code=VO; SUBTITLE; DISABLED ACCESS",toulouse
F0186,film,2026-09-04,Toulouse,Le Cratère,L128,"https://relay.mvtx.us/ticketing/dbz?code_theater=P0056&gid_entity=movie.movie._.11048&tags=Localization.Version.Original,Format.Projection.Digital&perfd=20260904&perft=10:00&code=VO",toulouse
F0149,film,2026-09-04,Toulouse,Le Cratère,L128,"https://relay.mvtx.us/ticketing/dbz?code_theater=P0056&gid_entity=movie.movie._.493&tags=Localization.Version.Original,Format.Projection.Digital&perfd=20260904&perft=12:40&code=VO",toulouse
F0071,film,2026-09-04,Toulouse,Le Cratère,L128,"https://relay.mvtx.us/ticketing/dbz?code_theater=P0056&gid_entity=movie.movie._.1000025598&tags=Localization.Version.Original,Format.Projection.Digital&perfd=20260904&perft=14:40&code=VO",toulouse
F0077,film,2026-09-04,Toulouse,Le Cratère,L128,"https://relay.mvtx.us/ticketing/dbz?code_theater=P0056&gid_entity=movie.movie._.1000027856&tags=Localization.Version.Original,Format.Projection.Digital&perfd=20260904&perft=16:20&code=VO",toulouse
F0074,film,2026-09-04,Toulouse,Le Cratère,L128,"https://relay.mvtx.us/ticketing/dbz?code_theater=P0056&gid_entity=movie.movie._.282094&tags=Localization.Version.Original,Format.Projection.Digital&perfd=20260904&perft=18:30&code=VO",toulouse
F0078,film,2026-09-04,Toulouse,Le Cratère,L128,"https://relay.mvtx.us/ticketing/dbz?code_theater=P0056&gid_entity=movie.movie._.305835&tags=Localization.Version.Original,Format.Projection.Digital&perfd=20260904&perft=20:10&code=VO",toulouse
A0348,live,2026-09-04,Blagnac,Poney Club,L132,https://lebikini.com/2026/09/04/apero-2000-vs-2010,toulouse
A0349,live,2026-09-04,Blagnac,Poney Club,L132,https://lebikini.com/2026/09/04/unfaced-jacidorex-part-time-killer-dj-cringey-danke-al,toulouse
F0022,film,2026-09-04,Toulouse,Pathé Toulouse Wilson,L137,https://s.pathe.fr/en/V3358S196816/booking,toulouse
F0003,film,2026-09-04,Toulouse,Pathé Toulouse Wilson,L137,https://s.pathe.fr/en/V3358S196815/booking,toulouse
F0002,film,2026-09-04,Toulouse,Pathé Toulouse Wilson,L137,https://s.pathe.fr/en/V3358S196814/booking,toulouse
F0005,film,2026-09-04,Toulouse,Pathé Toulouse Wilson,L137,https://s.pathe.fr/en/V3358S196817/booking,toulouse
F0020,film,2026-09-04,Toulouse,Pathé Toulouse Wilson,L137,https://s.pathe.fr/en/V3358S196819/booking,toulouse
F0023,film,2026-09-04,Toulouse,Pathé Toulouse Wilson,L137,https://s.pathe.fr/en/V3358S196822/booking,toulouse
F0031,film,2026-09-04,Toulouse,Pathé Toulouse Wilson,L137,https://s.pathe.fr/en/V3358S196824/booking,toulouse
F0001,film,2026-09-04,Toulouse,Pathé Toulouse Wilson,L137,https://s.pathe.fr/en/V3358S196821/booking,toulouse
F0004,film,2026-09-04,Toulouse,Pathé Toulouse Wilson,L137,https://s.pathe.fr/en/V3358S196820/booking,toulouse
F0006,film,2026-09-04,Toulouse,Pathé Toulouse Wilson,L137,https://s.pathe.fr/en/V3358S196823/booking,toulouse
F0012,film,2026-09-04,Toulouse,Pathé Toulouse Wilson,L137,https://s.pathe.fr/en/V3358S196826/booking,toulouse
F0010,film,2026-09-04,Toulouse,Pathé Toulouse Wilson,L137,https://s.pathe.fr/en/V3358S196827/booking,toulouse
F0014,film,2026-09-04,Toulouse,Pathé Toulouse Wilson,L137,https://s.pathe.fr/en/V3358S196828/booking,toulouse
F0125,film,2026-09-04,Toulouse,Pathé Toulouse Wilson,L137,https://s.pathe.fr/en/V3358S196848/booking,toulouse
F0064,film,2026-09-04,Toulouse,Pathé Toulouse Wilson,L137,https://s.pathe.fr/en/V3358S196808/booking,toulouse
F0001,film,2026-09-04,Labège,Pathé Toulouse Labège,L138,https://s.pathe.fr/en/V3364S189191/booking,toulouse
F0003,film,2026-09-04,Labège,Pathé Toulouse Labège,L138,https://s.pathe.fr/en/V3364S189186/booking,toulouse
F0004,film,2026-09-04,Labège,Pathé Toulouse Labège,L138,https://s.pathe.fr/en/V3364S189193/booking,toulouse
F0010,film,2026-09-04,Labège,Pathé Toulouse Labège,L138,https://s.pathe.fr/en/V3364S189187/booking,toulouse
F0052,film,2026-09-04,Labège,Pathé Toulouse Labège,L138,https://s.pathe.fr/en/V3364S189188/booking,toulouse
F0002,film,2026-09-04,Labège,Pathé Toulouse Labège,L138,https://s.pathe.fr/en/V3364S189189/booking,toulouse
F0011,film,2026-09-04,Labège,Pathé Toulouse Labège,L138,https://s.pathe.fr/en/V3364S189192/booking,toulouse
F0020,film,2026-09-04,Labège,Pathé Toulouse Labège,L138,https://s.pathe.fr/en/V3364S189213/booking,toulouse
F0006,film,2026-09-04,Labège,Pathé Toulouse Labège,L138,https://s.pathe.fr/en/V3364S189194/booking,toulouse
F0030,film,2026-09-04,Labège,Pathé Toulouse Labège,L138,https://s.pathe.fr/en/V3364S189195/booking,toulouse
F0019,film,2026-09-04,Labège,Pathé Toulouse Labège,L138,https://s.pathe.fr/en/V3364S189202/booking,toulouse
F0015,film,2026-09-04,Labège,Pathé Toulouse Labège,L138,https://s.pathe.fr/en/V3364S189251/booking,toulouse
F0009,film,2026-09-04,Labège,Pathé Toulouse Labège,L138,https://s.pathe.fr/en/V3364S189196/booking,toulouse
F0102,film,2026-09-04,Labège,Pathé Toulouse Labège,L138,,toulouse
F0064,film,2026-09-04,Labège,Pathé Toulouse Labège,L138,,toulouse
F0015,film,2026-09-04,Blagnac,CGR Blagnac,L139,"https://relay.mvtx.us/ticketing/dbz?code_theater=P0692&gid_entity=movie.movie._.294281&tags=Localization.Language.French,Showtime.Accessibility.Accessible&perfd=20260904&perft=10:40&code=Accès PMR; VF;",toulouse
F0003,film,2026-09-04,Blagnac,CGR Blagnac,L139,"https://relay.mvtx.us/ticketing/dbz?code_theater=P0692&gid_entity=movie.movie._.1000014969&tags=Localization.Language.French,Showtime.Accessibility.Accessible,Auditorium.Experience.Ice&perfd=20260904&perft=10:45&code=Accès PMR; ICE; VF;",toulouse
F0002,film,2026-09-04,Blagnac,CGR Blagnac,L139,"https://relay.mvtx.us/ticketing/dbz?code_theater=P0692&gid_entity=movie.movie._.1000013045&tags=Localization.Language.French,Showtime.Accessibility.Accessible&perfd=20260904&perft=10:45&code=Accès PMR; VF;",toulouse
F0001,film,2026-09-04,Blagnac,CGR Blagnac,L139,"https://relay.mvtx.us/ticketing/dbz?code_theater=P0692&gid_entity=movie.movie._.276608&tags=Localization.Language.French,Showtime.Accessibility.Accessible,Auditorium.Experience.DolbyAtmos&perfd=20260904&perft=10:45&code=Accès PMR; Dolby Atmos; VF;",toulouse
F0020,film,2026-09-04,Blagnac,CGR Blagnac,L139,"https://relay.mvtx.us/ticketing/dbz?code_theater=P0692&gid_entity=movie.movie._.294280&tags=Localization.Language.French,Showtime.Accessibility.Accessible&perfd=20260904&perft=10:45&code=Accès PMR; VF;",toulouse
F0014,film,2026-09-04,Blagnac,CGR Blagnac,L139,"https://relay.mvtx.us/ticketing/dbz?code_theater=P0692&gid_entity=movie.movie._.316021&tags=Localization.Language.French,Showtime.Accessibility.Accessible&perfd=20260904&perft=10:45&code=Accès PMR; VF;",toulouse
F0017,film,2026-09-04,Blagnac,CGR Blagnac,L139,"https://relay.mvtx.us/ticketing/dbz?code_theater=P0692&gid_entity=movie.movie._.314942&tags=Localization.Language.French,Showtime.Accessibility.Accessible&perfd=20260904&perft=10:45&code=Accès PMR; VF;",toulouse
F0004,film,2026-09-04,Blagnac,CGR Blagnac,L139,"https://relay.mvtx.us/ticketing/dbz?code_theater=P0692&gid_entity=movie.movie._.1000032856&tags=Localization.Language.French,Showtime.Accessibility.Accessible&perfd=20260904&perft=11:00&code=Accès PMR; VF;",toulouse
F0006,film,2026-09-04,Blagnac,CGR Blagnac,L139,"https://relay.mvtx.us/ticketing/dbz?code_theater=P0692&gid_entity=movie.movie._.314503&tags=Localization.Language.French,Showtime.Accessibility.Accessible&perfd=20260904&perft=11:00&code=Accès PMR; VF;",toulouse
F0010,film,2026-09-04,Blagnac,CGR Blagnac,L139,"https://relay.mvtx.us/ticketing/dbz?code_theater=P0692&gid_entity=movie.movie._.1000037046&tags=Localization.Language.French,Showtime.Accessibility.Accessible&perfd=20260904&perft=11:00&code=Accès PMR; VF;",toulouse
F0030,film,2026-09-04,Blagnac,CGR Blagnac,L139,"https://relay.mvtx.us/ticketing/dbz?code_theater=P0692&gid_entity=movie.movie._.1000019899&tags=Localization.Language.French,Showtime.Accessibility.Accessible&perfd=20260904&perft=11:00&code=Accès PMR; VF;",toulouse
F0019,film,2026-09-04,Blagnac,CGR Blagnac,L139,"https://relay.mvtx.us/ticketing/dbz?code_theater=P0692&gid_entity=movie.movie._.321617&tags=Localization.Language.French,Showtime.Accessibility.Accessible&perfd=20260904&perft=11:00&code=Accès PMR; VF;",toulouse
F0021,film,2026-09-04,Blagnac,CGR Blagnac,L139,"https://relay.mvtx.us/ticketing/dbz?code_theater=P0692&gid_entity=movie.movie._.1000033718&tags=Localization.Language.French,Showtime.Accessibility.Accessible&perfd=20260904&perft=11:00&code=Accès PMR; VF;",toulouse
F0076,film,2026-09-04,Blagnac,CGR Blagnac,L139,"https://relay.mvtx.us/ticketing/dbz?code_theater=P0692&gid_entity=movie.movie._.1000019382&tags=Showtime.Accessibility.Accessible,Localization.Version.Original,Showtime.Accessibility.Subtitled&perfd=20260904&perft=11:00&code=Accès PMR; VOST;",toulouse
F0158,film,2026-09-04,Blagnac,CGR Blagnac,L139,"https://relay.mvtx.us/ticketing/dbz?code_theater=P0692&gid_entity=movie.movie._.1000019736&tags=Showtime.Accessibility.Accessible,Localization.Version.Original,Showtime.Accessibility.Subtitled&perfd=20260904&perft=17:50&code=Accès PMR; VOST;",toulouse
F0334,film,2026-09-04,Blagnac,CGR Blagnac,L139,"https://relay.mvtx.us/ticketing/dbz?code_theater=P0692&gid_entity=movie.movie._.1000024990&tags=Localization.Language.French,Showtime.Accessibility.Accessible&perfd=20260904&perft=20:00&code=Accès PMR; VF;",toulouse
F0001,film,2026-09-04,Fenouillet,Kinepolis Fenouillet,L140,https://relay.mvtx.us/ticketing/dbz?code_theater=W3115&gid_entity=movie.movie._.276608&tags=Format.Projection.Digital&perfd=20260904&perft=13:30&code=Version Francaise; 2D Laser Ultra,toulouse
F0008,film,2026-09-04,Fenouillet,Kinepolis Fenouillet,L140,https://relay.mvtx.us/ticketing/dbz?code_theater=W3115&gid_entity=movie.movie._.1000016503&tags=Format.Projection.Digital&perfd=20260904&perft=13:30&code=Version Francaise; 2D,toulouse
F0015,film,2026-09-04,Fenouillet,Kinepolis Fenouillet,L140,https://relay.mvtx.us/ticketing/dbz?code_theater=W3115&gid_entity=movie.movie._.294281&tags=Format.Projection.Digital&perfd=20260904&perft=13:30&code=Version Francaise; 2D,toulouse
F0030,film,2026-09-04,Fenouillet,Kinepolis Fenouillet,L140,https://relay.mvtx.us/ticketing/dbz?code_theater=W3115&gid_entity=movie.movie._.1000019899&tags=Format.Projection.Digital&perfd=20260904&perft=13:30&code=Version Francaise; 2D,toulouse
F0002,film,2026-09-04,Fenouillet,Kinepolis Fenouillet,L140,https://relay.mvtx.us/ticketing/dbz?code_theater=W3115&gid_entity=movie.movie._.1000013045&tags=Format.Projection.Digital&perfd=20260904&perft=13:40&code=Version Francaise; 2D,toulouse
F0004,film,2026-09-04,Fenouillet,Kinepolis Fenouillet,L140,https://relay.mvtx.us/ticketing/dbz?code_theater=W3115&gid_entity=movie.movie._.1000032856&tags=Format.Projection.Digital&perfd=20260904&perft=13:40&code=Version Francaise; 2D,toulouse
F0011,film,2026-09-04,Fenouillet,Kinepolis Fenouillet,L140,https://relay.mvtx.us/ticketing/dbz?code_theater=W3115&gid_entity=movie.movie._.1000002942&tags=Format.Projection.Digital&perfd=20260904&perft=13:40&code=Version Francaise; 2D,toulouse
F0003,film,2026-09-04,Fenouillet,Kinepolis Fenouillet,L140,https://relay.mvtx.us/ticketing/dbz?code_theater=W3115&gid_entity=movie.movie._.1000014969&tags=Format.Projection.Digital&perfd=20260904&perft=13:50&code=Version Francaise; 2D,toulouse
F0006,film,2026-09-04,Fenouillet,Kinepolis Fenouillet,L140,https://relay.mvtx.us/ticketing/dbz?code_theater=W3115&gid_entity=movie.movie._.314503&tags=Format.Projection.Digital&perfd=20260904&perft=15:40&code=Version Francaise; 2D,toulouse
F0017,film,2026-09-04,Fenouillet,Kinepolis Fenouillet,L140,https://relay.mvtx.us/ticketing/dbz?code_theater=W3115&gid_entity=movie.movie._.314942&tags=Format.Projection.Digital&perfd=20260904&perft=17:50&code=Version Francaise; 2D,toulouse
F0007,film,2026-09-04,Fenouillet,Kinepolis Fenouillet,L140,https://relay.mvtx.us/ticketing/dbz?code_theater=W3115&gid_entity=movie.movie._.257425&tags=Format.Projection.Digital&perfd=20260904&perft=18:00&code=Version Francaise; 2D,toulouse
F0021,film,2026-09-04,Fenouillet,Kinepolis Fenouillet,L140,https://relay.mvtx.us/ticketing/dbz?code_theater=W3115&gid_entity=movie.movie._.1000033718&tags=Format.Projection.Digital&perfd=20260904&perft=18:05&code=Version Francaise; 2D,toulouse
F0327,film,2026-09-04,Fenouillet,Kinepolis Fenouillet,L140,https://relay.mvtx.us/ticketing/dbz?code_theater=W3115&gid_entity=movie.movie._.114782&tags=Format.Projection.Digital&perfd=20260904&perft=20:15&code=Version Francaise; 2D,toulouse
F0002,film,2026-09-04,Toulouse,American Cosmograph,L141,https://american-cosmograph.fr/l-odyssee.html,toulouse
F0023,film,2026-09-04,Toulouse,American Cosmograph,L141,https://american-cosmograph.fr/trois-adieux.html,toulouse
F0027,film,2026-09-04,Toulouse,American Cosmograph,L141,https://american-cosmograph.fr/decorado.html,toulouse
F0013,film,2026-09-04,Toulouse,American Cosmograph,L141,https://american-cosmograph.fr/soudain.html,toulouse
F0028,film,2026-09-04,Toulouse,American Cosmograph,L141,https://american-cosmograph.fr/degel-2.html,toulouse
F0039,film,2026-09-04,Toulouse,American Cosmograph,L141,https://american-cosmograph.fr/the-good-sister.html,toulouse
F0031,film,2026-09-04,Toulouse,American Cosmograph,L141,https://american-cosmograph.fr/la-frappe.html,toulouse
F0132,film,2026-09-04,Toulouse,American Cosmograph,L141,https://american-cosmograph.fr/the-holy-boy-2.html,toulouse
F0244,film,2026-09-04,Toulouse,American Cosmograph,L141,https://american-cosmograph.fr/3639-robocop.html,toulouse
F0002,film,2026-09-04,Toulouse,UGC Montaudran,L142,"https://relay.mvtx.us/ticketing/dbz?code_theater=W3140&gid_entity=movie.movie._.1000013045&tags=Showtime.Accessibility.Accessible,Localization.Subtitle.French,Localization.Version.Original,Format.Projection.Digital&perfd=20260904&perft=13:30&code=SME; AUDIO; GRETA; PMR; 2D; VO; ",toulouse
F0003,film,2026-09-04,Toulouse,UGC Montaudran,L142,"https://relay.mvtx.us/ticketing/dbz?code_theater=W3140&gid_entity=movie.movie._.1000014969&tags=Showtime.Accessibility.Accessible,Localization.Version.French,Format.Projection.Digital&perfd=20260904&perft=13:40&code=SME; AUDIO; GRETA; PMR; 2D; VF; ",toulouse
F0006,film,2026-09-04,Toulouse,UGC Montaudran,L142,"https://relay.mvtx.us/ticketing/dbz?code_theater=W3140&gid_entity=movie.movie._.314503&tags=Showtime.Accessibility.Accessible,Localization.Version.French,Format.Projection.Digital&perfd=20260904&perft=13:40&code=SME; AUDIO; GRETA; PMR; 2D; VF; ",toulouse
F0001,film,2026-09-04,Toulouse,UGC Montaudran,L142,"https://relay.mvtx.us/ticketing/dbz?code_theater=W3140&gid_entity=movie.movie._.276608&tags=Showtime.Accessibility.Accessible,Localization.Version.French,Format.Projection.Digital&perfd=20260904&perft=13:45&code=SME; AUDIO; GRETA; PMR; 2D; VF; ",toulouse
F0004,film,2026-09-04,Toulouse,UGC Montaudran,L142,"https://relay.mvtx.us/ticketing/dbz?code_theater=W3140&gid_entity=movie.movie._.1000032856&tags=Showtime.Accessibility.Accessible,Localization.Version.French,Format.Projection.Digital&perfd=20260904&perft=14:00&code=SME; AUDIO; PMR; 2D; VF; ",toulouse
F0005,film,2026-09-04,Toulouse,UGC Montaudran,L142,"https://relay.mvtx.us/ticketing/dbz?code_theater=W3140&gid_entity=movie.movie._.188280&tags=Showtime.Accessibility.Accessible,Localization.Subtitle.French,Localization.Version.Original,Format.Projection.Digital&perfd=20260904&perft=14:10&code=PMR; 2D; VO; ",toulouse
F0016,film,2026-09-04,Toulouse,UGC Montaudran,L142,"https://relay.mvtx.us/ticketing/dbz?code_theater=W3140&gid_entity=movie.movie._.313256&tags=Showtime.Accessibility.Accessible,Localization.Version.French,Format.Projection.Digital&perfd=20260904&perft=16:30&code=SME; AUDIO; GRETA; apd06a; PMR; 2D; VF; ",toulouse
F0020,film,2026-09-04,Ramonville-Saint-Agne,L'Autan,L143,"https://relay.mvtx.us/ticketing/dbz?code_theater=P0881&gid_entity=movie.movie._.294280&tags=Showtime.Accessibility.Subtitled,Showtime.Accessibility.OpenCaption,Showtime.Accessibility.VisionImpaired,Localization.Language.French,Showtime.Accessibility.Accessible,Format.Projection.Digital&perfd=20260904&perft=15:00&code=SUBTITLE; SUBTITLE OCAP; VI; VF; DISABLED ACCESS",toulouse
F0086,film,2026-09-04,Ramonville-Saint-Agne,L'Autan,L143,"https://relay.mvtx.us/ticketing/dbz?code_theater=P0881&gid_entity=movie.movie._.1000017160&tags=Showtime.Accessibility.Subtitled,Localization.Version.Original,Showtime.Accessibility.Accessible,Format.Projection.Digital&perfd=20260904&perft=18:30&code=VO; SUBTITLE; DISABLED ACCESS",toulouse
F0010,film,2026-09-04,Ramonville-Saint-Agne,L'Autan,L143,"https://relay.mvtx.us/ticketing/dbz?code_theater=P0881&gid_entity=movie.movie._.1000037046&tags=Localization.Language.French,Showtime.Accessibility.Accessible,Format.Projection.Digital&perfd=20260904&perft=21:00&code=VF; DISABLED ACCESS",toulouse
F0005,film,2026-09-04,Colomiers,Véo Grand Central Colomiers,L144,"https://relay.mvtx.us/ticketing/dbz?code_theater=P6864&gid_entity=movie.movie._.188280&tags=Localization.Version.Original,Format.Projection.Digital&perfd=20260904&perft=13:30",toulouse
F0013,film,2026-09-04,Colomiers,Véo Grand Central Colomiers,L144,"https://relay.mvtx.us/ticketing/dbz?code_theater=P6864&gid_entity=movie.movie._.1000024105&tags=Localization.Version.Original,Format.Projection.Digital&perfd=20260904&perft=13:30",toulouse
F0004,film,2026-09-04,Colomiers,Véo Grand Central Colomiers,L144,"https://relay.mvtx.us/ticketing/dbz?code_theater=P6864&gid_entity=movie.movie._.1000032856&tags=Localization.Language.French,Format.Projection.Digital&perfd=20260904&perft=13:40",toulouse
F0003,film,2026-09-04,Colomiers,Véo Grand Central Colomiers,L144,"https://relay.mvtx.us/ticketing/dbz?code_theater=P6864&gid_entity=movie.movie._.1000014969&tags=Localization.Version.Original,Format.Projection.Digital,Format.Sound.71&perfd=20260904&perft=13:40",toulouse
F0050,film,2026-09-04,Colomiers,Véo Grand Central Colomiers,L144,"https://relay.mvtx.us/ticketing/dbz?code_theater=P6864&gid_entity=movie.movie._.1000034332&tags=Localization.Language.French,Format.Projection.Digital&perfd=20260904&perft=13:40",toulouse
F0014,film,2026-09-04,Colomiers,Véo Grand Central Colomiers,L144,"https://relay.mvtx.us/ticketing/dbz?code_theater=P6864&gid_entity=movie.movie._.316021&tags=Localization.Language.French,Showtime.Accessibility.Dubbed,Format.Projection.Digital&perfd=20260904&perft=15:35",toulouse
F0020,film,2026-09-04,Colomiers,Véo Grand Central Colomiers,L144,"https://relay.mvtx.us/ticketing/dbz?code_theater=P6864&gid_entity=movie.movie._.294280&tags=Localization.Language.French,Format.Projection.Digital,Format.Sound.71&perfd=20260904&perft=15:35",toulouse
F0006,film,2026-09-04,Colomiers,Véo Grand Central Colomiers,L144,"https://relay.mvtx.us/ticketing/dbz?code_theater=P6864&gid_entity=movie.movie._.314503&tags=Localization.Language.French,Showtime.Accessibility.Dubbed,Format.Projection.Digital,Format.Sound.71&perfd=20260904&perft=16:00",toulouse
F0011,film,2026-09-04,Colomiers,Véo Grand Central Colomiers,L144,"https://relay.mvtx.us/ticketing/dbz?code_theater=P6864&gid_entity=movie.movie._.1000002942&tags=Localization.Language.French,Showtime.Accessibility.Dubbed,Format.Projection.Digital,Format.Sound.71&perfd=20260904&perft=17:05",toulouse
F0001,film,2026-09-04,Colomiers,Véo Grand Central Colomiers,L144,"https://relay.mvtx.us/ticketing/dbz?code_theater=P6864&gid_entity=movie.movie._.276608&tags=Localization.Version.Original,Format.Projection.Digital,Format.Sound.71&perfd=20260904&perft=18:10",toulouse
F0007,film,2026-09-04,Colomiers,Véo Grand Central Colomiers,L144,"https://relay.mvtx.us/ticketing/dbz?code_theater=P6864&gid_entity=movie.movie._.257425&tags=Localization.Language.French,Showtime.Accessibility.Dubbed,Format.Projection.Digital&perfd=20260904&perft=18:10",toulouse
F0010,film,2026-09-04,Colomiers,Véo Grand Central Colomiers,L144,"https://relay.mvtx.us/ticketing/dbz?code_theater=P6864&gid_entity=movie.movie._.1000037046&tags=Localization.Language.French,Format.Projection.Digital&perfd=20260904&perft=18:40",toulouse
F0017,film,2026-09-04,Colomiers,Véo Grand Central Colomiers,L144,"https://relay.mvtx.us/ticketing/dbz?code_theater=P6864&gid_entity=movie.movie._.314942&tags=Localization.Language.French,Showtime.Accessibility.Dubbed,Format.Projection.Digital,Format.Sound.71&perfd=20260904&perft=18:40",toulouse
F0008,film,2026-09-04,Colomiers,Véo Grand Central Colomiers,L144,"https://relay.mvtx.us/ticketing/dbz?code_theater=P6864&gid_entity=movie.movie._.1000016503&tags=Localization.Language.French,Showtime.Accessibility.Dubbed,Format.Projection.Digital,Format.Sound.71&perfd=20260904&perft=20:20",toulouse
F0002,film,2026-09-04,Colomiers,Véo Grand Central Colomiers,L144,"https://relay.mvtx.us/ticketing/dbz?code_theater=P6864&gid_entity=movie.movie._.1000013045&tags=Localization.Language.French,Showtime.Accessibility.Dubbed,Format.Projection.Digital,Format.Sound.71&perfd=20260904&perft=21:00",toulouse
F0010,film,2026-09-04,Castelginest,Le Castelia,L146,"https://relay.mvtx.us/ticketing/dbz?code_theater=P0583&gid_entity=movie.movie._.1000037046&tags=Localization.Language.French,Showtime.Accessibility.Accessible,Format.Projection.Digital&perfd=20260904&perft=18:30&code=VF; DISABLED ACCESS",toulouse
F0006,film,2026-09-04,Castelginest,Le Castelia,L146,"https://relay.mvtx.us/ticketing/dbz?code_theater=P0583&gid_entity=movie.movie._.314503&tags=Localization.Language.French,Showtime.Accessibility.Accessible,Format.Projection.Digital&perfd=20260904&perft=20:30&code=VF; DISABLED ACCESS",toulouse
F0005,film,2026-09-04,Muret,Véo Muret,L147,"https://relay.mvtx.us/ticketing/dbz?code_theater=W3161&gid_entity=movie.movie._.188280&tags=Localization.Version.Original,Format.Projection.Digital&perfd=20260904&perft=14:00",toulouse
F0004,film,2026-09-04,Muret,Véo Muret,L147,"https://relay.mvtx.us/ticketing/dbz?code_theater=W3161&gid_entity=movie.movie._.1000032856&tags=Localization.Language.French,Format.Projection.Digital&perfd=20260904&perft=14:00",toulouse
F0013,film,2026-09-04,Muret,Véo Muret,L147,"https://relay.mvtx.us/ticketing/dbz?code_theater=W3161&gid_entity=movie.movie._.1000024105&tags=Localization.Version.Original,Format.Projection.Digital&perfd=20260904&perft=14:00",toulouse
F0011,film,2026-09-04,Muret,Véo Muret,L147,"https://relay.mvtx.us/ticketing/dbz?code_theater=W3161&gid_entity=movie.movie._.1000002942&tags=Localization.Language.French,Showtime.Accessibility.Dubbed,Format.Projection.Digital&perfd=20260904&perft=14:00",toulouse
F0014,film,2026-09-04,Muret,Véo Muret,L147,"https://relay.mvtx.us/ticketing/dbz?code_theater=W3161&gid_entity=movie.movie._.316021&tags=Localization.Language.French,Showtime.Accessibility.Dubbed,Format.Projection.Digital&perfd=20260904&perft=14:00",toulouse
F0026,film,2026-09-04,Muret,Véo Muret,L147,"https://relay.mvtx.us/ticketing/dbz?code_theater=W3161&gid_entity=movie.movie._.1000041528&tags=Localization.Language.French,Format.Projection.Digital&perfd=20260904&perft=14:00",toulouse
F0003,film,2026-09-04,Muret,Véo Muret,L147,"https://relay.mvtx.us/ticketing/dbz?code_theater=W3161&gid_entity=movie.movie._.1000014969&tags=Localization.Language.French,Showtime.Accessibility.Dubbed,Format.Projection.Digital&perfd=20260904&perft=15:50",toulouse
F0006,film,2026-09-04,Muret,Véo Muret,L147,"https://relay.mvtx.us/ticketing/dbz?code_theater=W3161&gid_entity=movie.movie._.314503&tags=Localization.Language.French,Showtime.Accessibility.Dubbed,Format.Projection.Digital&perfd=20260904&perft=16:00",toulouse
F0008,film,2026-09-04,Muret,Véo Muret,L147,"https://relay.mvtx.us/ticketing/dbz?code_theater=W3161&gid_entity=movie.movie._.1000016503&tags=Localization.Language.French,Showtime.Accessibility.Dubbed,Format.Projection.Digital&perfd=20260904&perft=16:00",toulouse
F0010,film,2026-09-04,Muret,Véo Muret,L147,"https://relay.mvtx.us/ticketing/dbz?code_theater=W3161&gid_entity=movie.movie._.1000037046&tags=Localization.Language.French,Format.Projection.Digital&perfd=20260904&perft=16:20",toulouse
F0002,film,2026-09-04,Muret,Véo Muret,L147,"https://relay.mvtx.us/ticketing/dbz?code_theater=W3161&gid_entity=movie.movie._.1000013045&tags=Localization.Version.Original,Format.Projection.Digital&perfd=20260904&perft=17:20",toulouse
F0001,film,2026-09-04,Muret,Véo Muret,L147,"https://relay.mvtx.us/ticketing/dbz?code_theater=W3161&gid_entity=movie.movie._.276608&tags=Localization.Language.French,Format.Projection.Digital&perfd=20260904&perft=17:40",toulouse
F0015,film,2026-09-04,Muret,Véo Muret,L147,"https://relay.mvtx.us/ticketing/dbz?code_theater=W3161&gid_entity=movie.movie._.294281&tags=Localization.Language.French,Format.Projection.Digital&perfd=20260904&perft=20:40",toulouse
F0050,film,2026-09-04,Castanet-Tolosan,MJC Ciné 113,L148,"https://relay.mvtx.us/ticketing/dbz?code_theater=P2235&gid_entity=movie.movie._.1000034332&tags=Localization.Language.French,Format.Projection.Digital&perfd=20260904&perft=14:15&code=VF",toulouse
F0026,film,2026-09-04,Castanet-Tolosan,MJC Ciné 113,L148,"https://relay.mvtx.us/ticketing/dbz?code_theater=P2235&gid_entity=movie.movie._.1000041528&tags=Localization.Language.French,Format.Projection.Digital&perfd=20260904&perft=17:15&code=VF",toulouse
F0013,film,2026-09-04,Castanet-Tolosan,MJC Ciné 113,L148,"https://relay.mvtx.us/ticketing/dbz?code_theater=P2235&gid_entity=movie.movie._.1000024105&tags=Localization.Language.French,Format.Projection.Digital&perfd=20260904&perft=20:15&code=VF",toulouse
A0015,live,2026-09-05,Toulouse,Théâtre Les 3 T,L047,https://new.3tcafetheatre.com/spectacle/la-bonne-surprise/,toulouse
A0016,live,2026-09-05,Toulouse,Théâtre Les 3 T,L047,https://new.3tcafetheatre.com/spectacle/les-femmes-ont-toujours-raison-les-hommes-nont-jamais-tort/,toulouse
A0008,live,2026-09-05,Toulouse,Théâtre Les 3 T,L047,https://new.3tcafetheatre.com/spectacle/anne-roumanoff-lage-libre/,toulouse
A0122,live,2026-09-05,Toulouse,Théâtre Les 3 T,L047,https://new.3tcafetheatre.com/spectacle/un-putain-de-conte-de-fee/,toulouse
A0279,live,2026-09-05,Toulouse,Le Taquin,L075,https://www.le-taquin.fr/programmation/le-taquin-fete-ses-10-ans-1-2/?wcs_timestamp=1788631200,toulouse
A0280,live,2026-09-05,Toulouse,Le Rex,L076,https://www.lerextoulouse.com/fr/programmation/,toulouse
A0281,live,2026-09-05,Toulouse,Le Rex,L076,https://www.lerextoulouse.com/fr/programmation/,toulouse
A0350,live,2026-09-05,Toulouse,Le Rex,L076,https://www.lerextoulouse.com/fr/programmation/rex-techno-opening-x-plein-phare-entree-gratuite-/,toulouse
A0421,live,2026-09-05,Toulouse,Le Bijou,L078,https://www.le-bijou.net/event-details/lancement-de-saison-1,toulouse
A0351,live,2026-09-05,Ramonville-Saint-Agne,Le Bikini,L083,https://lebikini.com/2026/09/05/apero-80-s,toulouse
A0352,live,2026-09-05,Ramonville-Saint-Agne,Le Bikini,L083,https://lebikini.com/2026/09/05/la-qlub-dj-sexstasy-dj-caline-belladonna-sohier,toulouse
A0261,live,2026-09-05,Toulouse,Les Jardins de Candie,L092,https://lesjardinsdecandie.com/,toulouse
A0351,live,2026-09-05,Ramonville-Saint-Agne,Le Petit Bikini,L093,https://lebikini.com/2026/09/05/apero-80-s,toulouse
A0352,live,2026-09-05,Ramonville-Saint-Agne,Le Petit Bikini,L093,https://lebikini.com/2026/09/05/la-qlub-dj-sexstasy-dj-caline-belladonna-sohier,toulouse
A0282,live,2026-09-05,L’Union,Le Petit L’U (L’Union),L106,https://lepetitlu-guinguette.fr/,toulouse
F0035,film,2026-09-05,Toulouse,Utopia Borderouge,L125,https://toulouse.cinemas-utopia.org/film/?id=13722,toulouse
F0056,film,2026-09-05,Toulouse,Utopia Borderouge,L125,https://toulouse.cinemas-utopia.org/film/?id=13551,toulouse
F0005,film,2026-09-05,Toulouse,Utopia Borderouge,L125,https://toulouse.cinemas-utopia.org/film/?id=13457,toulouse
F0065,film,2026-09-05,Toulouse,Utopia Borderouge,L125,https://toulouse.cinemas-utopia.org/film/?id=13430,toulouse
F0037,film,2026-09-05,Toulouse,Utopia Borderouge,L125,https://toulouse.cinemas-utopia.org/film/?id=13251,toulouse
F0046,film,2026-09-05,Toulouse,Utopia Borderouge,L125,https://toulouse.cinemas-utopia.org/film?id=13251,toulouse
F0051,film,2026-09-05,Toulouse,Utopia Borderouge,L125,https://toulouse.cinemas-utopia.org/film/?id=13341,toulouse
F0013,film,2026-09-05,Toulouse,Utopia Borderouge,L125,https://toulouse.cinemas-utopia.org/film/?id=13459,toulouse
F0034,film,2026-09-05,Toulouse,Utopia Borderouge,L125,https://toulouse.cinemas-utopia.org/film/?id=13462,toulouse
F0044,film,2026-09-05,Toulouse,Utopia Borderouge,L125,https://toulouse.cinemas-utopia.org/film?id=13462,toulouse
F0049,film,2026-09-05,Toulouse,Utopia Borderouge,L125,https://toulouse.cinemas-utopia.org/film/?id=13765,toulouse
F0026,film,2026-09-05,Toulouse,Utopia Borderouge,L125,https://toulouse.cinemas-utopia.org/film/?id=13696,toulouse
F0010,film,2026-09-05,Toulouse,Utopia Borderouge,L125,https://toulouse.cinemas-utopia.org/film/?id=13449,toulouse
F0002,film,2026-09-05,Toulouse,Utopia Borderouge,L125,https://toulouse.cinemas-utopia.org/film/?id=13767,toulouse
F0040,film,2026-09-05,Toulouse,Utopia Borderouge,L125,https://toulouse.cinemas-utopia.org/film/?id=13042,toulouse
F0039,film,2026-09-05,Tournefeuille,Utopia Tournefeuille,L126,https://toulouse.cinemas-utopia.org/film/?id=13809,toulouse
F0005,film,2026-09-05,Tournefeuille,Utopia Tournefeuille,L126,https://toulouse.cinemas-utopia.org/film/?id=13457,toulouse
F0012,film,2026-09-05,Tournefeuille,Utopia Tournefeuille,L126,https://toulouse.cinemas-utopia.org/film/?id=13805,toulouse
F0023,film,2026-09-05,Tournefeuille,Utopia Tournefeuille,L126,https://toulouse.cinemas-utopia.org/film/?id=11952,toulouse
F0067,film,2026-09-05,Tournefeuille,Utopia Tournefeuille,L126,https://toulouse.cinemas-utopia.org/film/?id=13760,toulouse
F0013,film,2026-09-05,Tournefeuille,Utopia Tournefeuille,L126,https://toulouse.cinemas-utopia.org/film/?id=13459,toulouse
F0028,film,2026-09-05,Tournefeuille,Utopia Tournefeuille,L126,https://toulouse.cinemas-utopia.org/film/?id=13804,toulouse
F0022,film,2026-09-05,Tournefeuille,Utopia Tournefeuille,L126,https://toulouse.cinemas-utopia.org/film/?id=13949,toulouse
F0130,film,2026-09-05,Tournefeuille,Utopia Tournefeuille,L126,https://toulouse.cinemas-utopia.org/film/?id=2225,toulouse
F0025,film,2026-09-05,Tournefeuille,Utopia Tournefeuille,L126,https://toulouse.cinemas-utopia.org/film/?id=13808,toulouse
F0027,film,2026-09-05,Tournefeuille,Utopia Tournefeuille,L126,https://toulouse.cinemas-utopia.org/film/?id=13806,toulouse
F0025,film,2026-09-05,Toulouse,Cinéma ABC,L127,"https://relay.mvtx.us/ticketing/dbz?code_theater=P0071&gid_entity=movie.movie._.1000022260&tags=Showtime.Accessibility.Subtitled,Localization.Version.Original,Showtime.Accessibility.Accessible,Format.Projection.Digital&perfd=20260905&perft=13:10&code=VO; SUBTITLE; DISABLED ACCESS",toulouse
F0012,film,2026-09-05,Toulouse,Cinéma ABC,L127,"https://relay.mvtx.us/ticketing/dbz?code_theater=P0071&gid_entity=movie.movie._.327993&tags=Localization.Language.French,Showtime.Accessibility.Accessible,Format.Projection.Digital&perfd=20260905&perft=13:10&code=VF; DISABLED ACCESS",toulouse
F0005,film,2026-09-05,Toulouse,Cinéma ABC,L127,"https://relay.mvtx.us/ticketing/dbz?code_theater=P0071&gid_entity=movie.movie._.188280&tags=Showtime.Accessibility.Subtitled,Localization.Version.Original,Showtime.Accessibility.Accessible,Format.Projection.Digital&perfd=20260905&perft=14:00&code=VO; SUBTITLE; DISABLED ACCESS",toulouse
F0058,film,2026-09-05,Toulouse,Cinéma ABC,L127,"https://relay.mvtx.us/ticketing/dbz?code_theater=P0071&gid_entity=movie.movie._.1000032278&tags=Showtime.Accessibility.Subtitled,Localization.Version.Original,Showtime.Accessibility.Accessible,Format.Projection.Digital&perfd=20260905&perft=15:50&code=VO; SUBTITLE; DISABLED ACCESS",toulouse
F0022,film,2026-09-05,Toulouse,Cinéma ABC,L127,"https://relay.mvtx.us/ticketing/dbz?code_theater=P0071&gid_entity=movie.movie._.300784&tags=Localization.Language.French,Showtime.Accessibility.Accessible,Format.Projection.Digital&perfd=20260905&perft=16:50&code=VF; DISABLED ACCESS",toulouse
F0053,film,2026-09-05,Toulouse,Cinéma ABC,L127,"https://relay.mvtx.us/ticketing/dbz?code_theater=P0071&gid_entity=movie.movie._.316460&tags=Showtime.Accessibility.Subtitled,Localization.Version.Original,Showtime.Accessibility.Accessible,Format.Projection.Digital&perfd=20260905&perft=18:00&code=VO; SUBTITLE; DISABLED ACCESS",toulouse
F0078,film,2026-09-05,Toulouse,Le Cratère,L128,"https://relay.mvtx.us/ticketing/dbz?code_theater=P0056&gid_entity=movie.movie._.305835&tags=Localization.Version.Original,Format.Projection.Digital&perfd=20260905&perft=10:00&code=VO",toulouse
F0082,film,2026-09-05,Toulouse,Le Cratère,L128,"https://relay.mvtx.us/ticketing/dbz?code_theater=P0056&gid_entity=movie.movie._.325471&tags=Localization.Version.Original,Format.Projection.Digital&perfd=20260905&perft=12:55&code=VO",toulouse
F0065,film,2026-09-05,Toulouse,Le Cratère,L128,"https://relay.mvtx.us/ticketing/dbz?code_theater=P0056&gid_entity=movie.movie._.1000043585&tags=Localization.Language.French,Format.Projection.Digital&perfd=20260905&perft=16:10&code=VF",toulouse
F0071,film,2026-09-05,Toulouse,Le Cratère,L128,"https://relay.mvtx.us/ticketing/dbz?code_theater=P0056&gid_entity=movie.movie._.1000025598&tags=Localization.Version.Original,Format.Projection.Digital&perfd=20260905&perft=16:50&code=VO",toulouse
F0088,film,2026-09-05,Toulouse,Le Cratère,L128,"https://relay.mvtx.us/ticketing/dbz?code_theater=P0056&gid_entity=movie.movie._.1000003998&tags=Localization.Version.Original,Format.Projection.Digital&perfd=20260905&perft=18:35&code=VO",toulouse
F0074,film,2026-09-05,Toulouse,Le Cratère,L128,"https://relay.mvtx.us/ticketing/dbz?code_theater=P0056&gid_entity=movie.movie._.282094&tags=Localization.Version.Original,Format.Projection.Digital&perfd=20260905&perft=20:25&code=VO",toulouse
A0351,live,2026-09-05,Blagnac,Poney Club,L132,https://lebikini.com/2026/09/05/apero-80-s,toulouse
A0352,live,2026-09-05,Blagnac,Poney Club,L132,https://lebikini.com/2026/09/05/la-qlub-dj-sexstasy-dj-caline-belladonna-sohier,toulouse
F0022,film,2026-09-05,Toulouse,Pathé Toulouse Wilson,L137,https://s.pathe.fr/en/V3358S196899/booking,toulouse
F0003,film,2026-09-05,Toulouse,Pathé Toulouse Wilson,L137,https://s.pathe.fr/en/V3358S196898/booking,toulouse
F0002,film,2026-09-05,Toulouse,Pathé Toulouse Wilson,L137,https://s.pathe.fr/en/V3358S196897/booking,toulouse
F0005,film,2026-09-05,Toulouse,Pathé Toulouse Wilson,L137,https://s.pathe.fr/en/V3358S196900/booking,toulouse
F0015,film,2026-09-05,Toulouse,Pathé Toulouse Wilson,L137,https://s.pathe.fr/en/V3358S196901/booking,toulouse
F0023,film,2026-09-05,Toulouse,Pathé Toulouse Wilson,L137,https://s.pathe.fr/en/V3358S196905/booking,toulouse
F0031,film,2026-09-05,Toulouse,Pathé Toulouse Wilson,L137,https://s.pathe.fr/en/V3358S196907/booking,toulouse
F0001,film,2026-09-05,Toulouse,Pathé Toulouse Wilson,L137,https://s.pathe.fr/en/V3358S196904/booking,toulouse
F0004,film,2026-09-05,Toulouse,Pathé Toulouse Wilson,L137,https://s.pathe.fr/en/V3358S196903/booking,toulouse
F0006,film,2026-09-05,Toulouse,Pathé Toulouse Wilson,L137,https://s.pathe.fr/en/V3358S196906/booking,toulouse
F0012,film,2026-09-05,Toulouse,Pathé Toulouse Wilson,L137,https://s.pathe.fr/en/V3358S196909/booking,toulouse
F0010,film,2026-09-05,Toulouse,Pathé Toulouse Wilson,L137,https://s.pathe.fr/en/V3358S196910/booking,toulouse
F0014,film,2026-09-05,Toulouse,Pathé Toulouse Wilson,L137,https://s.pathe.fr/en/V3358S196911/booking,toulouse
F0009,film,2026-09-05,Toulouse,Pathé Toulouse Wilson,L137,https://s.pathe.fr/en/V3358S196908/booking,toulouse
F0312,film,2026-09-05,Toulouse,Pathé Toulouse Wilson,L137,,toulouse
F0001,film,2026-09-05,Labège,Pathé Toulouse Labège,L138,https://s.pathe.fr/en/V3364S188897/booking,toulouse
F0084,film,2026-09-05,Labège,Pathé Toulouse Labège,L138,https://s.pathe.fr/en/V3364S188898/booking,toulouse
F0002,film,2026-09-05,Labège,Pathé Toulouse Labège,L138,https://s.pathe.fr/en/V3364S188815/booking,toulouse
F0003,film,2026-09-05,Labège,Pathé Toulouse Labège,L138,https://s.pathe.fr/en/V3364S188810/booking,toulouse
F0015,film,2026-09-05,Labège,Pathé Toulouse Labège,L138,https://s.pathe.fr/en/V3364S188814/booking,toulouse
F0009,film,2026-09-05,Labège,Pathé Toulouse Labège,L138,https://s.pathe.fr/en/V3364S188813/booking,toulouse
F0017,film,2026-09-05,Labège,Pathé Toulouse Labège,L138,https://s.pathe.fr/en/V3364S188811/booking,toulouse
F0004,film,2026-09-05,Labège,Pathé Toulouse Labège,L138,https://s.pathe.fr/en/V3364S188807/booking,toulouse
F0006,film,2026-09-05,Labège,Pathé Toulouse Labège,L138,https://s.pathe.fr/en/V3364S188820/booking,toulouse
F0008,film,2026-09-05,Labège,Pathé Toulouse Labège,L138,https://s.pathe.fr/en/V3364S188809/booking,toulouse
F0007,film,2026-09-05,Labège,Pathé Toulouse Labège,L138,https://s.pathe.fr/en/V3364S188821/booking,toulouse
F0016,film,2026-09-05,Labège,Pathé Toulouse Labège,L138,https://s.pathe.fr/en/V3364S188808/booking,toulouse
F0011,film,2026-09-05,Labège,Pathé Toulouse Labège,L138,https://s.pathe.fr/en/V3364S188818/booking,toulouse
F0019,film,2026-09-05,Labège,Pathé Toulouse Labège,L138,https://s.pathe.fr/en/V3364S188817/booking,toulouse
F0064,film,2026-09-05,Labège,Pathé Toulouse Labège,L138,,toulouse
F0015,film,2026-09-05,Blagnac,CGR Blagnac,L139,"https://relay.mvtx.us/ticketing/dbz?code_theater=P0692&gid_entity=movie.movie._.294281&tags=Localization.Language.French,Showtime.Accessibility.Accessible&perfd=20260905&perft=10:40&code=Accès PMR; VF;",toulouse
F0003,film,2026-09-05,Blagnac,CGR Blagnac,L139,"https://relay.mvtx.us/ticketing/dbz?code_theater=P0692&gid_entity=movie.movie._.1000014969&tags=Localization.Language.French,Showtime.Accessibility.Accessible,Auditorium.Experience.Ice&perfd=20260905&perft=10:45&code=Accès PMR; ICE; VF;",toulouse
F0002,film,2026-09-05,Blagnac,CGR Blagnac,L139,"https://relay.mvtx.us/ticketing/dbz?code_theater=P0692&gid_entity=movie.movie._.1000013045&tags=Showtime.Accessibility.Accessible,Localization.Version.Original,Showtime.Accessibility.Subtitled&perfd=20260905&perft=10:45&code=Accès PMR; VOST;",toulouse
F0001,film,2026-09-05,Blagnac,CGR Blagnac,L139,"https://relay.mvtx.us/ticketing/dbz?code_theater=P0692&gid_entity=movie.movie._.276608&tags=Localization.Language.French,Showtime.Accessibility.Accessible,Auditorium.Experience.DolbyAtmos&perfd=20260905&perft=10:45&code=Accès PMR; Dolby Atmos; VF;",toulouse
F0020,film,2026-09-05,Blagnac,CGR Blagnac,L139,"https://relay.mvtx.us/ticketing/dbz?code_theater=P0692&gid_entity=movie.movie._.294280&tags=Localization.Language.French,Showtime.Accessibility.Accessible&perfd=20260905&perft=10:45&code=Accès PMR; VF;",toulouse
F0007,film,2026-09-05,Blagnac,CGR Blagnac,L139,"https://relay.mvtx.us/ticketing/dbz?code_theater=P0692&gid_entity=movie.movie._.257425&tags=Localization.Language.French,Showtime.Accessibility.Accessible&perfd=20260905&perft=10:45&code=Accès PMR; VF;",toulouse
F0009,film,2026-09-05,Blagnac,CGR Blagnac,L139,"https://relay.mvtx.us/ticketing/dbz?code_theater=P0692&gid_entity=movie.movie._.320681&tags=Localization.Language.French,Showtime.Accessibility.Accessible&perfd=20260905&perft=10:45&code=Accès PMR; VF;",toulouse
F0016,film,2026-09-05,Blagnac,CGR Blagnac,L139,"https://relay.mvtx.us/ticketing/dbz?code_theater=P0692&gid_entity=movie.movie._.313256&tags=Localization.Language.French,Showtime.Accessibility.Accessible&perfd=20260905&perft=10:45&code=Accès PMR; VF;",toulouse
F0017,film,2026-09-05,Blagnac,CGR Blagnac,L139,"https://relay.mvtx.us/ticketing/dbz?code_theater=P0692&gid_entity=movie.movie._.314942&tags=Localization.Language.French,Showtime.Accessibility.Accessible&perfd=20260905&perft=10:45&code=Accès PMR; VF;",toulouse
F0024,film,2026-09-05,Blagnac,CGR Blagnac,L139,"https://relay.mvtx.us/ticketing/dbz?code_theater=P0692&gid_entity=movie.movie._.315380&tags=Localization.Language.French,Showtime.Accessibility.Accessible&perfd=20260905&perft=10:45&code=Accès PMR; VF;",toulouse
F0038,film,2026-09-05,Blagnac,CGR Blagnac,L139,"https://relay.mvtx.us/ticketing/dbz?code_theater=P0692&gid_entity=movie.movie._.1000022217&tags=Localization.Language.French,Showtime.Accessibility.Accessible&perfd=20260905&perft=10:45&code=Accès PMR; VF;",toulouse
F0004,film,2026-09-05,Blagnac,CGR Blagnac,L139,"https://relay.mvtx.us/ticketing/dbz?code_theater=P0692&gid_entity=movie.movie._.1000032856&tags=Localization.Language.French,Showtime.Accessibility.Accessible&perfd=20260905&perft=11:00&code=Accès PMR; VF;",toulouse
F0010,film,2026-09-05,Blagnac,CGR Blagnac,L139,"https://relay.mvtx.us/ticketing/dbz?code_theater=P0692&gid_entity=movie.movie._.1000037046&tags=Localization.Language.French,Showtime.Accessibility.Accessible&perfd=20260905&perft=11:00&code=Accès PMR; VF;",toulouse
F0019,film,2026-09-05,Blagnac,CGR Blagnac,L139,"https://relay.mvtx.us/ticketing/dbz?code_theater=P0692&gid_entity=movie.movie._.321617&tags=Localization.Language.French,Showtime.Accessibility.Accessible&perfd=20260905&perft=11:00&code=Accès PMR; VF;",toulouse
F0006,film,2026-09-05,Blagnac,CGR Blagnac,L139,"https://relay.mvtx.us/ticketing/dbz?code_theater=P0692&gid_entity=movie.movie._.314503&tags=Localization.Language.French,Showtime.Accessibility.Accessible&perfd=20260905&perft=13:30&code=Accès PMR; VF;",toulouse
F0001,film,2026-09-05,Fenouillet,Kinepolis Fenouillet,L140,https://relay.mvtx.us/ticketing/dbz?code_theater=W3115&gid_entity=movie.movie._.276608&tags=Format.Projection.Digital&perfd=20260905&perft=13:30&code=Version Francaise; 2D Laser Ultra,toulouse
F0015,film,2026-09-05,Fenouillet,Kinepolis Fenouillet,L140,https://relay.mvtx.us/ticketing/dbz?code_theater=W3115&gid_entity=movie.movie._.294281&tags=Format.Projection.Digital&perfd=20260905&perft=13:30&code=Version Francaise; 2D,toulouse
F0016,film,2026-09-05,Fenouillet,Kinepolis Fenouillet,L140,https://relay.mvtx.us/ticketing/dbz?code_theater=W3115&gid_entity=movie.movie._.313256&tags=Format.Projection.Digital&perfd=20260905&perft=13:35&code=Version Francaise; 2D,toulouse
F0024,film,2026-09-05,Fenouillet,Kinepolis Fenouillet,L140,https://relay.mvtx.us/ticketing/dbz?code_theater=W3115&gid_entity=movie.movie._.315380&tags=Format.Projection.Digital&perfd=20260905&perft=13:35&code=Version Francaise; 2D,toulouse
F0004,film,2026-09-05,Fenouillet,Kinepolis Fenouillet,L140,https://relay.mvtx.us/ticketing/dbz?code_theater=W3115&gid_entity=movie.movie._.1000032856&tags=Format.Projection.Digital&perfd=20260905&perft=13:40&code=Version Francaise; 2D,toulouse
F0007,film,2026-09-05,Fenouillet,Kinepolis Fenouillet,L140,https://relay.mvtx.us/ticketing/dbz?code_theater=W3115&gid_entity=movie.movie._.257425&tags=Format.Projection.Digital&perfd=20260905&perft=13:40&code=Version Francaise; 2D,toulouse
F0003,film,2026-09-05,Fenouillet,Kinepolis Fenouillet,L140,https://relay.mvtx.us/ticketing/dbz?code_theater=W3115&gid_entity=movie.movie._.1000014969&tags=Format.Projection.Digital&perfd=20260905&perft=13:50&code=Version Francaise; 2D,toulouse
F0009,film,2026-09-05,Fenouillet,Kinepolis Fenouillet,L140,https://relay.mvtx.us/ticketing/dbz?code_theater=W3115&gid_entity=movie.movie._.320681&tags=Format.Projection.Digital&perfd=20260905&perft=13:55&code=Version Francaise; 2D,toulouse
F0008,film,2026-09-05,Fenouillet,Kinepolis Fenouillet,L140,https://relay.mvtx.us/ticketing/dbz?code_theater=W3115&gid_entity=movie.movie._.1000016503&tags=Format.Projection.Digital&perfd=20260905&perft=15:50&code=Version Francaise; 2D,toulouse
F0002,film,2026-09-05,Fenouillet,Kinepolis Fenouillet,L140,https://relay.mvtx.us/ticketing/dbz?code_theater=W3115&gid_entity=movie.movie._.1000013045&tags=Format.Projection.Digital&perfd=20260905&perft=16:40&code=Version Francaise; 2D,toulouse
F0017,film,2026-09-05,Fenouillet,Kinepolis Fenouillet,L140,https://relay.mvtx.us/ticketing/dbz?code_theater=W3115&gid_entity=movie.movie._.314942&tags=Format.Projection.Digital&perfd=20260905&perft=17:55&code=Version Francaise; 2D,toulouse
F0021,film,2026-09-05,Fenouillet,Kinepolis Fenouillet,L140,https://relay.mvtx.us/ticketing/dbz?code_theater=W3115&gid_entity=movie.movie._.1000033718&tags=Format.Projection.Digital&perfd=20260905&perft=18:05&code=Version Francaise; 2D,toulouse
F0011,film,2026-09-05,Fenouillet,Kinepolis Fenouillet,L140,https://relay.mvtx.us/ticketing/dbz?code_theater=W3115&gid_entity=movie.movie._.1000002942&tags=Format.Projection.Digital&perfd=20260905&perft=20:10&code=Version Francaise; 2D,toulouse
F0252,film,2026-09-05,Fenouillet,Kinepolis Fenouillet,L140,https://relay.mvtx.us/ticketing/dbz?code_theater=W3115&gid_entity=movie.movie._.115362&tags=Format.Projection.Digital&perfd=20260905&perft=20:15&code=Version Francaise; 2D,toulouse
F0006,film,2026-09-05,Fenouillet,Kinepolis Fenouillet,L140,https://relay.mvtx.us/ticketing/dbz?code_theater=W3115&gid_entity=movie.movie._.314503&tags=Format.Projection.Digital&perfd=20260905&perft=20:20&code=Version Francaise; 2D,toulouse
F0013,film,2026-09-05,Toulouse,American Cosmograph,L141,https://american-cosmograph.fr/soudain.html,toulouse
F0028,film,2026-09-05,Toulouse,American Cosmograph,L141,https://american-cosmograph.fr/degel-2.html,toulouse
F0039,film,2026-09-05,Toulouse,American Cosmograph,L141,https://american-cosmograph.fr/the-good-sister.html,toulouse
F0031,film,2026-09-05,Toulouse,American Cosmograph,L141,https://american-cosmograph.fr/la-frappe.html,toulouse
F0023,film,2026-09-05,Toulouse,American Cosmograph,L141,https://american-cosmograph.fr/trois-adieux.html,toulouse
F0055,film,2026-09-05,Toulouse,American Cosmograph,L141,https://american-cosmograph.fr/ma-famille-de-samourais.html,toulouse
F0002,film,2026-09-05,Toulouse,American Cosmograph,L141,https://american-cosmograph.fr/l-odyssee.html,toulouse
F0134,film,2026-09-05,Toulouse,American Cosmograph,L141,https://american-cosmograph.fr/antonia-et-ses-filles.html,toulouse
F0027,film,2026-09-05,Toulouse,American Cosmograph,L141,https://american-cosmograph.fr/decorado.html,toulouse
F0024,film,2026-09-05,Toulouse,UGC Montaudran,L142,"https://relay.mvtx.us/ticketing/dbz?code_theater=W3140&gid_entity=movie.movie._.315380&tags=Showtime.Accessibility.Accessible,Localization.Version.French,Format.Projection.Digital&perfd=20260905&perft=13:30&code=SME; AUDIO; GRETA; apd06a; PMR; 2D; VF; ",toulouse
F0002,film,2026-09-05,Toulouse,UGC Montaudran,L142,"https://relay.mvtx.us/ticketing/dbz?code_theater=W3140&gid_entity=movie.movie._.1000013045&tags=Showtime.Accessibility.Accessible,Localization.Subtitle.French,Localization.Version.Original,Format.Projection.Digital&perfd=20260905&perft=13:30&code=SME; AUDIO; GRETA; PMR; 2D; VO; ",toulouse
F0003,film,2026-09-05,Toulouse,UGC Montaudran,L142,"https://relay.mvtx.us/ticketing/dbz?code_theater=W3140&gid_entity=movie.movie._.1000014969&tags=Showtime.Accessibility.Accessible,Localization.Version.French,Format.Projection.Digital&perfd=20260905&perft=13:40&code=SME; AUDIO; GRETA; PMR; 2D; VF; ",toulouse
F0001,film,2026-09-05,Toulouse,UGC Montaudran,L142,"https://relay.mvtx.us/ticketing/dbz?code_theater=W3140&gid_entity=movie.movie._.276608&tags=Showtime.Accessibility.Accessible,Localization.Version.French,Format.Projection.Digital&perfd=20260905&perft=13:45&code=SME; AUDIO; GRETA; PMR; 2D; VF; ",toulouse
F0004,film,2026-09-05,Toulouse,UGC Montaudran,L142,"https://relay.mvtx.us/ticketing/dbz?code_theater=W3140&gid_entity=movie.movie._.1000032856&tags=Showtime.Accessibility.Accessible,Localization.Version.French,Format.Projection.Digital&perfd=20260905&perft=14:00&code=SME; AUDIO; PMR; 2D; VF; ",toulouse
F0007,film,2026-09-05,Toulouse,UGC Montaudran,L142,"https://relay.mvtx.us/ticketing/dbz?code_theater=W3140&gid_entity=movie.movie._.257425&tags=Showtime.Accessibility.Accessible,Localization.Version.French,Format.Projection.Digital&perfd=20260905&perft=14:00&code=apd06a; PMR; 2D; VF; ",toulouse
F0005,film,2026-09-05,Toulouse,UGC Montaudran,L142,"https://relay.mvtx.us/ticketing/dbz?code_theater=W3140&gid_entity=movie.movie._.188280&tags=Showtime.Accessibility.Accessible,Localization.Subtitle.French,Localization.Version.Original,Format.Projection.Digital&perfd=20260905&perft=14:10&code=PMR; 2D; VO; ",toulouse
F0009,film,2026-09-05,Toulouse,UGC Montaudran,L142,"https://relay.mvtx.us/ticketing/dbz?code_theater=W3140&gid_entity=movie.movie._.320681&tags=Showtime.Accessibility.Accessible,Localization.Version.French,Format.Projection.Digital&perfd=20260905&perft=15:30&code=apd03a; PMR; 2D; VF; ",toulouse
F0376,film,2026-09-05,Toulouse,UGC Montaudran,L142,"https://relay.mvtx.us/ticketing/dbz?code_theater=W3140&gid_entity=movie.movie._.37485&tags=Showtime.Accessibility.Accessible,Localization.Subtitle.French,Localization.Version.Original,Format.Projection.Digital&perfd=20260905&perft=16:00&code=apd08a; PMR; 2D; Prevente; VO; ",toulouse
F0006,film,2026-09-05,Toulouse,UGC Montaudran,L142,"https://relay.mvtx.us/ticketing/dbz?code_theater=W3140&gid_entity=movie.movie._.314503&tags=Showtime.Accessibility.Accessible,Localization.Subtitle.French,Localization.Version.Original,Format.Projection.Digital&perfd=20260905&perft=20:00&code=SME; AUDIO; GRETA; PMR; 2D; VO; ",toulouse
F0067,film,2026-09-05,Ramonville-Saint-Agne,L'Autan,L143,https://cine-autan-ramonville.fr/movie/1462,toulouse
F0015,film,2026-09-05,Ramonville-Saint-Agne,L'Autan,L143,"https://relay.mvtx.us/ticketing/dbz?code_theater=P0881&gid_entity=movie.movie._.294281&tags=Localization.Language.French,Showtime.Accessibility.Accessible,Format.Projection.Digital&perfd=20260905&perft=16:30&code=VF; DISABLED ACCESS",toulouse
F0013,film,2026-09-05,Ramonville-Saint-Agne,L'Autan,L143,"https://relay.mvtx.us/ticketing/dbz?code_theater=P0881&gid_entity=movie.movie._.1000024105&tags=Localization.Language.French,Showtime.Accessibility.Accessible,Format.Projection.Digital&perfd=20260905&perft=20:00&code=VF; DISABLED ACCESS",toulouse
F0011,film,2026-09-05,Colomiers,Véo Grand Central Colomiers,L144,"https://relay.mvtx.us/ticketing/dbz?code_theater=P6864&gid_entity=movie.movie._.1000002942&tags=Localization.Language.French,Showtime.Accessibility.Dubbed,Format.Projection.Digital,Format.Sound.71&perfd=20260905&perft=13:30",toulouse
F0005,film,2026-09-05,Colomiers,Véo Grand Central Colomiers,L144,"https://relay.mvtx.us/ticketing/dbz?code_theater=P6864&gid_entity=movie.movie._.188280&tags=Localization.Version.Original,Format.Projection.Digital&perfd=20260905&perft=13:30",toulouse
F0009,film,2026-09-05,Colomiers,Véo Grand Central Colomiers,L144,"https://relay.mvtx.us/ticketing/dbz?code_theater=P6864&gid_entity=movie.movie._.320681&tags=Localization.Language.French,Showtime.Accessibility.Dubbed,Format.Projection.Digital&perfd=20260905&perft=13:30",toulouse
F0007,film,2026-09-05,Colomiers,Véo Grand Central Colomiers,L144,"https://relay.mvtx.us/ticketing/dbz?code_theater=P6864&gid_entity=movie.movie._.257425&tags=Localization.Language.French,Showtime.Accessibility.Dubbed,Format.Projection.Digital&perfd=20260905&perft=13:30",toulouse
F0004,film,2026-09-05,Colomiers,Véo Grand Central Colomiers,L144,"https://relay.mvtx.us/ticketing/dbz?code_theater=P6864&gid_entity=movie.movie._.1000032856&tags=Localization.Language.French,Format.Projection.Digital&perfd=20260905&perft=13:50",toulouse
F0001,film,2026-09-05,Colomiers,Véo Grand Central Colomiers,L144,"https://relay.mvtx.us/ticketing/dbz?code_theater=P6864&gid_entity=movie.movie._.276608&tags=Localization.Language.French,Showtime.Accessibility.Dubbed,Format.Projection.Digital,Format.Sound.71&perfd=20260905&perft=15:20",toulouse
F0002,film,2026-09-05,Colomiers,Véo Grand Central Colomiers,L144,"https://relay.mvtx.us/ticketing/dbz?code_theater=P6864&gid_entity=movie.movie._.1000013045&tags=Localization.Version.Original,Format.Projection.Digital,Format.Sound.71&perfd=20260905&perft=15:30",toulouse
F0003,film,2026-09-05,Colomiers,Véo Grand Central Colomiers,L144,"https://relay.mvtx.us/ticketing/dbz?code_theater=P6864&gid_entity=movie.movie._.1000014969&tags=Localization.Language.French,Showtime.Accessibility.Dubbed,Format.Projection.Digital,Format.Sound.71&perfd=20260905&perft=16:15",toulouse
F0174,film,2026-09-05,Colomiers,Véo Grand Central Colomiers,L144,"https://relay.mvtx.us/ticketing/dbz?code_theater=P6864&gid_entity=movie.movie._.51013&tags=Localization.Version.Original,Format.Projection.Digital,Format.Sound.71&perfd=20260905&perft=17:45",toulouse
F0008,film,2026-09-05,Colomiers,Véo Grand Central Colomiers,L144,"https://relay.mvtx.us/ticketing/dbz?code_theater=P6864&gid_entity=movie.movie._.1000016503&tags=Localization.Language.French,Showtime.Accessibility.Dubbed,Format.Projection.Digital,Format.Sound.71&perfd=20260905&perft=18:45",toulouse
F0006,film,2026-09-05,Colomiers,Véo Grand Central Colomiers,L144,"https://relay.mvtx.us/ticketing/dbz?code_theater=P6864&gid_entity=movie.movie._.314503&tags=Localization.Language.French,Showtime.Accessibility.Dubbed,Format.Projection.Digital,Format.Sound.71&perfd=20260905&perft=18:50",toulouse
F0252,film,2026-09-05,Colomiers,Véo Grand Central Colomiers,L144,"https://relay.mvtx.us/ticketing/dbz?code_theater=P6864&gid_entity=movie.movie._.115362&tags=Localization.Version.Original,Format.Projection.Digital,Format.Sound.71&perfd=20260905&perft=21:00",toulouse
F0014,film,2026-09-05,Colomiers,Véo Grand Central Colomiers,L144,"https://relay.mvtx.us/ticketing/dbz?code_theater=P6864&gid_entity=movie.movie._.316021&tags=Localization.Version.Original,Format.Projection.Digital&perfd=20260905&perft=22:20",toulouse
F0004,film,2026-09-05,Plaisance-du-Touch,Ecran7 Plaisance,L145,"https://relay.mvtx.us/ticketing/dbz?code_theater=P0918&gid_entity=movie.movie._.1000032856&tags=Localization.Language.French,Format.Projection.Digital,Showtime.Accessibility.Accessible&perfd=20260905&perft=13:30",toulouse
F0061,film,2026-09-05,Plaisance-du-Touch,Ecran7 Plaisance,L145,"https://relay.mvtx.us/ticketing/dbz?code_theater=P0918&gid_entity=movie.movie._.305836&tags=Localization.Version.Original,Format.Projection.Digital,Showtime.Accessibility.Accessible&perfd=20260905&perft=13:30",toulouse
F0009,film,2026-09-05,Plaisance-du-Touch,Ecran7 Plaisance,L145,"https://relay.mvtx.us/ticketing/dbz?code_theater=P0918&gid_entity=movie.movie._.320681&tags=Localization.Language.French,Showtime.Accessibility.Dubbed,Format.Projection.Digital,Showtime.Accessibility.Accessible&perfd=20260905&perft=13:45",toulouse
F0002,film,2026-09-05,Plaisance-du-Touch,Ecran7 Plaisance,L145,"https://relay.mvtx.us/ticketing/dbz?code_theater=P0918&gid_entity=movie.movie._.1000013045&tags=Localization.Language.French,Showtime.Accessibility.Dubbed,Format.Projection.Digital,Showtime.Accessibility.Accessible&perfd=20260905&perft=15:15",toulouse
F0013,film,2026-09-05,Plaisance-du-Touch,Ecran7 Plaisance,L145,"https://relay.mvtx.us/ticketing/dbz?code_theater=P0918&gid_entity=movie.movie._.1000024105&tags=Localization.Language.French,Format.Projection.Digital,Showtime.Accessibility.Accessible&perfd=20260905&perft=15:30",toulouse
F0001,film,2026-09-05,Plaisance-du-Touch,Ecran7 Plaisance,L145,"https://relay.mvtx.us/ticketing/dbz?code_theater=P0918&gid_entity=movie.movie._.276608&tags=Localization.Language.French,Showtime.Accessibility.Dubbed,BoostPos.Image.2D,Format.Projection.Digital,Showtime.Accessibility.Accessible&perfd=20260905&perft=15:45",toulouse
F0006,film,2026-09-05,Plaisance-du-Touch,Ecran7 Plaisance,L145,"https://relay.mvtx.us/ticketing/dbz?code_theater=P0918&gid_entity=movie.movie._.314503&tags=Localization.Language.French,Showtime.Accessibility.Dubbed,Format.Projection.Digital,Showtime.Accessibility.Accessible&perfd=20260905&perft=18:45",toulouse
F0029,film,2026-09-05,Plaisance-du-Touch,Ecran7 Plaisance,L145,"https://relay.mvtx.us/ticketing/dbz?code_theater=P0918&gid_entity=movie.movie._.1000022546&tags=Localization.Language.French,Format.Projection.Digital,Showtime.Accessibility.Accessible&perfd=20260905&perft=19:00",toulouse
F0002,film,2026-09-05,Castelginest,Le Castelia,L146,"https://relay.mvtx.us/ticketing/dbz?code_theater=P0583&gid_entity=movie.movie._.1000013045&tags=Localization.Language.French,Showtime.Accessibility.Accessible,Format.Projection.Digital&perfd=20260905&perft=13:45&code=VF; DISABLED ACCESS",toulouse
F0013,film,2026-09-05,Castelginest,Le Castelia,L146,"https://relay.mvtx.us/ticketing/dbz?code_theater=P0583&gid_entity=movie.movie._.1000024105&tags=Showtime.Accessibility.Subtitled,Localization.Language.French,Showtime.Accessibility.Accessible,Format.Projection.Digital&perfd=20260905&perft=17:15&code=SUBTITLE; VF; DISABLED ACCESS",toulouse
F0004,film,2026-09-05,Castelginest,Le Castelia,L146,"https://relay.mvtx.us/ticketing/dbz?code_theater=P0583&gid_entity=movie.movie._.1000032856&tags=Localization.Language.French,Showtime.Accessibility.Accessible,Format.Projection.Digital&perfd=20260905&perft=21:00&code=VF; DISABLED ACCESS",toulouse
F0017,film,2026-09-05,Muret,Véo Muret,L147,"https://relay.mvtx.us/ticketing/dbz?code_theater=W3161&gid_entity=movie.movie._.314942&tags=Localization.Language.French,Showtime.Accessibility.Dubbed,Format.Projection.Digital&perfd=20260905&perft=11:00",toulouse
F0003,film,2026-09-05,Muret,Véo Muret,L147,"https://relay.mvtx.us/ticketing/dbz?code_theater=W3161&gid_entity=movie.movie._.1000014969&tags=Localization.Language.French,Showtime.Accessibility.Dubbed,Format.Projection.Digital&perfd=20260905&perft=11:00",toulouse
F0006,film,2026-09-05,Muret,Véo Muret,L147,"https://relay.mvtx.us/ticketing/dbz?code_theater=W3161&gid_entity=movie.movie._.314503&tags=Localization.Language.French,Showtime.Accessibility.Dubbed,Format.Projection.Digital,Showtime.Accessibility.OpenCaption&perfd=20260905&perft=11:00",toulouse
F0007,film,2026-09-05,Muret,Véo Muret,L147,"https://relay.mvtx.us/ticketing/dbz?code_theater=W3161&gid_entity=movie.movie._.257425&tags=Localization.Language.French,Showtime.Accessibility.Dubbed,Format.Projection.Digital&perfd=20260905&perft=11:00",toulouse
F0014,film,2026-09-05,Muret,Véo Muret,L147,"https://relay.mvtx.us/ticketing/dbz?code_theater=W3161&gid_entity=movie.movie._.316021&tags=Localization.Version.Original,Format.Projection.Digital&perfd=20260905&perft=11:00",toulouse
F0009,film,2026-09-05,Muret,Véo Muret,L147,"https://relay.mvtx.us/ticketing/dbz?code_theater=W3161&gid_entity=movie.movie._.320681&tags=Localization.Language.French,Showtime.Accessibility.Dubbed,Format.Projection.Digital&perfd=20260905&perft=11:00",toulouse
F0005,film,2026-09-05,Muret,Véo Muret,L147,"https://relay.mvtx.us/ticketing/dbz?code_theater=W3161&gid_entity=movie.movie._.188280&tags=Localization.Version.Original,Format.Projection.Digital&perfd=20260905&perft=13:30",toulouse
F0008,film,2026-09-05,Muret,Véo Muret,L147,"https://relay.mvtx.us/ticketing/dbz?code_theater=W3161&gid_entity=movie.movie._.1000016503&tags=Localization.Language.French,Showtime.Accessibility.Dubbed,Format.Projection.Digital&perfd=20260905&perft=13:30",toulouse
F0016,film,2026-09-05,Muret,Véo Muret,L147,"https://relay.mvtx.us/ticketing/dbz?code_theater=W3161&gid_entity=movie.movie._.313256&tags=Localization.Language.French,Showtime.Accessibility.Dubbed,Format.Projection.Digital&perfd=20260905&perft=13:50",toulouse
F0001,film,2026-09-05,Muret,Véo Muret,L147,"https://relay.mvtx.us/ticketing/dbz?code_theater=W3161&gid_entity=movie.movie._.276608&tags=Localization.Language.French,Format.Projection.Digital&perfd=20260905&perft=14:00",toulouse
F0020,film,2026-09-05,Muret,Véo Muret,L147,"https://relay.mvtx.us/ticketing/dbz?code_theater=W3161&gid_entity=movie.movie._.294280&tags=Localization.Language.French,Format.Projection.Digital&perfd=20260905&perft=14:00",toulouse
F0004,film,2026-09-05,Muret,Véo Muret,L147,"https://relay.mvtx.us/ticketing/dbz?code_theater=W3161&gid_entity=movie.movie._.1000032856&tags=Localization.Language.French,Format.Projection.Digital&perfd=20260905&perft=16:00",toulouse
F0010,film,2026-09-05,Muret,Véo Muret,L147,"https://relay.mvtx.us/ticketing/dbz?code_theater=W3161&gid_entity=movie.movie._.1000037046&tags=Localization.Language.French,Format.Projection.Digital&perfd=20260905&perft=16:10",toulouse
F0002,film,2026-09-05,Muret,Véo Muret,L147,"https://relay.mvtx.us/ticketing/dbz?code_theater=W3161&gid_entity=movie.movie._.1000013045&tags=Localization.Language.French,Format.Projection.Digital&perfd=20260905&perft=17:20",toulouse
F0011,film,2026-09-05,Muret,Véo Muret,L147,"https://relay.mvtx.us/ticketing/dbz?code_theater=W3161&gid_entity=movie.movie._.1000002942&tags=Localization.Language.French,Showtime.Accessibility.Dubbed,Format.Projection.Digital&perfd=20260905&perft=18:20",toulouse
F0007,film,2026-09-05,Castanet-Tolosan,MJC Ciné 113,L148,"https://relay.mvtx.us/ticketing/dbz?code_theater=P2235&gid_entity=movie.movie._.257425&tags=Localization.Language.French,Format.Projection.Digital&perfd=20260905&perft=14:00&code=VF",toulouse
F0029,film,2026-09-05,Castanet-Tolosan,MJC Ciné 113,L148,"https://relay.mvtx.us/ticketing/dbz?code_theater=P2235&gid_entity=movie.movie._.1000022546&tags=Localization.Language.French,Format.Projection.Digital&perfd=20260905&perft=16:00&code=VF",toulouse
F0006,film,2026-09-05,Castanet-Tolosan,MJC Ciné 113,L148,"https://relay.mvtx.us/ticketing/dbz?code_theater=P2235&gid_entity=movie.movie._.314503&tags=Localization.Language.French,Format.Projection.Digital&perfd=20260905&perft=18:00&code=VF",toulouse
F0026,film,2026-09-05,Castanet-Tolosan,MJC Ciné 113,L148,"https://relay.mvtx.us/ticketing/dbz?code_theater=P2235&gid_entity=movie.movie._.1000041528&tags=Localization.Language.French,Format.Projection.Digital&perfd=20260905&perft=20:30&code=VF",toulouse
A0268,live,2026-09-06,Toulouse,Chapelle des Carmélites,L071,https://monuments.toulouse.fr/saison-musicale-toulouse/,toulouse
F0033,film,2026-09-06,Toulouse,Utopia Borderouge,L125,https://toulouse.cinemas-utopia.org/film/?id=13754,toulouse
F0005,film,2026-09-06,Toulouse,Utopia Borderouge,L125,https://toulouse.cinemas-utopia.org/film/?id=13457,toulouse
F0069,film,2026-09-06,Toulouse,Utopia Borderouge,L125,https://toulouse.cinemas-utopia.org/film/?id=13240,toulouse
F0072,film,2026-09-06,Toulouse,Utopia Borderouge,L125,https://toulouse.cinemas-utopia.org/film?id=13240,toulouse
F0065,film,2026-09-06,Toulouse,Utopia Borderouge,L125,https://toulouse.cinemas-utopia.org/film/?id=13430,toulouse
F0013,film,2026-09-06,Toulouse,Utopia Borderouge,L125,https://toulouse.cinemas-utopia.org/film/?id=13459,toulouse
F0037,film,2026-09-06,Toulouse,Utopia Borderouge,L125,https://toulouse.cinemas-utopia.org/film/?id=13251,toulouse
F0046,film,2026-09-06,Toulouse,Utopia Borderouge,L125,https://toulouse.cinemas-utopia.org/film?id=13251,toulouse
F0097,film,2026-09-06,Toulouse,Utopia Borderouge,L125,https://toulouse.cinemas-utopia.org/film/?id=13737,toulouse
F0026,film,2026-09-06,Toulouse,Utopia Borderouge,L125,https://toulouse.cinemas-utopia.org/film/?id=13696,toulouse
F0002,film,2026-09-06,Toulouse,Utopia Borderouge,L125,https://toulouse.cinemas-utopia.org/film/?id=13767,toulouse
F0034,film,2026-09-06,Toulouse,Utopia Borderouge,L125,https://toulouse.cinemas-utopia.org/film/?id=13462,toulouse
F0044,film,2026-09-06,Toulouse,Utopia Borderouge,L125,https://toulouse.cinemas-utopia.org/film?id=13462,toulouse
F0010,film,2026-09-06,Toulouse,Utopia Borderouge,L125,https://toulouse.cinemas-utopia.org/film/?id=13449,toulouse
F0005,film,2026-09-06,Tournefeuille,Utopia Tournefeuille,L126,https://toulouse.cinemas-utopia.org/film/?id=13457,toulouse
F0028,film,2026-09-06,Tournefeuille,Utopia Tournefeuille,L126,https://toulouse.cinemas-utopia.org/film/?id=13804,toulouse
F0025,film,2026-09-06,Tournefeuille,Utopia Tournefeuille,L126,https://toulouse.cinemas-utopia.org/film/?id=13808,toulouse
F0022,film,2026-09-06,Tournefeuille,Utopia Tournefeuille,L126,https://toulouse.cinemas-utopia.org/film/?id=13949,toulouse
F0012,film,2026-09-06,Tournefeuille,Utopia Tournefeuille,L126,https://toulouse.cinemas-utopia.org/film/?id=13805,toulouse
F0013,film,2026-09-06,Tournefeuille,Utopia Tournefeuille,L126,https://toulouse.cinemas-utopia.org/film/?id=13459,toulouse
F0039,film,2026-09-06,Tournefeuille,Utopia Tournefeuille,L126,https://toulouse.cinemas-utopia.org/film/?id=13809,toulouse
F0023,film,2026-09-06,Tournefeuille,Utopia Tournefeuille,L126,https://toulouse.cinemas-utopia.org/film/?id=11952,toulouse
F0067,film,2026-09-06,Tournefeuille,Utopia Tournefeuille,L126,https://toulouse.cinemas-utopia.org/film/?id=13760,toulouse
F0002,film,2026-09-06,Tournefeuille,Utopia Tournefeuille,L126,https://toulouse.cinemas-utopia.org/film/?id=13767,toulouse
F0027,film,2026-09-06,Tournefeuille,Utopia Tournefeuille,L126,https://toulouse.cinemas-utopia.org/film/?id=13806,toulouse
F0025,film,2026-09-06,Toulouse,Cinéma ABC,L127,"https://relay.mvtx.us/ticketing/dbz?code_theater=P0071&gid_entity=movie.movie._.1000022260&tags=Showtime.Accessibility.Subtitled,Localization.Version.Original,Showtime.Accessibility.Accessible,Format.Projection.Digital&perfd=20260906&perft=10:30&code=VO; SUBTITLE; DISABLED ACCESS",toulouse
F0012,film,2026-09-06,Toulouse,Cinéma ABC,L127,"https://relay.mvtx.us/ticketing/dbz?code_theater=P0071&gid_entity=movie.movie._.327993&tags=Localization.Language.French,Showtime.Accessibility.Accessible,Format.Projection.Digital&perfd=20260906&perft=10:45&code=VF; DISABLED ACCESS",toulouse
F0075,film,2026-09-06,Toulouse,Cinéma ABC,L127,"https://relay.mvtx.us/ticketing/dbz?code_theater=P0071&gid_entity=movie.movie._.6796&tags=Showtime.Accessibility.Subtitled,Localization.Version.Original,Showtime.Accessibility.Accessible,Format.Projection.Digital&perfd=20260906&perft=11:00&code=VO; SUBTITLE; DISABLED ACCESS",toulouse
F0005,film,2026-09-06,Toulouse,Cinéma ABC,L127,"https://relay.mvtx.us/ticketing/dbz?code_theater=P0071&gid_entity=movie.movie._.188280&tags=Showtime.Accessibility.Subtitled,Localization.Version.Original,Showtime.Accessibility.Accessible,Format.Projection.Digital&perfd=20260906&perft=13:30&code=VO; SUBTITLE; DISABLED ACCESS",toulouse
F0026,film,2026-09-06,Toulouse,Cinéma ABC,L127,"https://relay.mvtx.us/ticketing/dbz?code_theater=P0071&gid_entity=movie.movie._.1000041528&tags=Localization.Language.French,Showtime.Accessibility.Accessible,Format.Projection.Digital&perfd=20260906&perft=13:40&code=VF; DISABLED ACCESS",toulouse
F0022,film,2026-09-06,Toulouse,Cinéma ABC,L127,"https://relay.mvtx.us/ticketing/dbz?code_theater=P0071&gid_entity=movie.movie._.300784&tags=Localization.Language.French,Showtime.Accessibility.Accessible,Format.Projection.Digital&perfd=20260906&perft=16:15&code=VF; DISABLED ACCESS",toulouse
F0058,film,2026-09-06,Toulouse,Cinéma ABC,L127,"https://relay.mvtx.us/ticketing/dbz?code_theater=P0071&gid_entity=movie.movie._.1000032278&tags=Showtime.Accessibility.Subtitled,Localization.Version.Original,Showtime.Accessibility.Accessible,Format.Projection.Digital&perfd=20260906&perft=18:00&code=VO; SUBTITLE; DISABLED ACCESS",toulouse
F0053,film,2026-09-06,Toulouse,Cinéma ABC,L127,"https://relay.mvtx.us/ticketing/dbz?code_theater=P0071&gid_entity=movie.movie._.316460&tags=Showtime.Accessibility.Subtitled,Localization.Version.Original,Showtime.Accessibility.Accessible,Format.Projection.Digital&perfd=20260906&perft=18:15&code=VO; SUBTITLE; DISABLED ACCESS",toulouse
F0117,film,2026-09-06,Toulouse,Le Cratère,L128,"https://relay.mvtx.us/ticketing/dbz?code_theater=P0056&gid_entity=movie.movie._.1000022261&tags=Localization.Version.Original,Format.Projection.Digital&perfd=20260906&perft=10:00&code=VO",toulouse
F0010,film,2026-09-06,Toulouse,Le Cratère,L128,"https://relay.mvtx.us/ticketing/dbz?code_theater=P0056&gid_entity=movie.movie._.1000037046&tags=Localization.Version.Original,Format.Projection.Digital&perfd=20260906&perft=11:45&code=VO",toulouse
F0077,film,2026-09-06,Toulouse,Le Cratère,L128,"https://relay.mvtx.us/ticketing/dbz?code_theater=P0056&gid_entity=movie.movie._.1000027856&tags=Localization.Version.Original,Format.Projection.Digital&perfd=20260906&perft=13:05&code=VO",toulouse
F0111,film,2026-09-06,Toulouse,Le Cratère,L128,"https://relay.mvtx.us/ticketing/dbz?code_theater=P0056&gid_entity=movie.movie._.271212&tags=Localization.Version.Original,Format.Projection.Digital&perfd=20260906&perft=15:20&code=VO",toulouse
F0033,film,2026-09-06,Toulouse,Le Cratère,L128,"https://relay.mvtx.us/ticketing/dbz?code_theater=P0056&gid_entity=movie.movie._.1000023007&tags=Localization.Version.Original,Format.Projection.Digital&perfd=20260906&perft=18:35&code=VO",toulouse
F0088,film,2026-09-06,Toulouse,Le Cratère,L128,"https://relay.mvtx.us/ticketing/dbz?code_theater=P0056&gid_entity=movie.movie._.1000003998&tags=Localization.Version.Original,Format.Projection.Digital&perfd=20260906&perft=20:35&code=VO",toulouse
F0003,film,2026-09-06,Toulouse,Pathé Toulouse Wilson,L137,https://s.pathe.fr/en/V3358S196982/booking,toulouse
F0002,film,2026-09-06,Toulouse,Pathé Toulouse Wilson,L137,https://s.pathe.fr/en/V3358S196981/booking,toulouse
F0001,film,2026-09-06,Toulouse,Pathé Toulouse Wilson,L137,https://s.pathe.fr/en/V3358S196988/booking,toulouse
F0005,film,2026-09-06,Toulouse,Pathé Toulouse Wilson,L137,https://s.pathe.fr/en/V3358S196984/booking,toulouse
F0020,film,2026-09-06,Toulouse,Pathé Toulouse Wilson,L137,https://s.pathe.fr/en/V3358S196986/booking,toulouse
F0023,film,2026-09-06,Toulouse,Pathé Toulouse Wilson,L137,https://s.pathe.fr/en/V3358S196989/booking,toulouse
F0031,film,2026-09-06,Toulouse,Pathé Toulouse Wilson,L137,https://s.pathe.fr/en/V3358S196991/booking,toulouse
F0022,film,2026-09-06,Toulouse,Pathé Toulouse Wilson,L137,https://s.pathe.fr/en/V3358S196983/booking,toulouse
F0004,film,2026-09-06,Toulouse,Pathé Toulouse Wilson,L137,https://s.pathe.fr/en/V3358S196987/booking,toulouse
F0006,film,2026-09-06,Toulouse,Pathé Toulouse Wilson,L137,https://s.pathe.fr/en/V3358S196990/booking,toulouse
F0012,film,2026-09-06,Toulouse,Pathé Toulouse Wilson,L137,https://s.pathe.fr/en/V3358S196993/booking,toulouse
F0010,film,2026-09-06,Toulouse,Pathé Toulouse Wilson,L137,https://s.pathe.fr/en/V3358S196994/booking,toulouse
F0014,film,2026-09-06,Toulouse,Pathé Toulouse Wilson,L137,https://s.pathe.fr/en/V3358S196995/booking,toulouse
F0128,film,2026-09-06,Toulouse,Pathé Toulouse Wilson,L137,,toulouse
F0125,film,2026-09-06,Toulouse,Pathé Toulouse Wilson,L137,https://s.pathe.fr/en/V3358S197047/booking,toulouse
F0001,film,2026-09-06,Labège,Pathé Toulouse Labège,L138,https://s.pathe.fr/en/V3364S188901/booking,toulouse
F0084,film,2026-09-06,Labège,Pathé Toulouse Labège,L138,https://s.pathe.fr/en/V3364S188900/booking,toulouse
F0002,film,2026-09-06,Labège,Pathé Toulouse Labège,L138,https://s.pathe.fr/en/V3364S188908/booking,toulouse
F0003,film,2026-09-06,Labège,Pathé Toulouse Labège,L138,https://s.pathe.fr/en/V3364S188907/booking,toulouse
F0015,film,2026-09-06,Labège,Pathé Toulouse Labège,L138,https://s.pathe.fr/en/V3364S188903/booking,toulouse
F0009,film,2026-09-06,Labège,Pathé Toulouse Labège,L138,https://s.pathe.fr/en/V3364S188904/booking,toulouse
F0017,film,2026-09-06,Labège,Pathé Toulouse Labège,L138,https://s.pathe.fr/en/V3364S188906/booking,toulouse
F0004,film,2026-09-06,Labège,Pathé Toulouse Labège,L138,https://s.pathe.fr/en/V3364S188902/booking,toulouse
F0006,film,2026-09-06,Labège,Pathé Toulouse Labège,L138,https://s.pathe.fr/en/V3364S188913/booking,toulouse
F0008,film,2026-09-06,Labège,Pathé Toulouse Labège,L138,https://s.pathe.fr/en/V3364S188914/booking,toulouse
F0007,film,2026-09-06,Labège,Pathé Toulouse Labège,L138,https://s.pathe.fr/en/V3364S188912/booking,toulouse
F0016,film,2026-09-06,Labège,Pathé Toulouse Labège,L138,https://s.pathe.fr/en/V3364S188915/booking,toulouse
F0011,film,2026-09-06,Labège,Pathé Toulouse Labège,L138,https://s.pathe.fr/en/V3364S188910/booking,toulouse
F0019,film,2026-09-06,Labège,Pathé Toulouse Labège,L138,https://s.pathe.fr/en/V3364S188911/booking,toulouse
F0064,film,2026-09-06,Labège,Pathé Toulouse Labège,L138,,toulouse
F0448,film,2026-09-06,Labège,Pathé Toulouse Labège,L138,,toulouse
F0001,film,2026-09-06,Blagnac,CGR Blagnac,L139,"https://relay.mvtx.us/ticketing/dbz?code_theater=P0692&gid_entity=movie.movie._.276608&tags=Localization.Language.French,Showtime.Accessibility.Accessible,Auditorium.Experience.Ice,Auditorium.Experience.DolbyAtmos&perfd=20260906&perft=10:30&code=Accès PMR; Dolby Atmos; ICE; VF;",toulouse
F0015,film,2026-09-06,Blagnac,CGR Blagnac,L139,"https://relay.mvtx.us/ticketing/dbz?code_theater=P0692&gid_entity=movie.movie._.294281&tags=Localization.Language.French,Showtime.Accessibility.Accessible&perfd=20260906&perft=10:40&code=Accès PMR; VF;",toulouse
F0003,film,2026-09-06,Blagnac,CGR Blagnac,L139,"https://relay.mvtx.us/ticketing/dbz?code_theater=P0692&gid_entity=movie.movie._.1000014969&tags=Localization.Language.French,Showtime.Accessibility.Accessible&perfd=20260906&perft=10:45&code=Accès PMR; VF;",toulouse
F0002,film,2026-09-06,Blagnac,CGR Blagnac,L139,"https://relay.mvtx.us/ticketing/dbz?code_theater=P0692&gid_entity=movie.movie._.1000013045&tags=Localization.Language.French,Showtime.Accessibility.Accessible&perfd=20260906&perft=10:45&code=Accès PMR; VF;",toulouse
F0020,film,2026-09-06,Blagnac,CGR Blagnac,L139,"https://relay.mvtx.us/ticketing/dbz?code_theater=P0692&gid_entity=movie.movie._.294280&tags=Localization.Language.French,Showtime.Accessibility.Accessible&perfd=20260906&perft=10:45&code=Accès PMR; VF;",toulouse
F0007,film,2026-09-06,Blagnac,CGR Blagnac,L139,"https://relay.mvtx.us/ticketing/dbz?code_theater=P0692&gid_entity=movie.movie._.257425&tags=Localization.Language.French,Showtime.Accessibility.Accessible&perfd=20260906&perft=10:45&code=Accès PMR; VF;",toulouse
F0009,film,2026-09-06,Blagnac,CGR Blagnac,L139,"https://relay.mvtx.us/ticketing/dbz?code_theater=P0692&gid_entity=movie.movie._.320681&tags=Localization.Language.French,Showtime.Accessibility.Accessible&perfd=20260906&perft=10:45&code=Accès PMR; VF;",toulouse
F0016,film,2026-09-06,Blagnac,CGR Blagnac,L139,"https://relay.mvtx.us/ticketing/dbz?code_theater=P0692&gid_entity=movie.movie._.313256&tags=Localization.Language.French,Showtime.Accessibility.Accessible&perfd=20260906&perft=10:45&code=Accès PMR; VF;",toulouse
F0017,film,2026-09-06,Blagnac,CGR Blagnac,L139,"https://relay.mvtx.us/ticketing/dbz?code_theater=P0692&gid_entity=movie.movie._.314942&tags=Localization.Language.French,Showtime.Accessibility.Accessible&perfd=20260906&perft=10:45&code=Accès PMR; VF;",toulouse
F0024,film,2026-09-06,Blagnac,CGR Blagnac,L139,"https://relay.mvtx.us/ticketing/dbz?code_theater=P0692&gid_entity=movie.movie._.315380&tags=Localization.Language.French,Showtime.Accessibility.Accessible&perfd=20260906&perft=10:45&code=Accès PMR; VF;",toulouse
F0038,film,2026-09-06,Blagnac,CGR Blagnac,L139,"https://relay.mvtx.us/ticketing/dbz?code_theater=P0692&gid_entity=movie.movie._.1000022217&tags=Localization.Language.French,Showtime.Accessibility.Accessible&perfd=20260906&perft=10:45&code=Accès PMR; VF;",toulouse
F0004,film,2026-09-06,Blagnac,CGR Blagnac,L139,"https://relay.mvtx.us/ticketing/dbz?code_theater=P0692&gid_entity=movie.movie._.1000032856&tags=Localization.Language.French,Showtime.Accessibility.Accessible&perfd=20260906&perft=11:00&code=Accès PMR; VF;",toulouse
F0010,film,2026-09-06,Blagnac,CGR Blagnac,L139,"https://relay.mvtx.us/ticketing/dbz?code_theater=P0692&gid_entity=movie.movie._.1000037046&tags=Localization.Language.French,Showtime.Accessibility.Accessible&perfd=20260906&perft=11:00&code=Accès PMR; VF;",toulouse
F0019,film,2026-09-06,Blagnac,CGR Blagnac,L139,"https://relay.mvtx.us/ticketing/dbz?code_theater=P0692&gid_entity=movie.movie._.321617&tags=Localization.Language.French,Showtime.Accessibility.Accessible&perfd=20260906&perft=11:00&code=Accès PMR; VF;",toulouse
F0006,film,2026-09-06,Blagnac,CGR Blagnac,L139,"https://relay.mvtx.us/ticketing/dbz?code_theater=P0692&gid_entity=movie.movie._.314503&tags=Showtime.Accessibility.Accessible,Localization.Version.Original,Showtime.Accessibility.Subtitled&perfd=20260906&perft=13:30&code=Accès PMR; VOST;",toulouse
F0001,film,2026-09-06,Fenouillet,Kinepolis Fenouillet,L140,https://relay.mvtx.us/ticketing/dbz?code_theater=W3115&gid_entity=movie.movie._.276608&tags=Format.Projection.Digital&perfd=20260906&perft=10:30&code=Version Francaise; 2D Laser Ultra,toulouse
F0007,film,2026-09-06,Fenouillet,Kinepolis Fenouillet,L140,https://relay.mvtx.us/ticketing/dbz?code_theater=W3115&gid_entity=movie.movie._.257425&tags=Format.Projection.Digital&perfd=20260906&perft=10:30&code=Version Francaise; 2D,toulouse
F0009,film,2026-09-06,Fenouillet,Kinepolis Fenouillet,L140,https://relay.mvtx.us/ticketing/dbz?code_theater=W3115&gid_entity=movie.movie._.320681&tags=Format.Projection.Digital&perfd=20260906&perft=10:40&code=Version Francaise; 2D,toulouse
F0017,film,2026-09-06,Fenouillet,Kinepolis Fenouillet,L140,https://relay.mvtx.us/ticketing/dbz?code_theater=W3115&gid_entity=movie.movie._.314942&tags=Format.Projection.Digital&perfd=20260906&perft=10:40&code=Version Francaise; 2D,toulouse
F0016,film,2026-09-06,Fenouillet,Kinepolis Fenouillet,L140,https://relay.mvtx.us/ticketing/dbz?code_theater=W3115&gid_entity=movie.movie._.313256&tags=Format.Projection.Digital&perfd=20260906&perft=10:45&code=Version Francaise; 2D,toulouse
F0004,film,2026-09-06,Fenouillet,Kinepolis Fenouillet,L140,https://relay.mvtx.us/ticketing/dbz?code_theater=W3115&gid_entity=movie.movie._.1000032856&tags=Format.Projection.Digital&perfd=20260906&perft=10:50&code=Version Francaise; 2D,toulouse
F0024,film,2026-09-06,Fenouillet,Kinepolis Fenouillet,L140,https://relay.mvtx.us/ticketing/dbz?code_theater=W3115&gid_entity=movie.movie._.315380&tags=Format.Projection.Digital&perfd=20260906&perft=11:00&code=Version Francaise; 2D,toulouse
F0015,film,2026-09-06,Fenouillet,Kinepolis Fenouillet,L140,https://relay.mvtx.us/ticketing/dbz?code_theater=W3115&gid_entity=movie.movie._.294281&tags=Format.Projection.Digital&perfd=20260906&perft=13:30&code=Version Francaise; 2D,toulouse
F0003,film,2026-09-06,Fenouillet,Kinepolis Fenouillet,L140,https://relay.mvtx.us/ticketing/dbz?code_theater=W3115&gid_entity=movie.movie._.1000014969&tags=Format.Projection.Digital&perfd=20260906&perft=13:50&code=Version Francaise; 2D,toulouse
F0008,film,2026-09-06,Fenouillet,Kinepolis Fenouillet,L140,https://relay.mvtx.us/ticketing/dbz?code_theater=W3115&gid_entity=movie.movie._.1000016503&tags=Format.Projection.Digital&perfd=20260906&perft=15:50&code=Version Francaise; 2D,toulouse
F0002,film,2026-09-06,Fenouillet,Kinepolis Fenouillet,L140,https://relay.mvtx.us/ticketing/dbz?code_theater=W3115&gid_entity=movie.movie._.1000013045&tags=Format.Projection.Digital&perfd=20260906&perft=16:40&code=Version Francaise; 2D,toulouse
F0021,film,2026-09-06,Fenouillet,Kinepolis Fenouillet,L140,https://relay.mvtx.us/ticketing/dbz?code_theater=W3115&gid_entity=movie.movie._.1000033718&tags=Format.Projection.Digital&perfd=20260906&perft=18:05&code=Version Francaise; 2D,toulouse
F0251,film,2026-09-06,Fenouillet,Kinepolis Fenouillet,L140,https://relay.mvtx.us/ticketing/dbz?code_theater=W3115&gid_entity=movie.movie._.132874&tags=Format.Projection.Digital&perfd=20260906&perft=20:15&code=Version Francaise; 2D,toulouse
F0011,film,2026-09-06,Fenouillet,Kinepolis Fenouillet,L140,https://relay.mvtx.us/ticketing/dbz?code_theater=W3115&gid_entity=movie.movie._.1000002942&tags=Format.Projection.Digital&perfd=20260906&perft=20:20&code=Version Francaise; 2D,toulouse
F0006,film,2026-09-06,Fenouillet,Kinepolis Fenouillet,L140,https://relay.mvtx.us/ticketing/dbz?code_theater=W3115&gid_entity=movie.movie._.314503&tags=Format.Projection.Digital&perfd=20260906&perft=20:30&code=Version Francaise; 2D,toulouse
F0055,film,2026-09-06,Toulouse,American Cosmograph,L141,https://american-cosmograph.fr/ma-famille-de-samourais.html,toulouse
F0023,film,2026-09-06,Toulouse,American Cosmograph,L141,https://american-cosmograph.fr/trois-adieux.html,toulouse
F0031,film,2026-09-06,Toulouse,American Cosmograph,L141,https://american-cosmograph.fr/,toulouse
F0039,film,2026-09-06,Toulouse,American Cosmograph,L141,https://american-cosmograph.fr/the-good-sister.html,toulouse
F0013,film,2026-09-06,Toulouse,American Cosmograph,L141,https://american-cosmograph.fr/soudain.html,toulouse
F0063,film,2026-09-06,Toulouse,American Cosmograph,L141,https://american-cosmograph.fr/la-providence-et-la-guitare.html,toulouse
F0002,film,2026-09-06,Toulouse,American Cosmograph,L141,https://american-cosmograph.fr/l-odyssee.html,toulouse
F0028,film,2026-09-06,Toulouse,American Cosmograph,L141,https://american-cosmograph.fr/degel-2.html,toulouse
F0132,film,2026-09-06,Toulouse,American Cosmograph,L141,https://american-cosmograph.fr/the-holy-boy-2.html,toulouse
F0027,film,2026-09-06,Toulouse,American Cosmograph,L141,https://american-cosmograph.fr/decorado.html,toulouse
F0002,film,2026-09-06,Toulouse,UGC Montaudran,L142,"https://relay.mvtx.us/ticketing/dbz?code_theater=W3140&gid_entity=movie.movie._.1000013045&tags=Showtime.Accessibility.Accessible,Localization.Subtitle.French,Localization.Version.Original,Format.Projection.Digital&perfd=20260906&perft=10:40&code=SME; AUDIO; GRETA; PMR; 2D; VO; ",toulouse
F0001,film,2026-09-06,Toulouse,UGC Montaudran,L142,"https://relay.mvtx.us/ticketing/dbz?code_theater=W3140&gid_entity=movie.movie._.276608&tags=Showtime.Accessibility.Accessible,Localization.Version.French,Format.Projection.Digital&perfd=20260906&perft=10:45&code=SME; AUDIO; GRETA; PMR; 2D; VF; ",toulouse
F0009,film,2026-09-06,Toulouse,UGC Montaudran,L142,"https://relay.mvtx.us/ticketing/dbz?code_theater=W3140&gid_entity=movie.movie._.320681&tags=Showtime.Accessibility.Accessible,Localization.Version.French,Format.Projection.Digital&perfd=20260906&perft=10:50&code=apd03a; PMR; 2D; VF; ",toulouse
F0007,film,2026-09-06,Toulouse,UGC Montaudran,L142,"https://relay.mvtx.us/ticketing/dbz?code_theater=W3140&gid_entity=movie.movie._.257425&tags=Showtime.Accessibility.Accessible,Localization.Version.French,Format.Projection.Digital&perfd=20260906&perft=10:55&code=apd06a; PMR; 2D; VF; ",toulouse
F0451,film,2026-09-06,Toulouse,UGC Montaudran,L142,"https://relay.mvtx.us/ticketing/dbz?code_theater=W3140&gid_entity=movie.movie._.182255&tags=Showtime.Accessibility.Accessible,Localization.Version.French,Format.Projection.Digital&perfd=20260906&perft=11:00&code=apd03a; PMR; 2D; Les Pestacles UGC; VF; ",toulouse
F0003,film,2026-09-06,Toulouse,UGC Montaudran,L142,"https://relay.mvtx.us/ticketing/dbz?code_theater=W3140&gid_entity=movie.movie._.1000014969&tags=Showtime.Accessibility.Accessible,Localization.Subtitle.French,Localization.Version.Original,Format.Projection.Digital&perfd=20260906&perft=11:05&code=SME; AUDIO; GRETA; PMR; 2D; VO; ",toulouse
F0004,film,2026-09-06,Toulouse,UGC Montaudran,L142,"https://relay.mvtx.us/ticketing/dbz?code_theater=W3140&gid_entity=movie.movie._.1000032856&tags=Showtime.Accessibility.Accessible,Localization.Version.French,Format.Projection.Digital&perfd=20260906&perft=11:10&code=SME; AUDIO; PMR; 2D; VF; ",toulouse
F0024,film,2026-09-06,Toulouse,UGC Montaudran,L142,"https://relay.mvtx.us/ticketing/dbz?code_theater=W3140&gid_entity=movie.movie._.315380&tags=Showtime.Accessibility.Accessible,Localization.Version.French,Format.Projection.Digital&perfd=20260906&perft=13:30&code=SME; AUDIO; GRETA; apd06a; PMR; 2D; VF; ",toulouse
F0005,film,2026-09-06,Toulouse,UGC Montaudran,L142,"https://relay.mvtx.us/ticketing/dbz?code_theater=W3140&gid_entity=movie.movie._.188280&tags=Showtime.Accessibility.Accessible,Localization.Subtitle.French,Localization.Version.Original,Format.Projection.Digital&perfd=20260906&perft=14:10&code=PMR; 2D; VO; ",toulouse
F0016,film,2026-09-06,Toulouse,UGC Montaudran,L142,"https://relay.mvtx.us/ticketing/dbz?code_theater=W3140&gid_entity=movie.movie._.313256&tags=Showtime.Accessibility.Accessible,Localization.Version.French,Format.Projection.Digital&perfd=20260906&perft=15:55&code=SME; AUDIO; GRETA; apd06a; PMR; 2D; VF; ",toulouse
F0260,film,2026-09-06,Toulouse,UGC Montaudran,L142,"https://relay.mvtx.us/ticketing/dbz?code_theater=W3140&gid_entity=movie.movie._.41011&tags=Showtime.Accessibility.Accessible,Localization.Subtitle.French,Localization.Version.Original,Format.Projection.Digital&perfd=20260906&perft=18:00&code=PMR; 2D; VO; ",toulouse
F0006,film,2026-09-06,Toulouse,UGC Montaudran,L142,"https://relay.mvtx.us/ticketing/dbz?code_theater=W3140&gid_entity=movie.movie._.314503&tags=Showtime.Accessibility.Accessible,Localization.Subtitle.French,Localization.Version.Original,Format.Projection.Digital&perfd=20260906&perft=20:40&code=SME; AUDIO; GRETA; PMR; 2D; VO; ",toulouse
F0067,film,2026-09-06,Ramonville-Saint-Agne,L'Autan,L143,"https://relay.mvtx.us/ticketing/dbz?code_theater=P0881&gid_entity=movie.movie._.1000014102&tags=Localization.Language.French,Showtime.Accessibility.Accessible,Format.Projection.Digital&perfd=20260906&perft=15:30&code=VF; DISABLED ACCESS",toulouse
F0009,film,2026-09-06,Ramonville-Saint-Agne,L'Autan,L143,https://cine-autan-ramonville.fr/movie/1465,toulouse
F0010,film,2026-09-06,Ramonville-Saint-Agne,L'Autan,L143,"https://relay.mvtx.us/ticketing/dbz?code_theater=P0881&gid_entity=movie.movie._.1000037046&tags=Showtime.Accessibility.Subtitled,Showtime.Accessibility.OpenCaption,Showtime.Accessibility.VisionImpaired,Localization.Language.French,Showtime.Accessibility.Accessible,Format.Projection.Digital&perfd=20260906&perft=18:00&code=SUBTITLE; SUBTITLE OCAP; VI; VF; DISABLED ACCESS",toulouse
F0015,film,2026-09-06,Ramonville-Saint-Agne,L'Autan,L143,"https://relay.mvtx.us/ticketing/dbz?code_theater=P0881&gid_entity=movie.movie._.294281&tags=Localization.Language.French,Showtime.Accessibility.Accessible,Format.Projection.Digital&perfd=20260906&perft=20:30&code=VF; DISABLED ACCESS",toulouse
F0015,film,2026-09-06,Colomiers,Véo Grand Central Colomiers,L144,"https://relay.mvtx.us/ticketing/dbz?code_theater=P6864&gid_entity=movie.movie._.294281&tags=Localization.Language.French,Format.Projection.Digital,Format.Sound.71&perfd=20260906&perft=10:30",toulouse
F0009,film,2026-09-06,Colomiers,Véo Grand Central Colomiers,L144,"https://relay.mvtx.us/ticketing/dbz?code_theater=P6864&gid_entity=movie.movie._.320681&tags=Localization.Language.French,Showtime.Accessibility.Dubbed,Format.Projection.Digital&perfd=20260906&perft=11:00",toulouse
F0016,film,2026-09-06,Colomiers,Véo Grand Central Colomiers,L144,"https://relay.mvtx.us/ticketing/dbz?code_theater=P6864&gid_entity=movie.movie._.313256&tags=Localization.Language.French,Showtime.Accessibility.Dubbed,Format.Projection.Digital,Format.Sound.71&perfd=20260906&perft=11:00",toulouse
F0017,film,2026-09-06,Colomiers,Véo Grand Central Colomiers,L144,"https://relay.mvtx.us/ticketing/dbz?code_theater=P6864&gid_entity=movie.movie._.314942&tags=Localization.Language.French,Showtime.Accessibility.Dubbed,Format.Projection.Digital,Format.Sound.71&perfd=20260906&perft=11:00",toulouse
F0007,film,2026-09-06,Colomiers,Véo Grand Central Colomiers,L144,"https://relay.mvtx.us/ticketing/dbz?code_theater=P6864&gid_entity=movie.movie._.257425&tags=Localization.Language.French,Showtime.Accessibility.Dubbed,Format.Projection.Digital&perfd=20260906&perft=11:00",toulouse
F0010,film,2026-09-06,Colomiers,Véo Grand Central Colomiers,L144,"https://relay.mvtx.us/ticketing/dbz?code_theater=P6864&gid_entity=movie.movie._.1000037046&tags=Localization.Language.French,Format.Projection.Digital&perfd=20260906&perft=13:30",toulouse
F0011,film,2026-09-06,Colomiers,Véo Grand Central Colomiers,L144,"https://relay.mvtx.us/ticketing/dbz?code_theater=P6864&gid_entity=movie.movie._.1000002942&tags=Localization.Language.French,Showtime.Accessibility.Dubbed,Format.Projection.Digital,Format.Sound.71&perfd=20260906&perft=13:40",toulouse
F0006,film,2026-09-06,Colomiers,Véo Grand Central Colomiers,L144,"https://relay.mvtx.us/ticketing/dbz?code_theater=P6864&gid_entity=movie.movie._.314503&tags=Localization.Language.French,Showtime.Accessibility.Dubbed,Format.Projection.Digital,Format.Sound.71&perfd=20260906&perft=13:40",toulouse
F0024,film,2026-09-06,Colomiers,Véo Grand Central Colomiers,L144,"https://relay.mvtx.us/ticketing/dbz?code_theater=P6864&gid_entity=movie.movie._.315380&tags=Localization.Language.French,Showtime.Accessibility.Dubbed,Format.Projection.Digital,Format.Sound.71&perfd=20260906&perft=13:40",toulouse
F0005,film,2026-09-06,Colomiers,Véo Grand Central Colomiers,L144,"https://relay.mvtx.us/ticketing/dbz?code_theater=P6864&gid_entity=movie.movie._.188280&tags=Localization.Version.Original,Format.Projection.Digital&perfd=20260906&perft=15:10",toulouse
F0001,film,2026-09-06,Colomiers,Véo Grand Central Colomiers,L144,"https://relay.mvtx.us/ticketing/dbz?code_theater=P6864&gid_entity=movie.movie._.276608&tags=Localization.Language.French,Showtime.Accessibility.Dubbed,Format.Projection.Digital,Format.Sound.71&perfd=20260906&perft=15:30",toulouse
F0004,film,2026-09-06,Colomiers,Véo Grand Central Colomiers,L144,"https://relay.mvtx.us/ticketing/dbz?code_theater=P6864&gid_entity=movie.movie._.1000032856&tags=Localization.Language.French,Format.Projection.Digital&perfd=20260906&perft=15:35",toulouse
F0251,film,2026-09-06,Colomiers,Véo Grand Central Colomiers,L144,"https://relay.mvtx.us/ticketing/dbz?code_theater=P6864&gid_entity=movie.movie._.132874&tags=Localization.Version.Original,Format.Projection.Digital,Format.Sound.71&perfd=20260906&perft=15:40",toulouse
F0003,film,2026-09-06,Colomiers,Véo Grand Central Colomiers,L144,"https://relay.mvtx.us/ticketing/dbz?code_theater=P6864&gid_entity=movie.movie._.1000014969&tags=Localization.Language.French,Showtime.Accessibility.Dubbed,Format.Projection.Digital,Format.Sound.71&perfd=20260906&perft=15:45",toulouse
F0013,film,2026-09-06,Colomiers,Véo Grand Central Colomiers,L144,"https://relay.mvtx.us/ticketing/dbz?code_theater=P6864&gid_entity=movie.movie._.1000024105&tags=Localization.Version.Original,Format.Projection.Digital&perfd=20260906&perft=17:30",toulouse
F0009,film,2026-09-06,Plaisance-du-Touch,Ecran7 Plaisance,L145,"https://relay.mvtx.us/ticketing/dbz?code_theater=P0918&gid_entity=movie.movie._.320681&tags=Localization.Language.French,Showtime.Accessibility.Dubbed,Format.Projection.Digital,Showtime.Accessibility.Accessible&perfd=20260906&perft=11:00",toulouse
F0061,film,2026-09-06,Plaisance-du-Touch,Ecran7 Plaisance,L145,"https://relay.mvtx.us/ticketing/dbz?code_theater=P0918&gid_entity=movie.movie._.305836&tags=Localization.Version.Original,Format.Projection.Digital,Showtime.Accessibility.Accessible&perfd=20260906&perft=11:00",toulouse
F0006,film,2026-09-06,Plaisance-du-Touch,Ecran7 Plaisance,L145,"https://relay.mvtx.us/ticketing/dbz?code_theater=P0918&gid_entity=movie.movie._.314503&tags=Localization.Version.Original,Format.Projection.Digital,Showtime.Accessibility.Accessible&perfd=20260906&perft=11:00",toulouse
F0002,film,2026-09-06,Plaisance-du-Touch,Ecran7 Plaisance,L145,"https://relay.mvtx.us/ticketing/dbz?code_theater=P0918&gid_entity=movie.movie._.1000013045&tags=Localization.Language.French,Showtime.Accessibility.Dubbed,Format.Projection.Digital,Showtime.Accessibility.Accessible&perfd=20260906&perft=13:30",toulouse
F0013,film,2026-09-06,Plaisance-du-Touch,Ecran7 Plaisance,L145,"https://relay.mvtx.us/ticketing/dbz?code_theater=P0918&gid_entity=movie.movie._.1000024105&tags=Localization.Language.French,Format.Projection.Digital,Showtime.Accessibility.Accessible&perfd=20260906&perft=13:30",toulouse
F0004,film,2026-09-06,Plaisance-du-Touch,Ecran7 Plaisance,L145,"https://relay.mvtx.us/ticketing/dbz?code_theater=P0918&gid_entity=movie.movie._.1000032856&tags=Localization.Language.French,Format.Projection.Digital,Showtime.Accessibility.Accessible&perfd=20260906&perft=13:45",toulouse
F0001,film,2026-09-06,Plaisance-du-Touch,Ecran7 Plaisance,L145,"https://relay.mvtx.us/ticketing/dbz?code_theater=P0918&gid_entity=movie.movie._.276608&tags=Localization.Language.French,Showtime.Accessibility.Dubbed,Format.Projection.3d,Format.Projection.Digital,Showtime.Accessibility.Accessible&perfd=20260906&perft=16:00",toulouse
F0029,film,2026-09-06,Plaisance-du-Touch,Ecran7 Plaisance,L145,"https://relay.mvtx.us/ticketing/dbz?code_theater=P0918&gid_entity=movie.movie._.1000022546&tags=Localization.Language.French,Format.Projection.Digital,Showtime.Accessibility.Accessible&perfd=20260906&perft=18:45",toulouse
F0001,film,2026-09-06,Castelginest,Le Castelia,L146,"https://relay.mvtx.us/ticketing/dbz?code_theater=P0583&gid_entity=movie.movie._.276608&tags=Localization.Language.French,Showtime.Accessibility.Accessible,Format.Projection.Digital&perfd=20260906&perft=13:30&code=VF; DISABLED ACCESS",toulouse
F0006,film,2026-09-06,Castelginest,Le Castelia,L146,"https://relay.mvtx.us/ticketing/dbz?code_theater=P0583&gid_entity=movie.movie._.314503&tags=Localization.Language.French,Showtime.Accessibility.Accessible,Format.Projection.Digital&perfd=20260906&perft=16:45&code=VF; DISABLED ACCESS",toulouse
F0004,film,2026-09-06,Castelginest,Le Castelia,L146,"https://relay.mvtx.us/ticketing/dbz?code_theater=P0583&gid_entity=movie.movie._.1000032856&tags=Localization.Language.French,Showtime.Accessibility.Accessible,Format.Projection.Digital&perfd=20260906&perft=19:00&code=VF; DISABLED ACCESS",toulouse
F0010,film,2026-09-06,Castelginest,Le Castelia,L146,"https://relay.mvtx.us/ticketing/dbz?code_theater=P0583&gid_entity=movie.movie._.1000037046&tags=Localization.Language.French,Showtime.Accessibility.Accessible,Format.Projection.Digital&perfd=20260906&perft=21:00&code=VF; DISABLED ACCESS",toulouse
F0001,film,2026-09-06,Muret,Véo Muret,L147,"https://relay.mvtx.us/ticketing/dbz?code_theater=W3161&gid_entity=movie.movie._.276608&tags=Localization.Language.French,Format.Projection.Digital&perfd=20260906&perft=10:30",toulouse
F0020,film,2026-09-06,Muret,Véo Muret,L147,"https://relay.mvtx.us/ticketing/dbz?code_theater=W3161&gid_entity=movie.movie._.294280&tags=Localization.Language.French,Format.Projection.Digital&perfd=20260906&perft=10:30",toulouse
F0007,film,2026-09-06,Muret,Véo Muret,L147,"https://relay.mvtx.us/ticketing/dbz?code_theater=W3161&gid_entity=movie.movie._.257425&tags=Localization.Language.French,Showtime.Accessibility.Dubbed,Format.Projection.Digital&perfd=20260906&perft=11:00",toulouse
F0009,film,2026-09-06,Muret,Véo Muret,L147,"https://relay.mvtx.us/ticketing/dbz?code_theater=W3161&gid_entity=movie.movie._.320681&tags=Localization.Language.French,Showtime.Accessibility.Dubbed,Format.Projection.Digital&perfd=20260906&perft=11:00",toulouse
F0016,film,2026-09-06,Muret,Véo Muret,L147,"https://relay.mvtx.us/ticketing/dbz?code_theater=W3161&gid_entity=movie.movie._.313256&tags=Localization.Language.French,Showtime.Accessibility.Dubbed,Format.Projection.Digital&perfd=20260906&perft=11:00",toulouse
F0017,film,2026-09-06,Muret,Véo Muret,L147,"https://relay.mvtx.us/ticketing/dbz?code_theater=W3161&gid_entity=movie.movie._.314942&tags=Localization.Language.French,Showtime.Accessibility.Dubbed,Format.Projection.Digital&perfd=20260906&perft=11:00",toulouse
F0003,film,2026-09-06,Muret,Véo Muret,L147,"https://relay.mvtx.us/ticketing/dbz?code_theater=W3161&gid_entity=movie.movie._.1000014969&tags=Localization.Language.French,Showtime.Accessibility.Dubbed,Format.Projection.Digital&perfd=20260906&perft=13:30",toulouse
F0005,film,2026-09-06,Muret,Véo Muret,L147,"https://relay.mvtx.us/ticketing/dbz?code_theater=W3161&gid_entity=movie.movie._.188280&tags=Localization.Version.Original,Format.Projection.Digital&perfd=20260906&perft=13:30",toulouse
F0002,film,2026-09-06,Muret,Véo Muret,L147,"https://relay.mvtx.us/ticketing/dbz?code_theater=W3161&gid_entity=movie.movie._.1000013045&tags=Localization.Language.French,Showtime.Accessibility.Dubbed,Format.Projection.Digital&perfd=20260906&perft=14:00",toulouse
F0015,film,2026-09-06,Muret,Véo Muret,L147,"https://relay.mvtx.us/ticketing/dbz?code_theater=W3161&gid_entity=movie.movie._.294281&tags=Localization.Language.French,Format.Projection.Digital&perfd=20260906&perft=14:00",toulouse
F0004,film,2026-09-06,Muret,Véo Muret,L147,"https://relay.mvtx.us/ticketing/dbz?code_theater=W3161&gid_entity=movie.movie._.1000032856&tags=Localization.Language.French,Format.Projection.Digital&perfd=20260906&perft=16:00",toulouse
F0013,film,2026-09-06,Muret,Véo Muret,L147,"https://relay.mvtx.us/ticketing/dbz?code_theater=W3161&gid_entity=movie.movie._.1000024105&tags=Localization.Version.Original,Format.Projection.Digital&perfd=20260906&perft=17:00",toulouse
F0026,film,2026-09-06,Muret,Véo Muret,L147,"https://relay.mvtx.us/ticketing/dbz?code_theater=W3161&gid_entity=movie.movie._.1000041528&tags=Localization.Language.French,Format.Projection.Digital&perfd=20260906&perft=18:20",toulouse
F0014,film,2026-09-06,Muret,Véo Muret,L147,"https://relay.mvtx.us/ticketing/dbz?code_theater=W3161&gid_entity=movie.movie._.316021&tags=Localization.Language.French,Showtime.Accessibility.Dubbed,Format.Projection.Digital&perfd=20260906&perft=20:50",toulouse
F0011,film,2026-09-06,Muret,Véo Muret,L147,"https://relay.mvtx.us/ticketing/dbz?code_theater=W3161&gid_entity=movie.movie._.1000002942&tags=Localization.Language.French,Showtime.Accessibility.Dubbed,Format.Projection.Digital&perfd=20260906&perft=21:00",toulouse
F0392,film,2026-09-06,Castanet-Tolosan,MJC Ciné 113,L148,https://www.mjc-castanet-tolosan.fr/cinema-cine-113/,toulouse
F0391,film,2026-09-06,Castanet-Tolosan,MJC Ciné 113,L148,"https://relay.mvtx.us/ticketing/dbz?code_theater=P2235&gid_entity=movie.movie._.1000023494&tags=Localization.Language.French,Format.Projection.Digital&perfd=20260906&perft=10:15&code=VF",toulouse
F0050,film,2026-09-06,Castanet-Tolosan,MJC Ciné 113,L148,"https://relay.mvtx.us/ticketing/dbz?code_theater=P2235&gid_entity=movie.movie._.1000034332&tags=Localization.Language.French,Format.Projection.Digital&perfd=20260906&perft=14:00&code=VF",toulouse
F0007,film,2026-09-06,Castanet-Tolosan,MJC Ciné 113,L148,"https://relay.mvtx.us/ticketing/dbz?code_theater=P2235&gid_entity=movie.movie._.257425&tags=Localization.Language.French,Format.Projection.Digital&perfd=20260906&perft=16:00&code=VF",toulouse
F0029,film,2026-09-06,Castanet-Tolosan,MJC Ciné 113,L148,"https://relay.mvtx.us/ticketing/dbz?code_theater=P2235&gid_entity=movie.movie._.1000022546&tags=Localization.Language.French,Format.Projection.Digital&perfd=20260906&perft=18:30&code=VF",toulouse
F0181,film,2026-09-06,Castanet-Tolosan,MJC Ciné 113,L148,https://www.mjc-castanet-tolosan.fr/cinema-cine-113/,toulouse
F0061,film,2026-09-06,Castanet-Tolosan,MJC Ciné 113,L148,"https://relay.mvtx.us/ticketing/dbz?code_theater=P2235&gid_entity=movie.movie._.305836&tags=Localization.Version.Original,Format.Projection.Digital&perfd=20260906&perft=20:30&code=VO",toulouse
F0002,film,2026-09-07,Toulouse,Utopia Borderouge,L125,https://toulouse.cinemas-utopia.org/film/?id=13767,toulouse
F0051,film,2026-09-07,Toulouse,Utopia Borderouge,L125,https://toulouse.cinemas-utopia.org/film/?id=13341,toulouse
F0026,film,2026-09-07,Toulouse,Utopia Borderouge,L125,https://toulouse.cinemas-utopia.org/film/?id=13696,toulouse
F0035,film,2026-09-07,Toulouse,Utopia Borderouge,L125,https://toulouse.cinemas-utopia.org/film/?id=13722,toulouse
F0034,film,2026-09-07,Toulouse,Utopia Borderouge,L125,https://toulouse.cinemas-utopia.org/film/?id=13462,toulouse
F0044,film,2026-09-07,Toulouse,Utopia Borderouge,L125,https://toulouse.cinemas-utopia.org/film?id=13462,toulouse
F0056,film,2026-09-07,Toulouse,Utopia Borderouge,L125,https://toulouse.cinemas-utopia.org/film/?id=13551,toulouse
F0005,film,2026-09-07,Toulouse,Utopia Borderouge,L125,https://toulouse.cinemas-utopia.org/film/?id=13457,toulouse
F0040,film,2026-09-07,Toulouse,Utopia Borderouge,L125,https://toulouse.cinemas-utopia.org/film/?id=13042,toulouse
F0013,film,2026-09-07,Toulouse,Utopia Borderouge,L125,https://toulouse.cinemas-utopia.org/film/?id=13459,toulouse
F0033,film,2026-09-07,Toulouse,Utopia Borderouge,L125,https://toulouse.cinemas-utopia.org/film/?id=13754,toulouse
F0010,film,2026-09-07,Toulouse,Utopia Borderouge,L125,https://toulouse.cinemas-utopia.org/film/?id=13449,toulouse
F0012,film,2026-09-07,Tournefeuille,Utopia Tournefeuille,L126,https://toulouse.cinemas-utopia.org/film/?id=13805,toulouse
F0013,film,2026-09-07,Tournefeuille,Utopia Tournefeuille,L126,https://toulouse.cinemas-utopia.org/film/?id=13459,toulouse
F0039,film,2026-09-07,Tournefeuille,Utopia Tournefeuille,L126,https://toulouse.cinemas-utopia.org/film/?id=13809,toulouse
F0002,film,2026-09-07,Tournefeuille,Utopia Tournefeuille,L126,https://toulouse.cinemas-utopia.org/film/?id=13767,toulouse
F0027,film,2026-09-07,Tournefeuille,Utopia Tournefeuille,L126,https://toulouse.cinemas-utopia.org/film/?id=13806,toulouse
F0022,film,2026-09-07,Tournefeuille,Utopia Tournefeuille,L126,https://toulouse.cinemas-utopia.org/film/?id=13949,toulouse
F0028,film,2026-09-07,Tournefeuille,Utopia Tournefeuille,L126,https://toulouse.cinemas-utopia.org/film/?id=13804,toulouse
F0005,film,2026-09-07,Tournefeuille,Utopia Tournefeuille,L126,https://toulouse.cinemas-utopia.org/film/?id=13457,toulouse
F0049,film,2026-09-07,Tournefeuille,Utopia Tournefeuille,L126,https://toulouse.cinemas-utopia.org/film/?id=13765,toulouse
F0025,film,2026-09-07,Tournefeuille,Utopia Tournefeuille,L126,https://toulouse.cinemas-utopia.org/film/?id=13808,toulouse
F0023,film,2026-09-07,Tournefeuille,Utopia Tournefeuille,L126,https://toulouse.cinemas-utopia.org/film/?id=11952,toulouse
F0042,film,2026-09-07,Toulouse,Cinéma ABC,L127,"https://relay.mvtx.us/ticketing/dbz?code_theater=P0071&gid_entity=movie.movie._.308394&tags=Showtime.Accessibility.Subtitled,Localization.Version.Original,Showtime.Accessibility.Accessible,Format.Projection.Digital&perfd=20260907&perft=12:30&code=VO; SUBTITLE; DISABLED ACCESS",toulouse
F0050,film,2026-09-07,Toulouse,Cinéma ABC,L127,"https://relay.mvtx.us/ticketing/dbz?code_theater=P0071&gid_entity=movie.movie._.1000034332&tags=Showtime.Accessibility.Subtitled,Localization.Version.Original,Showtime.Accessibility.Accessible,Format.Projection.Digital&perfd=20260907&perft=13:10&code=VO; SUBTITLE; DISABLED ACCESS",toulouse
F0012,film,2026-09-07,Toulouse,Cinéma ABC,L127,"https://relay.mvtx.us/ticketing/dbz?code_theater=P0071&gid_entity=movie.movie._.327993&tags=Localization.Language.French,Showtime.Accessibility.Accessible,Format.Projection.Digital&perfd=20260907&perft=13:50&code=VF; DISABLED ACCESS",toulouse
F0005,film,2026-09-07,Toulouse,Cinéma ABC,L127,"https://relay.mvtx.us/ticketing/dbz?code_theater=P0071&gid_entity=movie.movie._.188280&tags=Showtime.Accessibility.Subtitled,Localization.Version.Original,Showtime.Accessibility.Accessible,Format.Projection.Digital&perfd=20260907&perft=14:20&code=VO; SUBTITLE; DISABLED ACCESS",toulouse
F0022,film,2026-09-07,Toulouse,Cinéma ABC,L127,"https://relay.mvtx.us/ticketing/dbz?code_theater=P0071&gid_entity=movie.movie._.300784&tags=Localization.Language.French,Showtime.Accessibility.Accessible,Format.Projection.Digital&perfd=20260907&perft=15:00&code=VF; DISABLED ACCESS",toulouse
F0025,film,2026-09-07,Toulouse,Cinéma ABC,L127,"https://relay.mvtx.us/ticketing/dbz?code_theater=P0071&gid_entity=movie.movie._.1000022260&tags=Showtime.Accessibility.Subtitled,Localization.Version.Original,Showtime.Accessibility.Accessible,Format.Projection.Digital&perfd=20260907&perft=16:30&code=VO; SUBTITLE; DISABLED ACCESS",toulouse
F0058,film,2026-09-07,Toulouse,Cinéma ABC,L127,"https://relay.mvtx.us/ticketing/dbz?code_theater=P0071&gid_entity=movie.movie._.1000032278&tags=Showtime.Accessibility.Subtitled,Localization.Version.Original,Showtime.Accessibility.Accessible,Format.Projection.Digital&perfd=20260907&perft=16:40&code=VO; SUBTITLE; DISABLED ACCESS",toulouse
F0026,film,2026-09-07,Toulouse,Cinéma ABC,L127,"https://relay.mvtx.us/ticketing/dbz?code_theater=P0071&gid_entity=movie.movie._.1000041528&tags=Localization.Language.French,Showtime.Accessibility.Accessible,Format.Projection.Digital&perfd=20260907&perft=18:50&code=VF; DISABLED ACCESS",toulouse
F0033,film,2026-09-07,Toulouse,Le Cratère,L128,"https://relay.mvtx.us/ticketing/dbz?code_theater=P0056&gid_entity=movie.movie._.1000023007&tags=Localization.Version.Original,Format.Projection.Digital&perfd=20260907&perft=12:30&code=VO",toulouse
F0070,film,2026-09-07,Toulouse,Le Cratère,L128,"https://relay.mvtx.us/ticketing/dbz?code_theater=P0056&gid_entity=movie.movie._.289867&tags=Localization.Version.Original,Format.Projection.Digital&perfd=20260907&perft=14:35&code=VO",toulouse
F0071,film,2026-09-07,Toulouse,Le Cratère,L128,"https://relay.mvtx.us/ticketing/dbz?code_theater=P0056&gid_entity=movie.movie._.1000025598&tags=Localization.Version.Original,Format.Projection.Digital&perfd=20260907&perft=16:40&code=VO",toulouse
F0077,film,2026-09-07,Toulouse,Le Cratère,L128,"https://relay.mvtx.us/ticketing/dbz?code_theater=P0056&gid_entity=movie.movie._.1000027856&tags=Localization.Version.Original,Format.Projection.Digital&perfd=20260907&perft=18:20&code=VO",toulouse
F0117,film,2026-09-07,Toulouse,Le Cratère,L128,"https://relay.mvtx.us/ticketing/dbz?code_theater=P0056&gid_entity=movie.movie._.1000022261&tags=Localization.Version.Original,Format.Projection.Digital&perfd=20260907&perft=20:35&code=VO",toulouse
F0022,film,2026-09-07,Toulouse,Pathé Toulouse Wilson,L137,https://s.pathe.fr/en/V3358S197067/booking,toulouse
F0003,film,2026-09-07,Toulouse,Pathé Toulouse Wilson,L137,https://s.pathe.fr/en/V3358S197066/booking,toulouse
F0002,film,2026-09-07,Toulouse,Pathé Toulouse Wilson,L137,https://s.pathe.fr/en/V3358S197065/booking,toulouse
F0005,film,2026-09-07,Toulouse,Pathé Toulouse Wilson,L137,https://s.pathe.fr/en/V3358S197068/booking,toulouse
F0015,film,2026-09-07,Toulouse,Pathé Toulouse Wilson,L137,https://s.pathe.fr/en/V3358S197069/booking,toulouse
F0023,film,2026-09-07,Toulouse,Pathé Toulouse Wilson,L137,https://s.pathe.fr/en/V3358S197073/booking,toulouse
F0031,film,2026-09-07,Toulouse,Pathé Toulouse Wilson,L137,https://s.pathe.fr/en/V3358S197075/booking,toulouse
F0001,film,2026-09-07,Toulouse,Pathé Toulouse Wilson,L137,https://s.pathe.fr/en/V3358S197072/booking,toulouse
F0004,film,2026-09-07,Toulouse,Pathé Toulouse Wilson,L137,https://s.pathe.fr/en/V3358S197071/booking,toulouse
F0006,film,2026-09-07,Toulouse,Pathé Toulouse Wilson,L137,https://s.pathe.fr/en/V3358S197074/booking,toulouse
F0012,film,2026-09-07,Toulouse,Pathé Toulouse Wilson,L137,https://s.pathe.fr/en/V3358S197077/booking,toulouse
F0010,film,2026-09-07,Toulouse,Pathé Toulouse Wilson,L137,https://s.pathe.fr/en/V3358S197078/booking,toulouse
F0014,film,2026-09-07,Toulouse,Pathé Toulouse Wilson,L137,https://s.pathe.fr/en/V3358S197079/booking,toulouse
F0009,film,2026-09-07,Toulouse,Pathé Toulouse Wilson,L137,https://s.pathe.fr/en/V3358S197076/booking,toulouse
F0102,film,2026-09-07,Toulouse,Pathé Toulouse Wilson,L137,,toulouse
F0003,film,2026-09-07,Labège,Pathé Toulouse Labège,L138,https://s.pathe.fr/en/V3364S189056/booking,toulouse
F0004,film,2026-09-07,Labège,Pathé Toulouse Labège,L138,https://s.pathe.fr/en/V3364S189063/booking,toulouse
F0010,film,2026-09-07,Labège,Pathé Toulouse Labège,L138,https://s.pathe.fr/en/V3364S189057/booking,toulouse
F0052,film,2026-09-07,Labège,Pathé Toulouse Labège,L138,https://s.pathe.fr/en/V3364S189058/booking,toulouse
F0002,film,2026-09-07,Labège,Pathé Toulouse Labège,L138,https://s.pathe.fr/en/V3364S189059/booking,toulouse
F0020,film,2026-09-07,Labège,Pathé Toulouse Labège,L138,https://s.pathe.fr/en/V3364S189068/booking,toulouse
F0011,film,2026-09-07,Labège,Pathé Toulouse Labège,L138,https://s.pathe.fr/en/V3364S189062/booking,toulouse
F0015,film,2026-09-07,Labège,Pathé Toulouse Labège,L138,https://s.pathe.fr/en/V3364S189060/booking,toulouse
F0006,film,2026-09-07,Labège,Pathé Toulouse Labège,L138,https://s.pathe.fr/en/V3364S189064/booking,toulouse
F0030,film,2026-09-07,Labège,Pathé Toulouse Labège,L138,https://s.pathe.fr/en/V3364S189065/booking,toulouse
F0019,film,2026-09-07,Labège,Pathé Toulouse Labège,L138,https://s.pathe.fr/en/V3364S189072/booking,toulouse
F0009,film,2026-09-07,Labège,Pathé Toulouse Labège,L138,https://s.pathe.fr/en/V3364S189066/booking,toulouse
F0001,film,2026-09-07,Labège,Pathé Toulouse Labège,L138,https://s.pathe.fr/en/V3364S189071/booking,toulouse
F0008,film,2026-09-07,Labège,Pathé Toulouse Labège,L138,https://s.pathe.fr/en/V3364S189070/booking,toulouse
F0064,film,2026-09-07,Labège,Pathé Toulouse Labège,L138,https://s.pathe.fr/en/V3364S189115/booking,toulouse
F0427,film,2026-09-07,Labège,Pathé Toulouse Labège,L138,,toulouse
F0001,film,2026-09-07,Blagnac,CGR Blagnac,L139,"https://relay.mvtx.us/ticketing/dbz?code_theater=P0692&gid_entity=movie.movie._.276608&tags=Localization.Language.French,Showtime.Accessibility.Accessible,Auditorium.Experience.Ice,Auditorium.Experience.DolbyAtmos,Format.Projection.3d&perfd=20260907&perft=10:30&code=3D; Accès PMR; Dolby Atmos; ICE; VF;",toulouse
F0003,film,2026-09-07,Blagnac,CGR Blagnac,L139,"https://relay.mvtx.us/ticketing/dbz?code_theater=P0692&gid_entity=movie.movie._.1000014969&tags=Localization.Language.French,Showtime.Accessibility.Accessible&perfd=20260907&perft=10:45&code=Accès PMR; VF;",toulouse
F0002,film,2026-09-07,Blagnac,CGR Blagnac,L139,"https://relay.mvtx.us/ticketing/dbz?code_theater=P0692&gid_entity=movie.movie._.1000013045&tags=Localization.Language.French,Showtime.Accessibility.Accessible&perfd=20260907&perft=10:45&code=Accès PMR; VF;",toulouse
F0020,film,2026-09-07,Blagnac,CGR Blagnac,L139,"https://relay.mvtx.us/ticketing/dbz?code_theater=P0692&gid_entity=movie.movie._.294280&tags=Localization.Language.French,Showtime.Accessibility.Accessible&perfd=20260907&perft=10:45&code=Accès PMR; VF;",toulouse
F0015,film,2026-09-07,Blagnac,CGR Blagnac,L139,"https://relay.mvtx.us/ticketing/dbz?code_theater=P0692&gid_entity=movie.movie._.294281&tags=Localization.Language.French,Showtime.Accessibility.Accessible&perfd=20260907&perft=10:45&code=Accès PMR; VF;",toulouse
F0014,film,2026-09-07,Blagnac,CGR Blagnac,L139,"https://relay.mvtx.us/ticketing/dbz?code_theater=P0692&gid_entity=movie.movie._.316021&tags=Localization.Language.French,Showtime.Accessibility.Accessible&perfd=20260907&perft=10:45&code=Accès PMR; VF;",toulouse
F0017,film,2026-09-07,Blagnac,CGR Blagnac,L139,"https://relay.mvtx.us/ticketing/dbz?code_theater=P0692&gid_entity=movie.movie._.314942&tags=Localization.Language.French,Showtime.Accessibility.Accessible&perfd=20260907&perft=10:45&code=Accès PMR; VF;",toulouse
F0004,film,2026-09-07,Blagnac,CGR Blagnac,L139,"https://relay.mvtx.us/ticketing/dbz?code_theater=P0692&gid_entity=movie.movie._.1000032856&tags=Localization.Language.French,Showtime.Accessibility.Accessible&perfd=20260907&perft=11:00&code=Accès PMR; VF;",toulouse
F0006,film,2026-09-07,Blagnac,CGR Blagnac,L139,"https://relay.mvtx.us/ticketing/dbz?code_theater=P0692&gid_entity=movie.movie._.314503&tags=Localization.Language.French,Showtime.Accessibility.Accessible&perfd=20260907&perft=11:00&code=Accès PMR; VF;",toulouse
F0010,film,2026-09-07,Blagnac,CGR Blagnac,L139,"https://relay.mvtx.us/ticketing/dbz?code_theater=P0692&gid_entity=movie.movie._.1000037046&tags=Localization.Language.French,Showtime.Accessibility.Accessible&perfd=20260907&perft=11:00&code=Accès PMR; VF;",toulouse
F0019,film,2026-09-07,Blagnac,CGR Blagnac,L139,"https://relay.mvtx.us/ticketing/dbz?code_theater=P0692&gid_entity=movie.movie._.321617&tags=Localization.Language.French,Showtime.Accessibility.Accessible&perfd=20260907&perft=11:00&code=Accès PMR; VF;",toulouse
F0021,film,2026-09-07,Blagnac,CGR Blagnac,L139,"https://relay.mvtx.us/ticketing/dbz?code_theater=P0692&gid_entity=movie.movie._.1000033718&tags=Localization.Language.French,Showtime.Accessibility.Accessible&perfd=20260907&perft=11:00&code=Accès PMR; VF;",toulouse
F0008,film,2026-09-07,Blagnac,CGR Blagnac,L139,"https://relay.mvtx.us/ticketing/dbz?code_theater=P0692&gid_entity=movie.movie._.1000016503&tags=Localization.Language.French,Showtime.Accessibility.Accessible&perfd=20260907&perft=13:30&code=Accès PMR; VF;",toulouse
F0029,film,2026-09-07,Blagnac,CGR Blagnac,L139,"https://relay.mvtx.us/ticketing/dbz?code_theater=P0692&gid_entity=movie.movie._.1000022546&tags=Localization.Language.French,Showtime.Accessibility.Accessible&perfd=20260907&perft=13:30&code=Accès PMR; VF;",toulouse
F0158,film,2026-09-07,Blagnac,CGR Blagnac,L139,"https://relay.mvtx.us/ticketing/dbz?code_theater=P0692&gid_entity=movie.movie._.1000019736&tags=Showtime.Accessibility.Accessible,Localization.Version.Original,Showtime.Accessibility.Subtitled&perfd=20260907&perft=20:00&code=Accès PMR; VOST;",toulouse
F0003,film,2026-09-07,Fenouillet,Kinepolis Fenouillet,L140,"https://relay.mvtx.us/ticketing/dbz?code_theater=W3115&gid_entity=movie.movie._.1000014969&tags=Auditorium.Experience.ScreenX,Format.Projection.Digital&perfd=20260907&perft=13:30&code=Version Francaise; Screen X 2D",toulouse
F0001,film,2026-09-07,Fenouillet,Kinepolis Fenouillet,L140,https://relay.mvtx.us/ticketing/dbz?code_theater=W3115&gid_entity=movie.movie._.276608&tags=Format.Projection.Digital&perfd=20260907&perft=13:30&code=Version Francaise; 2D Laser Ultra,toulouse
F0008,film,2026-09-07,Fenouillet,Kinepolis Fenouillet,L140,https://relay.mvtx.us/ticketing/dbz?code_theater=W3115&gid_entity=movie.movie._.1000016503&tags=Format.Projection.Digital&perfd=20260907&perft=13:30&code=Version Francaise; 2D,toulouse
F0015,film,2026-09-07,Fenouillet,Kinepolis Fenouillet,L140,https://relay.mvtx.us/ticketing/dbz?code_theater=W3115&gid_entity=movie.movie._.294281&tags=Format.Projection.Digital&perfd=20260907&perft=13:30&code=Version Francaise; 2D,toulouse
F0030,film,2026-09-07,Fenouillet,Kinepolis Fenouillet,L140,https://relay.mvtx.us/ticketing/dbz?code_theater=W3115&gid_entity=movie.movie._.1000019899&tags=Format.Projection.Digital&perfd=20260907&perft=13:30&code=Version Francaise; 2D,toulouse
F0004,film,2026-09-07,Fenouillet,Kinepolis Fenouillet,L140,https://relay.mvtx.us/ticketing/dbz?code_theater=W3115&gid_entity=movie.movie._.1000032856&tags=Format.Projection.Digital&perfd=20260907&perft=13:40&code=Version Francaise; 2D,toulouse
F0011,film,2026-09-07,Fenouillet,Kinepolis Fenouillet,L140,https://relay.mvtx.us/ticketing/dbz?code_theater=W3115&gid_entity=movie.movie._.1000002942&tags=Format.Projection.Digital&perfd=20260907&perft=13:40&code=Version Francaise; 2D,toulouse
F0006,film,2026-09-07,Fenouillet,Kinepolis Fenouillet,L140,https://relay.mvtx.us/ticketing/dbz?code_theater=W3115&gid_entity=movie.movie._.314503&tags=Format.Projection.Digital&perfd=20260907&perft=15:45&code=Version Francaise; 2D,toulouse
F0029,film,2026-09-07,Fenouillet,Kinepolis Fenouillet,L140,https://relay.mvtx.us/ticketing/dbz?code_theater=W3115&gid_entity=movie.movie._.1000022546&tags=Format.Projection.Digital&perfd=20260907&perft=16:00&code=Version Francaise; 2D,toulouse
F0002,film,2026-09-07,Fenouillet,Kinepolis Fenouillet,L140,https://relay.mvtx.us/ticketing/dbz?code_theater=W3115&gid_entity=movie.movie._.1000013045&tags=Format.Projection.Digital&perfd=20260907&perft=16:40&code=Version Francaise; 2D,toulouse
F0021,film,2026-09-07,Fenouillet,Kinepolis Fenouillet,L140,https://relay.mvtx.us/ticketing/dbz?code_theater=W3115&gid_entity=movie.movie._.1000033718&tags=Format.Projection.Digital&perfd=20260907&perft=18:05&code=Version Francaise; 2D,toulouse
F0007,film,2026-09-07,Fenouillet,Kinepolis Fenouillet,L140,https://relay.mvtx.us/ticketing/dbz?code_theater=W3115&gid_entity=movie.movie._.257425&tags=Format.Projection.Digital&perfd=20260907&perft=18:10&code=Version Francaise; 2D,toulouse
F0294,film,2026-09-07,Fenouillet,Kinepolis Fenouillet,L140,https://relay.mvtx.us/ticketing/dbz?code_theater=W3115&gid_entity=movie.movie._.240850&tags=Format.Projection.Digital&perfd=20260907&perft=20:15&code=Version Francaise; 2D,toulouse
F0132,film,2026-09-07,Toulouse,American Cosmograph,L141,https://american-cosmograph.fr/the-holy-boy-2.html,toulouse
F0027,film,2026-09-07,Toulouse,American Cosmograph,L141,https://american-cosmograph.fr/decorado.html,toulouse
F0063,film,2026-09-07,Toulouse,American Cosmograph,L141,https://american-cosmograph.fr/la-providence-et-la-guitare.html,toulouse
F0013,film,2026-09-07,Toulouse,American Cosmograph,L141,https://american-cosmograph.fr/soudain.html,toulouse
F0023,film,2026-09-07,Toulouse,American Cosmograph,L141,https://american-cosmograph.fr/trois-adieux.html,toulouse
F0028,film,2026-09-07,Toulouse,American Cosmograph,L141,https://american-cosmograph.fr/degel-2.html,toulouse
F0039,film,2026-09-07,Toulouse,American Cosmograph,L141,https://american-cosmograph.fr/the-good-sister.html,toulouse
F0055,film,2026-09-07,Toulouse,American Cosmograph,L141,https://american-cosmograph.fr/ma-famille-de-samourais.html,toulouse
F0002,film,2026-09-07,Toulouse,American Cosmograph,L141,https://american-cosmograph.fr/l-odyssee.html,toulouse
F0134,film,2026-09-07,Toulouse,American Cosmograph,L141,https://american-cosmograph.fr/antonia-et-ses-filles.html,toulouse
F0031,film,2026-09-07,Toulouse,American Cosmograph,L141,https://american-cosmograph.fr/la-frappe.html,toulouse
F0002,film,2026-09-07,Toulouse,UGC Montaudran,L142,"https://relay.mvtx.us/ticketing/dbz?code_theater=W3140&gid_entity=movie.movie._.1000013045&tags=Showtime.Accessibility.Accessible,Localization.Subtitle.French,Localization.Version.Original,Format.Projection.Digital&perfd=20260907&perft=13:30&code=SME; AUDIO; GRETA; PMR; 2D; VO; ",toulouse
F0003,film,2026-09-07,Toulouse,UGC Montaudran,L142,"https://relay.mvtx.us/ticketing/dbz?code_theater=W3140&gid_entity=movie.movie._.1000014969&tags=Showtime.Accessibility.Accessible,Localization.Version.French,Format.Projection.Digital&perfd=20260907&perft=13:40&code=SME; AUDIO; GRETA; PMR; 2D; VF; ",toulouse
F0001,film,2026-09-07,Toulouse,UGC Montaudran,L142,"https://relay.mvtx.us/ticketing/dbz?code_theater=W3140&gid_entity=movie.movie._.276608&tags=Showtime.Accessibility.Accessible,Localization.Version.French,Format.Projection.Digital&perfd=20260907&perft=13:45&code=SME; AUDIO; GRETA; PMR; 2D; VF; ",toulouse
F0006,film,2026-09-07,Toulouse,UGC Montaudran,L142,"https://relay.mvtx.us/ticketing/dbz?code_theater=W3140&gid_entity=movie.movie._.314503&tags=Showtime.Accessibility.Accessible,Localization.Version.French,Format.Projection.Digital&perfd=20260907&perft=13:50&code=SME; AUDIO; GRETA; PMR; 2D; VF; ",toulouse
F0004,film,2026-09-07,Toulouse,UGC Montaudran,L142,"https://relay.mvtx.us/ticketing/dbz?code_theater=W3140&gid_entity=movie.movie._.1000032856&tags=Showtime.Accessibility.Accessible,Localization.Version.French,Format.Projection.Digital&perfd=20260907&perft=14:00&code=SME; AUDIO; PMR; 2D; VF; ",toulouse
F0005,film,2026-09-07,Toulouse,UGC Montaudran,L142,"https://relay.mvtx.us/ticketing/dbz?code_theater=W3140&gid_entity=movie.movie._.188280&tags=Showtime.Accessibility.Accessible,Localization.Subtitle.French,Localization.Version.Original,Format.Projection.Digital&perfd=20260907&perft=14:10&code=PMR; 2D; VO; ",toulouse
F0016,film,2026-09-07,Toulouse,UGC Montaudran,L142,"https://relay.mvtx.us/ticketing/dbz?code_theater=W3140&gid_entity=movie.movie._.313256&tags=Showtime.Accessibility.Accessible,Localization.Version.French,Format.Projection.Digital&perfd=20260907&perft=16:30&code=SME; AUDIO; GRETA; apd06a; PMR; 2D; VF; ",toulouse
F0389,film,2026-09-07,Toulouse,UGC Montaudran,L142,"https://relay.mvtx.us/ticketing/dbz?code_theater=W3140&gid_entity=movie.movie._.125562&tags=Showtime.Accessibility.Accessible,Localization.Subtitle.French,Localization.Version.Original,Format.Projection.Digital&perfd=20260907&perft=20:30&code=PMR; 2D; Prevente; VO; ",toulouse
F0158,film,2026-09-07,Toulouse,UGC Montaudran,L142,"https://relay.mvtx.us/ticketing/dbz?code_theater=W3140&gid_entity=movie.movie._.1000019736&tags=Showtime.Accessibility.Accessible,Localization.Subtitle.French,Localization.Version.Original,Format.Projection.Digital&perfd=20260907&perft=21:00&code=SACEM; PMR; 2D; Seance speciale; VO; ",toulouse
F0086,film,2026-09-07,Ramonville-Saint-Agne,L'Autan,L143,"https://relay.mvtx.us/ticketing/dbz?code_theater=P0881&gid_entity=movie.movie._.1000017160&tags=Showtime.Accessibility.Subtitled,Localization.Version.Original,Showtime.Accessibility.Accessible,Format.Projection.Digital&perfd=20260907&perft=17:00&code=VO; SUBTITLE; DISABLED ACCESS",toulouse
F0013,film,2026-09-07,Ramonville-Saint-Agne,L'Autan,L143,"https://relay.mvtx.us/ticketing/dbz?code_theater=P0881&gid_entity=movie.movie._.1000024105&tags=Localization.Language.French,Showtime.Accessibility.Accessible,Format.Projection.Digital&perfd=20260907&perft=20:00&code=VF; DISABLED ACCESS",toulouse
F0005,film,2026-09-07,Colomiers,Véo Grand Central Colomiers,L144,"https://relay.mvtx.us/ticketing/dbz?code_theater=P6864&gid_entity=movie.movie._.188280&tags=Localization.Version.Original,Format.Projection.Digital&perfd=20260907&perft=13:30",toulouse
F0006,film,2026-09-07,Colomiers,Véo Grand Central Colomiers,L144,"https://relay.mvtx.us/ticketing/dbz?code_theater=P6864&gid_entity=movie.movie._.314503&tags=Localization.Version.Original,Format.Projection.Digital,Format.Sound.71&perfd=20260907&perft=13:30",toulouse
F0014,film,2026-09-07,Colomiers,Véo Grand Central Colomiers,L144,"https://relay.mvtx.us/ticketing/dbz?code_theater=P6864&gid_entity=movie.movie._.316021&tags=Localization.Language.French,Showtime.Accessibility.Dubbed,Format.Projection.Digital&perfd=20260907&perft=13:30",toulouse
F0010,film,2026-09-07,Colomiers,Véo Grand Central Colomiers,L144,"https://relay.mvtx.us/ticketing/dbz?code_theater=P6864&gid_entity=movie.movie._.1000037046&tags=Localization.Language.French,Format.Projection.Digital&perfd=20260907&perft=13:30",toulouse
F0013,film,2026-09-07,Colomiers,Véo Grand Central Colomiers,L144,"https://relay.mvtx.us/ticketing/dbz?code_theater=P6864&gid_entity=movie.movie._.1000024105&tags=Localization.Version.Original,Format.Projection.Digital&perfd=20260907&perft=14:00",toulouse
F0001,film,2026-09-07,Colomiers,Véo Grand Central Colomiers,L144,"https://relay.mvtx.us/ticketing/dbz?code_theater=P6864&gid_entity=movie.movie._.276608&tags=Localization.Language.French,Showtime.Accessibility.Dubbed,Format.Projection.Digital,Format.Sound.71&perfd=20260907&perft=15:10",toulouse
F0015,film,2026-09-07,Colomiers,Véo Grand Central Colomiers,L144,"https://relay.mvtx.us/ticketing/dbz?code_theater=P6864&gid_entity=movie.movie._.294281&tags=Localization.Language.French,Format.Projection.Digital,Format.Sound.71,Showtime.Accessibility.OpenCaption&perfd=20260907&perft=16:00",toulouse
F0004,film,2026-09-07,Colomiers,Véo Grand Central Colomiers,L144,"https://relay.mvtx.us/ticketing/dbz?code_theater=P6864&gid_entity=movie.movie._.1000032856&tags=Localization.Language.French,Format.Projection.Digital&perfd=20260907&perft=16:20",toulouse
F0002,film,2026-09-07,Colomiers,Véo Grand Central Colomiers,L144,"https://relay.mvtx.us/ticketing/dbz?code_theater=P6864&gid_entity=movie.movie._.1000013045&tags=Localization.Language.French,Showtime.Accessibility.Dubbed,Format.Projection.Digital,Format.Sound.71&perfd=20260907&perft=17:45",toulouse
F0020,film,2026-09-07,Colomiers,Véo Grand Central Colomiers,L144,"https://relay.mvtx.us/ticketing/dbz?code_theater=P6864&gid_entity=movie.movie._.294280&tags=Localization.Language.French,Format.Projection.Digital,Format.Sound.71&perfd=20260907&perft=18:00",toulouse
F0003,film,2026-09-07,Colomiers,Véo Grand Central Colomiers,L144,"https://relay.mvtx.us/ticketing/dbz?code_theater=P6864&gid_entity=movie.movie._.1000014969&tags=Localization.Language.French,Showtime.Accessibility.Dubbed,Format.Projection.Digital,Format.Sound.71&perfd=20260907&perft=18:20",toulouse
F0050,film,2026-09-07,Colomiers,Véo Grand Central Colomiers,L144,"https://relay.mvtx.us/ticketing/dbz?code_theater=P6864&gid_entity=movie.movie._.1000034332&tags=Localization.Language.French,Format.Projection.Digital&perfd=20260907&perft=19:00",toulouse
F0008,film,2026-09-07,Colomiers,Véo Grand Central Colomiers,L144,"https://relay.mvtx.us/ticketing/dbz?code_theater=P6864&gid_entity=movie.movie._.1000016503&tags=Localization.Language.French,Showtime.Accessibility.Dubbed,Format.Projection.Digital,Format.Sound.71&perfd=20260907&perft=19:00",toulouse
F0183,film,2026-09-07,Colomiers,Véo Grand Central Colomiers,L144,"https://relay.mvtx.us/ticketing/dbz?code_theater=P6864&gid_entity=movie.movie._.297183&tags=Localization.Language.French,Format.Projection.Digital&perfd=20260907&perft=20:45",toulouse
F0011,film,2026-09-07,Colomiers,Véo Grand Central Colomiers,L144,"https://relay.mvtx.us/ticketing/dbz?code_theater=P6864&gid_entity=movie.movie._.1000002942&tags=Localization.Language.French,Showtime.Accessibility.Dubbed,Format.Projection.Digital,Format.Sound.71&perfd=20260907&perft=21:10",toulouse
F0013,film,2026-09-07,Plaisance-du-Touch,Ecran7 Plaisance,L145,"https://relay.mvtx.us/ticketing/dbz?code_theater=P0918&gid_entity=movie.movie._.1000024105&tags=Localization.Language.French,Format.Projection.Digital,Showtime.Accessibility.Accessible&perfd=20260907&perft=13:30",toulouse
F0061,film,2026-09-07,Plaisance-du-Touch,Ecran7 Plaisance,L145,"https://relay.mvtx.us/ticketing/dbz?code_theater=P0918&gid_entity=movie.movie._.305836&tags=Localization.Version.Original,Format.Projection.Digital,Showtime.Accessibility.Accessible&perfd=20260907&perft=13:30",toulouse
F0004,film,2026-09-07,Plaisance-du-Touch,Ecran7 Plaisance,L145,"https://relay.mvtx.us/ticketing/dbz?code_theater=P0918&gid_entity=movie.movie._.1000032856&tags=Localization.Language.French,Format.Projection.Digital,Showtime.Accessibility.Accessible&perfd=20260907&perft=13:45",toulouse
F0006,film,2026-09-07,Plaisance-du-Touch,Ecran7 Plaisance,L145,"https://relay.mvtx.us/ticketing/dbz?code_theater=P0918&gid_entity=movie.movie._.314503&tags=Localization.Language.French,Showtime.Accessibility.Dubbed,Format.Projection.Digital,Showtime.Accessibility.Accessible&perfd=20260907&perft=16:00",toulouse
F0029,film,2026-09-07,Plaisance-du-Touch,Ecran7 Plaisance,L145,"https://relay.mvtx.us/ticketing/dbz?code_theater=P0918&gid_entity=movie.movie._.1000022546&tags=Localization.Language.French,Format.Projection.Digital,Showtime.Accessibility.Accessible&perfd=20260907&perft=17:00",toulouse
F0002,film,2026-09-07,Plaisance-du-Touch,Ecran7 Plaisance,L145,"https://relay.mvtx.us/ticketing/dbz?code_theater=P0918&gid_entity=movie.movie._.1000013045&tags=Localization.Version.Original,Format.Projection.Digital,Showtime.Accessibility.Accessible&perfd=20260907&perft=17:45",toulouse
F0001,film,2026-09-07,Plaisance-du-Touch,Ecran7 Plaisance,L145,"https://relay.mvtx.us/ticketing/dbz?code_theater=P0918&gid_entity=movie.movie._.276608&tags=Localization.Language.French,Showtime.Accessibility.Dubbed,BoostPos.Image.2D,Format.Projection.Digital,Showtime.Accessibility.Accessible&perfd=20260907&perft=18:15",toulouse
F0015,film,2026-09-07,Castelginest,Le Castelia,L146,"https://relay.mvtx.us/ticketing/dbz?code_theater=P0583&gid_entity=movie.movie._.294281&tags=Localization.Language.French,Showtime.Accessibility.Accessible,Format.Projection.Digital&perfd=20260907&perft=15:00&code=VF; DISABLED ACCESS",toulouse
F0026,film,2026-09-07,Castelginest,Le Castelia,L146,"https://relay.mvtx.us/ticketing/dbz?code_theater=P0583&gid_entity=movie.movie._.1000041528&tags=Localization.Language.French,Showtime.Accessibility.Accessible,Format.Projection.Digital&perfd=20260907&perft=18:30&code=VF; DISABLED ACCESS",toulouse
F0006,film,2026-09-07,Castelginest,Le Castelia,L146,"https://relay.mvtx.us/ticketing/dbz?code_theater=P0583&gid_entity=movie.movie._.314503&tags=Showtime.Accessibility.Subtitled,Localization.Version.Original,Showtime.Accessibility.Accessible,Format.Projection.Digital&perfd=20260907&perft=20:30&code=VO; SUBTITLE; DISABLED ACCESS",toulouse
F0002,film,2026-09-07,Muret,Véo Muret,L147,"https://relay.mvtx.us/ticketing/dbz?code_theater=W3161&gid_entity=movie.movie._.1000013045&tags=Localization.Language.French,Showtime.Accessibility.Dubbed,Format.Projection.Digital&perfd=20260907&perft=14:00",toulouse
F0005,film,2026-09-07,Muret,Véo Muret,L147,"https://relay.mvtx.us/ticketing/dbz?code_theater=W3161&gid_entity=movie.movie._.188280&tags=Localization.Version.Original,Format.Projection.Digital&perfd=20260907&perft=14:00",toulouse
F0004,film,2026-09-07,Muret,Véo Muret,L147,"https://relay.mvtx.us/ticketing/dbz?code_theater=W3161&gid_entity=movie.movie._.1000032856&tags=Localization.Language.French,Format.Projection.Digital&perfd=20260907&perft=14:00",toulouse
F0008,film,2026-09-07,Muret,Véo Muret,L147,"https://relay.mvtx.us/ticketing/dbz?code_theater=W3161&gid_entity=movie.movie._.1000016503&tags=Localization.Language.French,Showtime.Accessibility.Dubbed,Format.Projection.Digital&perfd=20260907&perft=14:00",toulouse
F0015,film,2026-09-07,Muret,Véo Muret,L147,"https://relay.mvtx.us/ticketing/dbz?code_theater=W3161&gid_entity=movie.movie._.294281&tags=Localization.Language.French,Format.Projection.Digital&perfd=20260907&perft=14:00",toulouse
F0014,film,2026-09-07,Muret,Véo Muret,L147,"https://relay.mvtx.us/ticketing/dbz?code_theater=W3161&gid_entity=movie.movie._.316021&tags=Localization.Language.French,Showtime.Accessibility.Dubbed,Format.Projection.Digital&perfd=20260907&perft=14:00",toulouse
F0003,film,2026-09-07,Muret,Véo Muret,L147,"https://relay.mvtx.us/ticketing/dbz?code_theater=W3161&gid_entity=movie.movie._.1000014969&tags=Localization.Language.French,Showtime.Accessibility.Dubbed,Format.Projection.Digital&perfd=20260907&perft=16:00",toulouse
F0011,film,2026-09-07,Muret,Véo Muret,L147,"https://relay.mvtx.us/ticketing/dbz?code_theater=W3161&gid_entity=movie.movie._.1000002942&tags=Localization.Language.French,Showtime.Accessibility.Dubbed,Format.Projection.Digital&perfd=20260907&perft=16:30",toulouse
F0026,film,2026-09-07,Muret,Véo Muret,L147,"https://relay.mvtx.us/ticketing/dbz?code_theater=W3161&gid_entity=movie.movie._.1000041528&tags=Localization.Language.French,Format.Projection.Digital&perfd=20260907&perft=16:30",toulouse
F0013,film,2026-09-07,Muret,Véo Muret,L147,"https://relay.mvtx.us/ticketing/dbz?code_theater=W3161&gid_entity=movie.movie._.1000024105&tags=Localization.Version.Original,Format.Projection.Digital&perfd=20260907&perft=17:00",toulouse
F0001,film,2026-09-07,Muret,Véo Muret,L147,"https://relay.mvtx.us/ticketing/dbz?code_theater=W3161&gid_entity=movie.movie._.276608&tags=Localization.Language.French,Format.Projection.Digital&perfd=20260907&perft=18:00",toulouse
F0006,film,2026-09-07,Muret,Véo Muret,L147,"https://relay.mvtx.us/ticketing/dbz?code_theater=W3161&gid_entity=movie.movie._.314503&tags=Localization.Language.French,Showtime.Accessibility.Dubbed,Format.Projection.Digital&perfd=20260907&perft=18:20",toulouse
F0183,film,2026-09-07,Muret,Véo Muret,L147,"https://relay.mvtx.us/ticketing/dbz?code_theater=W3161&gid_entity=movie.movie._.297183&tags=Localization.Language.French,Format.Projection.Digital&perfd=20260907&perft=20:30",toulouse
F0010,film,2026-09-07,Muret,Véo Muret,L147,"https://relay.mvtx.us/ticketing/dbz?code_theater=W3161&gid_entity=movie.movie._.1000037046&tags=Localization.Language.French,Format.Projection.Digital&perfd=20260907&perft=21:00",toulouse
F0180,film,2026-09-07,Castanet-Tolosan,MJC Ciné 113,L148,https://www.mjc-castanet-tolosan.fr/cinema-cine-113/,toulouse
F0179,film,2026-09-07,Castanet-Tolosan,MJC Ciné 113,L148,https://www.mjc-castanet-tolosan.fr/cinema-cine-113/,toulouse
F0062,film,2026-09-07,Castanet-Tolosan,MJC Ciné 113,L148,"https://relay.mvtx.us/ticketing/dbz?code_theater=P2235&gid_entity=movie.movie._.1000029301&tags=Localization.Version.Original,Format.Projection.Digital&perfd=20260907&perft=14:15&code=VO",toulouse
F0006,film,2026-09-07,Castanet-Tolosan,MJC Ciné 113,L148,"https://relay.mvtx.us/ticketing/dbz?code_theater=P2235&gid_entity=movie.movie._.314503&tags=Localization.Language.French,Format.Projection.Digital&perfd=20260907&perft=17:15&code=VF",toulouse
F0266,film,2026-09-07,Castanet-Tolosan,MJC Ciné 113,L148,https://www.mjc-castanet-tolosan.fr/cinema-cine-113/,toulouse
F0280,film,2026-09-07,Castanet-Tolosan,MJC Ciné 113,L148,"https://relay.mvtx.us/ticketing/dbz?code_theater=P2235&gid_entity=movie.movie._.296675&tags=Localization.Language.French,Format.Projection.Digital&perfd=20260907&perft=20:15&code=VF",toulouse
A0002,live,2026-09-08,Toulouse,Théâtre Les 3 T,L047,https://new.3tcafetheatre.com/spectacle/les-faux-british/,toulouse
A0422,live,2026-09-08,Toulouse,Le Bijou,L078,https://www.le-bijou.net/event-details/le-bijou-comedie-club-15,toulouse
F0049,film,2026-09-08,Toulouse,Utopia Borderouge,L125,https://toulouse.cinemas-utopia.org/film/?id=13765,toulouse
F0069,film,2026-09-08,Toulouse,Utopia Borderouge,L125,https://toulouse.cinemas-utopia.org/film/?id=13240,toulouse
F0072,film,2026-09-08,Toulouse,Utopia Borderouge,L125,https://toulouse.cinemas-utopia.org/film?id=13240,toulouse
F0005,film,2026-09-08,Toulouse,Utopia Borderouge,L125,https://toulouse.cinemas-utopia.org/film/?id=13457,toulouse
F0051,film,2026-09-08,Toulouse,Utopia Borderouge,L125,https://toulouse.cinemas-utopia.org/film/?id=13341,toulouse
F0056,film,2026-09-08,Toulouse,Utopia Borderouge,L125,https://toulouse.cinemas-utopia.org/film/?id=13551,toulouse
F0010,film,2026-09-08,Toulouse,Utopia Borderouge,L125,https://toulouse.cinemas-utopia.org/film/?id=13449,toulouse
F0013,film,2026-09-08,Toulouse,Utopia Borderouge,L125,https://toulouse.cinemas-utopia.org/film/?id=13459,toulouse
F0033,film,2026-09-08,Toulouse,Utopia Borderouge,L125,https://toulouse.cinemas-utopia.org/film/?id=13754,toulouse
F0002,film,2026-09-08,Toulouse,Utopia Borderouge,L125,https://toulouse.cinemas-utopia.org/film/?id=13767,toulouse
F0026,film,2026-09-08,Toulouse,Utopia Borderouge,L125,https://toulouse.cinemas-utopia.org/film/?id=13696,toulouse
F0040,film,2026-09-08,Toulouse,Utopia Borderouge,L125,https://toulouse.cinemas-utopia.org/film/?id=13042,toulouse
F0035,film,2026-09-08,Toulouse,Utopia Borderouge,L125,https://toulouse.cinemas-utopia.org/film/?id=13722,toulouse
F0005,film,2026-09-08,Tournefeuille,Utopia Tournefeuille,L126,https://toulouse.cinemas-utopia.org/film/?id=13457,toulouse
F0037,film,2026-09-08,Tournefeuille,Utopia Tournefeuille,L126,https://toulouse.cinemas-utopia.org/film/?id=13251,toulouse
F0020,film,2026-09-08,Tournefeuille,Utopia Tournefeuille,L126,"https://relay.mvtx.us/ticketing/dbz?code_theater=P3404&gid_entity=movie.movie._.294280&tags=Localization.Language.French,Format.Projection.Digital&perfd=20260908&perft=13:30&code=VF",toulouse
F0046,film,2026-09-08,Tournefeuille,Utopia Tournefeuille,L126,https://toulouse.cinemas-utopia.org/film?id=13251,toulouse
F0022,film,2026-09-08,Tournefeuille,Utopia Tournefeuille,L126,https://toulouse.cinemas-utopia.org/film/?id=13949,toulouse
F0025,film,2026-09-08,Tournefeuille,Utopia Tournefeuille,L126,https://toulouse.cinemas-utopia.org/film/?id=13808,toulouse
F0023,film,2026-09-08,Tournefeuille,Utopia Tournefeuille,L126,https://toulouse.cinemas-utopia.org/film/?id=11952,toulouse
F0010,film,2026-09-08,Tournefeuille,Utopia Tournefeuille,L126,https://toulouse.cinemas-utopia.org/film/?id=13449,toulouse
F0049,film,2026-09-08,Tournefeuille,Utopia Tournefeuille,L126,https://toulouse.cinemas-utopia.org/film/?id=13765,toulouse
F0034,film,2026-09-08,Tournefeuille,Utopia Tournefeuille,L126,https://toulouse.cinemas-utopia.org/film/?id=13462,toulouse
F0015,film,2026-09-08,Tournefeuille,Utopia Tournefeuille,L126,"https://relay.mvtx.us/ticketing/dbz?code_theater=P3404&gid_entity=movie.movie._.294281&tags=Localization.Language.French,Format.Projection.Digital&perfd=20260908&perft=16:40&code=VF",toulouse
F0044,film,2026-09-08,Tournefeuille,Utopia Tournefeuille,L126,https://toulouse.cinemas-utopia.org/film?id=13462,toulouse
F0012,film,2026-09-08,Tournefeuille,Utopia Tournefeuille,L126,https://toulouse.cinemas-utopia.org/film/?id=13805,toulouse
F0013,film,2026-09-08,Tournefeuille,Utopia Tournefeuille,L126,https://toulouse.cinemas-utopia.org/film/?id=13459,toulouse
F0028,film,2026-09-08,Tournefeuille,Utopia Tournefeuille,L126,https://toulouse.cinemas-utopia.org/film/?id=13804,toulouse
F0039,film,2026-09-08,Tournefeuille,Utopia Tournefeuille,L126,https://toulouse.cinemas-utopia.org/film/?id=13809,toulouse
F0075,film,2026-09-08,Toulouse,Cinéma ABC,L127,"https://relay.mvtx.us/ticketing/dbz?code_theater=P0071&gid_entity=movie.movie._.6796&tags=Showtime.Accessibility.Subtitled,Localization.Version.Original,Showtime.Accessibility.Accessible,Format.Projection.Digital&perfd=20260908&perft=12:40&code=VO; SUBTITLE; DISABLED ACCESS",toulouse
F0042,film,2026-09-08,Toulouse,Cinéma ABC,L127,"https://relay.mvtx.us/ticketing/dbz?code_theater=P0071&gid_entity=movie.movie._.308394&tags=Showtime.Accessibility.Subtitled,Localization.Version.Original,Showtime.Accessibility.Accessible,Format.Projection.Digital&perfd=20260908&perft=12:50&code=VO; SUBTITLE; DISABLED ACCESS",toulouse
F0058,film,2026-09-08,Toulouse,Cinéma ABC,L127,"https://relay.mvtx.us/ticketing/dbz?code_theater=P0071&gid_entity=movie.movie._.1000032278&tags=Showtime.Accessibility.Subtitled,Localization.Version.Original,Showtime.Accessibility.Accessible,Format.Projection.Digital&perfd=20260908&perft=13:45&code=VO; SUBTITLE; DISABLED ACCESS",toulouse
F0022,film,2026-09-08,Toulouse,Cinéma ABC,L127,"https://relay.mvtx.us/ticketing/dbz?code_theater=P0071&gid_entity=movie.movie._.300784&tags=Localization.Language.French,Showtime.Accessibility.Accessible,Format.Projection.Digital&perfd=20260908&perft=14:45&code=VF; DISABLED ACCESS",toulouse
F0005,film,2026-09-08,Toulouse,Cinéma ABC,L127,"https://relay.mvtx.us/ticketing/dbz?code_theater=P0071&gid_entity=movie.movie._.188280&tags=Showtime.Accessibility.Subtitled,Localization.Version.Original,Showtime.Accessibility.Accessible,Format.Projection.Digital&perfd=20260908&perft=14:50&code=VO; SUBTITLE; DISABLED ACCESS",toulouse
F0012,film,2026-09-08,Toulouse,Cinéma ABC,L127,"https://relay.mvtx.us/ticketing/dbz?code_theater=P0071&gid_entity=movie.movie._.327993&tags=Showtime.Accessibility.Subtitled,Showtime.Accessibility.OpenCaption,Localization.Language.French,Showtime.Accessibility.Accessible,Format.Projection.Digital&perfd=20260908&perft=16:00&code=SUBTITLE; SUBTITLE OCAP; VF; DISABLED ACCESS",toulouse
F0025,film,2026-09-08,Toulouse,Cinéma ABC,L127,"https://relay.mvtx.us/ticketing/dbz?code_theater=P0071&gid_entity=movie.movie._.1000022260&tags=Showtime.Accessibility.Subtitled,Localization.Version.Original,Showtime.Accessibility.Accessible,Format.Projection.Digital&perfd=20260908&perft=16:30&code=VO; SUBTITLE; DISABLED ACCESS",toulouse
F0026,film,2026-09-08,Toulouse,Cinéma ABC,L127,"https://relay.mvtx.us/ticketing/dbz?code_theater=P0071&gid_entity=movie.movie._.1000041528&tags=Localization.Language.French,Showtime.Accessibility.Accessible,Format.Projection.Digital&perfd=20260908&perft=18:40&code=VF; DISABLED ACCESS",toulouse
F0149,film,2026-09-08,Toulouse,Le Cratère,L128,"https://relay.mvtx.us/ticketing/dbz?code_theater=P0056&gid_entity=movie.movie._.493&tags=Localization.Version.Original,Format.Projection.Digital&perfd=20260908&perft=10:00&code=VO",toulouse
F0078,film,2026-09-08,Toulouse,Le Cratère,L128,"https://relay.mvtx.us/ticketing/dbz?code_theater=P0056&gid_entity=movie.movie._.305835&tags=Localization.Version.Original,Format.Projection.Digital&perfd=20260908&perft=12:05&code=VO",toulouse
F0111,film,2026-09-08,Toulouse,Le Cratère,L128,"https://relay.mvtx.us/ticketing/dbz?code_theater=P0056&gid_entity=movie.movie._.271212&tags=Localization.Version.Original,Format.Projection.Digital&perfd=20260908&perft=14:55&code=VO",toulouse
F0082,film,2026-09-08,Toulouse,Le Cratère,L128,"https://relay.mvtx.us/ticketing/dbz?code_theater=P0056&gid_entity=movie.movie._.325471&tags=Localization.Version.Original,Format.Projection.Digital&perfd=20260908&perft=18:10&code=VO",toulouse
F0010,film,2026-09-08,Toulouse,Le Cratère,L128,"https://relay.mvtx.us/ticketing/dbz?code_theater=P0056&gid_entity=movie.movie._.1000037046&tags=Localization.Version.Original,Format.Projection.Digital&perfd=20260908&perft=21:25&code=VO",toulouse
A0126,live,2026-09-08,Toulouse,Couvent / Cloître des Jacobins,L134,https://www.radiofrance.fr/francemusique/evenements/festival-festival-piano-jacobins-du-8-au-30-septembre-2026-6541388,toulouse
F0022,film,2026-09-08,Toulouse,Pathé Toulouse Wilson,L137,https://s.pathe.fr/en/V3358S197149/booking,toulouse
F0003,film,2026-09-08,Toulouse,Pathé Toulouse Wilson,L137,https://s.pathe.fr/en/V3358S197148/booking,toulouse
F0002,film,2026-09-08,Toulouse,Pathé Toulouse Wilson,L137,https://s.pathe.fr/en/V3358S197147/booking,toulouse
F0005,film,2026-09-08,Toulouse,Pathé Toulouse Wilson,L137,https://s.pathe.fr/en/V3358S197150/booking,toulouse
F0020,film,2026-09-08,Toulouse,Pathé Toulouse Wilson,L137,https://s.pathe.fr/en/V3358S197152/booking,toulouse
F0023,film,2026-09-08,Toulouse,Pathé Toulouse Wilson,L137,https://s.pathe.fr/en/V3358S197155/booking,toulouse
F0031,film,2026-09-08,Toulouse,Pathé Toulouse Wilson,L137,https://s.pathe.fr/en/V3358S197157/booking,toulouse
F0001,film,2026-09-08,Toulouse,Pathé Toulouse Wilson,L137,https://s.pathe.fr/en/V3358S197154/booking,toulouse
F0004,film,2026-09-08,Toulouse,Pathé Toulouse Wilson,L137,https://s.pathe.fr/en/V3358S197153/booking,toulouse
F0006,film,2026-09-08,Toulouse,Pathé Toulouse Wilson,L137,https://s.pathe.fr/en/V3358S197156/booking,toulouse
F0012,film,2026-09-08,Toulouse,Pathé Toulouse Wilson,L137,https://s.pathe.fr/en/V3358S197159/booking,toulouse
F0010,film,2026-09-08,Toulouse,Pathé Toulouse Wilson,L137,https://s.pathe.fr/en/V3358S197160/booking,toulouse
F0014,film,2026-09-08,Toulouse,Pathé Toulouse Wilson,L137,https://s.pathe.fr/en/V3358S197161/booking,toulouse
F0009,film,2026-09-08,Toulouse,Pathé Toulouse Wilson,L137,https://s.pathe.fr/en/V3358S197158/booking,toulouse
F0125,film,2026-09-08,Toulouse,Pathé Toulouse Wilson,L137,https://s.pathe.fr/en/V3358S197181/booking,toulouse
F0003,film,2026-09-08,Labège,Pathé Toulouse Labège,L138,https://s.pathe.fr/en/V3364S188985/booking,toulouse
F0004,film,2026-09-08,Labège,Pathé Toulouse Labège,L138,https://s.pathe.fr/en/V3364S188990/booking,toulouse
F0052,film,2026-09-08,Labège,Pathé Toulouse Labège,L138,https://s.pathe.fr/en/V3364S189055/booking,toulouse
F0035,film,2026-09-08,Labège,Pathé Toulouse Labège,L138,https://s.pathe.fr/en/V3364S189257/booking,toulouse
F0002,film,2026-09-08,Labège,Pathé Toulouse Labège,L138,https://s.pathe.fr/en/V3364S188987/booking,toulouse
F0001,film,2026-09-08,Labège,Pathé Toulouse Labège,L138,https://s.pathe.fr/en/V3364S189045/booking,toulouse
F0011,film,2026-09-08,Labège,Pathé Toulouse Labège,L138,https://s.pathe.fr/en/V3364S189054/booking,toulouse
F0006,film,2026-09-08,Labège,Pathé Toulouse Labège,L138,https://s.pathe.fr/en/V3364S188991/booking,toulouse
F0015,film,2026-09-08,Labège,Pathé Toulouse Labège,L138,https://s.pathe.fr/en/V3364S188988/booking,toulouse
F0030,film,2026-09-08,Labège,Pathé Toulouse Labège,L138,https://s.pathe.fr/en/V3364S189050/booking,toulouse
F0019,film,2026-09-08,Labège,Pathé Toulouse Labège,L138,https://s.pathe.fr/en/V3364S189048/booking,toulouse
F0020,film,2026-09-08,Labège,Pathé Toulouse Labège,L138,https://s.pathe.fr/en/V3364S189051/booking,toulouse
F0009,film,2026-09-08,Labège,Pathé Toulouse Labège,L138,https://s.pathe.fr/en/V3364S188993/booking,toulouse
F0008,film,2026-09-08,Labège,Pathé Toulouse Labège,L138,https://s.pathe.fr/en/V3364S188996/booking,toulouse
F0064,film,2026-09-08,Labège,Pathé Toulouse Labège,L138,https://s.pathe.fr/en/V3364S189027/booking,toulouse
F0001,film,2026-09-08,Blagnac,CGR Blagnac,L139,"https://relay.mvtx.us/ticketing/dbz?code_theater=P0692&gid_entity=movie.movie._.276608&tags=Localization.Language.French,Showtime.Accessibility.Accessible,Auditorium.Experience.Ice,Auditorium.Experience.DolbyAtmos&perfd=20260908&perft=10:30&code=Accès PMR; Dolby Atmos; ICE; VF;",toulouse
F0015,film,2026-09-08,Blagnac,CGR Blagnac,L139,"https://relay.mvtx.us/ticketing/dbz?code_theater=P0692&gid_entity=movie.movie._.294281&tags=Localization.Language.French,Showtime.Accessibility.Accessible&perfd=20260908&perft=10:40&code=Accès PMR; VF;",toulouse
F0003,film,2026-09-08,Blagnac,CGR Blagnac,L139,"https://relay.mvtx.us/ticketing/dbz?code_theater=P0692&gid_entity=movie.movie._.1000014969&tags=Localization.Language.French,Showtime.Accessibility.Accessible&perfd=20260908&perft=10:45&code=Accès PMR; VF;",toulouse
F0002,film,2026-09-08,Blagnac,CGR Blagnac,L139,"https://relay.mvtx.us/ticketing/dbz?code_theater=P0692&gid_entity=movie.movie._.1000013045&tags=Localization.Language.French,Showtime.Accessibility.Accessible&perfd=20260908&perft=10:45&code=Accès PMR; VF;",toulouse
F0020,film,2026-09-08,Blagnac,CGR Blagnac,L139,"https://relay.mvtx.us/ticketing/dbz?code_theater=P0692&gid_entity=movie.movie._.294280&tags=Localization.Language.French,Showtime.Accessibility.Accessible&perfd=20260908&perft=10:45&code=Accès PMR; VF;",toulouse
F0014,film,2026-09-08,Blagnac,CGR Blagnac,L139,"https://relay.mvtx.us/ticketing/dbz?code_theater=P0692&gid_entity=movie.movie._.316021&tags=Localization.Language.French,Showtime.Accessibility.Accessible&perfd=20260908&perft=10:45&code=Accès PMR; VF;",toulouse
F0017,film,2026-09-08,Blagnac,CGR Blagnac,L139,"https://relay.mvtx.us/ticketing/dbz?code_theater=P0692&gid_entity=movie.movie._.314942&tags=Localization.Language.French,Showtime.Accessibility.Accessible&perfd=20260908&perft=10:45&code=Accès PMR; VF;",toulouse
F0004,film,2026-09-08,Blagnac,CGR Blagnac,L139,"https://relay.mvtx.us/ticketing/dbz?code_theater=P0692&gid_entity=movie.movie._.1000032856&tags=Localization.Language.French,Showtime.Accessibility.Accessible&perfd=20260908&perft=11:00&code=Accès PMR; VF;",toulouse
F0006,film,2026-09-08,Blagnac,CGR Blagnac,L139,"https://relay.mvtx.us/ticketing/dbz?code_theater=P0692&gid_entity=movie.movie._.314503&tags=Localization.Language.French,Showtime.Accessibility.Accessible&perfd=20260908&perft=11:00&code=Accès PMR; VF;",toulouse
F0010,film,2026-09-08,Blagnac,CGR Blagnac,L139,"https://relay.mvtx.us/ticketing/dbz?code_theater=P0692&gid_entity=movie.movie._.1000037046&tags=Localization.Language.French,Showtime.Accessibility.Accessible&perfd=20260908&perft=11:00&code=Accès PMR; VF;",toulouse
F0030,film,2026-09-08,Blagnac,CGR Blagnac,L139,"https://relay.mvtx.us/ticketing/dbz?code_theater=P0692&gid_entity=movie.movie._.1000019899&tags=Localization.Language.French,Showtime.Accessibility.Accessible&perfd=20260908&perft=11:00&code=Accès PMR; VF;",toulouse
F0019,film,2026-09-08,Blagnac,CGR Blagnac,L139,"https://relay.mvtx.us/ticketing/dbz?code_theater=P0692&gid_entity=movie.movie._.321617&tags=Localization.Language.French,Showtime.Accessibility.Accessible&perfd=20260908&perft=11:00&code=Accès PMR; VF;",toulouse
F0021,film,2026-09-08,Blagnac,CGR Blagnac,L139,"https://relay.mvtx.us/ticketing/dbz?code_theater=P0692&gid_entity=movie.movie._.1000033718&tags=Localization.Language.French,Showtime.Accessibility.Accessible&perfd=20260908&perft=11:00&code=Accès PMR; VF;",toulouse
F0076,film,2026-09-08,Blagnac,CGR Blagnac,L139,"https://relay.mvtx.us/ticketing/dbz?code_theater=P0692&gid_entity=movie.movie._.1000019382&tags=Showtime.Accessibility.Accessible,Localization.Version.Original,Showtime.Accessibility.Subtitled&perfd=20260908&perft=11:00&code=Accès PMR; VOST;",toulouse
F0008,film,2026-09-08,Blagnac,CGR Blagnac,L139,"https://relay.mvtx.us/ticketing/dbz?code_theater=P0692&gid_entity=movie.movie._.1000016503&tags=Localization.Language.French,Showtime.Accessibility.Accessible&perfd=20260908&perft=13:30&code=Accès PMR; VF;",toulouse
F0003,film,2026-09-08,Fenouillet,Kinepolis Fenouillet,L140,https://relay.mvtx.us/ticketing/dbz?code_theater=W3115&gid_entity=movie.movie._.1000014969&tags=Format.Projection.Digital&perfd=20260908&perft=13:30&code=Version Francaise; 2D,toulouse
F0020,film,2026-09-08,Fenouillet,Kinepolis Fenouillet,L140,https://relay.mvtx.us/ticketing/dbz?code_theater=W3115&gid_entity=movie.movie._.294280&tags=Format.Projection.Digital&perfd=20260908&perft=13:30&code=Version Francaise; 2D,toulouse
F0008,film,2026-09-08,Fenouillet,Kinepolis Fenouillet,L140,https://relay.mvtx.us/ticketing/dbz?code_theater=W3115&gid_entity=movie.movie._.1000016503&tags=Format.Projection.Digital&perfd=20260908&perft=13:30&code=Version Francaise; 2D,toulouse
F0030,film,2026-09-08,Fenouillet,Kinepolis Fenouillet,L140,https://relay.mvtx.us/ticketing/dbz?code_theater=W3115&gid_entity=movie.movie._.1000019899&tags=Format.Projection.Digital&perfd=20260908&perft=13:30&code=Version Francaise; 2D,toulouse
F0001,film,2026-09-08,Fenouillet,Kinepolis Fenouillet,L140,https://relay.mvtx.us/ticketing/dbz?code_theater=W3115&gid_entity=movie.movie._.276608&tags=Format.Projection.Digital&perfd=20260908&perft=13:40&code=Version Francaise; 2D Laser Ultra,toulouse
F0004,film,2026-09-08,Fenouillet,Kinepolis Fenouillet,L140,https://relay.mvtx.us/ticketing/dbz?code_theater=W3115&gid_entity=movie.movie._.1000032856&tags=Format.Projection.Digital&perfd=20260908&perft=13:40&code=Version Francaise; 2D,toulouse
F0011,film,2026-09-08,Fenouillet,Kinepolis Fenouillet,L140,https://relay.mvtx.us/ticketing/dbz?code_theater=W3115&gid_entity=movie.movie._.1000002942&tags=Format.Projection.Digital&perfd=20260908&perft=13:40&code=Version Francaise; 2D,toulouse
F0002,film,2026-09-08,Fenouillet,Kinepolis Fenouillet,L140,https://relay.mvtx.us/ticketing/dbz?code_theater=W3115&gid_entity=movie.movie._.1000013045&tags=Format.Projection.Digital&perfd=20260908&perft=14:00&code=Version Francaise; 2D,toulouse
F0006,film,2026-09-08,Fenouillet,Kinepolis Fenouillet,L140,https://relay.mvtx.us/ticketing/dbz?code_theater=W3115&gid_entity=movie.movie._.314503&tags=Format.Projection.Digital&perfd=20260908&perft=15:55&code=Version Francaise; 2D,toulouse
F0021,film,2026-09-08,Fenouillet,Kinepolis Fenouillet,L140,https://relay.mvtx.us/ticketing/dbz?code_theater=W3115&gid_entity=movie.movie._.1000033718&tags=Format.Projection.Digital&perfd=20260908&perft=18:05&code=Version Francaise; 2D,toulouse
F0007,film,2026-09-08,Fenouillet,Kinepolis Fenouillet,L140,https://relay.mvtx.us/ticketing/dbz?code_theater=W3115&gid_entity=movie.movie._.257425&tags=Format.Projection.Digital&perfd=20260908&perft=18:10&code=Version Francaise; 2D,toulouse
F0097,film,2026-09-08,Fenouillet,Kinepolis Fenouillet,L140,https://relay.mvtx.us/ticketing/dbz?code_theater=W3115&gid_entity=movie.movie._.4749&tags=Format.Projection.Digital&perfd=20260908&perft=19:15&code=Version Originale; Sous-titres : Francais; 2D,toulouse
F0393,film,2026-09-08,Fenouillet,Kinepolis Fenouillet,L140,https://relay.mvtx.us/ticketing/dbz?code_theater=W3115&gid_entity=movie.movie._.25744&tags=Format.Projection.Digital&perfd=20260908&perft=20:15&code=Version Francaise; Sous-titres : Francais; 2D,toulouse
F0002,film,2026-09-08,Toulouse,UGC Montaudran,L142,"https://relay.mvtx.us/ticketing/dbz?code_theater=W3140&gid_entity=movie.movie._.1000013045&tags=Showtime.Accessibility.Accessible,Localization.Subtitle.French,Localization.Version.Original,Format.Projection.Digital&perfd=20260908&perft=13:30&code=SME; AUDIO; GRETA; PMR; 2D; VO; ",toulouse
F0003,film,2026-09-08,Toulouse,UGC Montaudran,L142,"https://relay.mvtx.us/ticketing/dbz?code_theater=W3140&gid_entity=movie.movie._.1000014969&tags=Showtime.Accessibility.Accessible,Localization.Version.French,Format.Projection.Digital&perfd=20260908&perft=13:40&code=SME; AUDIO; GRETA; PMR; 2D; VF; ",toulouse
F0001,film,2026-09-08,Toulouse,UGC Montaudran,L142,"https://relay.mvtx.us/ticketing/dbz?code_theater=W3140&gid_entity=movie.movie._.276608&tags=Showtime.Accessibility.Accessible,Localization.Version.French,Format.Projection.Digital&perfd=20260908&perft=13:45&code=SME; AUDIO; GRETA; PMR; 2D; VF; ",toulouse
F0006,film,2026-09-08,Toulouse,UGC Montaudran,L142,"https://relay.mvtx.us/ticketing/dbz?code_theater=W3140&gid_entity=movie.movie._.314503&tags=Showtime.Accessibility.Accessible,Localization.Version.French,Format.Projection.Digital&perfd=20260908&perft=13:50&code=SME; AUDIO; GRETA; PMR; 2D; VF; ",toulouse
F0004,film,2026-09-08,Toulouse,UGC Montaudran,L142,"https://relay.mvtx.us/ticketing/dbz?code_theater=W3140&gid_entity=movie.movie._.1000032856&tags=Showtime.Accessibility.Accessible,Localization.Version.French,Format.Projection.Digital&perfd=20260908&perft=14:00&code=SME; AUDIO; PMR; 2D; VF; ",toulouse
F0005,film,2026-09-08,Toulouse,UGC Montaudran,L142,"https://relay.mvtx.us/ticketing/dbz?code_theater=W3140&gid_entity=movie.movie._.188280&tags=Showtime.Accessibility.Accessible,Localization.Subtitle.French,Localization.Version.Original,Format.Projection.Digital&perfd=20260908&perft=14:10&code=PMR; 2D; VO; ",toulouse
F0016,film,2026-09-08,Toulouse,UGC Montaudran,L142,"https://relay.mvtx.us/ticketing/dbz?code_theater=W3140&gid_entity=movie.movie._.313256&tags=Showtime.Accessibility.Accessible,Localization.Version.French,Format.Projection.Digital&perfd=20260908&perft=16:30&code=SME; AUDIO; GRETA; apd06a; PMR; 2D; VF; ",toulouse
F0018,film,2026-09-08,Toulouse,UGC Montaudran,L142,"https://relay.mvtx.us/ticketing/dbz?code_theater=W3140&gid_entity=movie.movie._.327941&tags=Showtime.Accessibility.Accessible,Localization.Version.French,Format.Projection.Digital&perfd=20260908&perft=20:30&code=PMR; 2D; Aime et Decouvre; VF; ",toulouse
F0013,film,2026-09-08,Ramonville-Saint-Agne,L'Autan,L143,"https://relay.mvtx.us/ticketing/dbz?code_theater=P0881&gid_entity=movie.movie._.1000024105&tags=Showtime.Accessibility.Subtitled,Showtime.Accessibility.OpenCaption,Showtime.Accessibility.VisionImpaired,Localization.Language.French,Showtime.Accessibility.Accessible,Format.Projection.Digital&perfd=20260908&perft=16:30&code=SUBTITLE; SUBTITLE OCAP; VI; VF; DISABLED ACCESS",toulouse
F0182,film,2026-09-08,Ramonville-Saint-Agne,L'Autan,L143,"https://relay.mvtx.us/ticketing/dbz?code_theater=P0881&gid_entity=movie.movie._.296674&tags=Localization.Language.French,Showtime.Accessibility.Accessible,Format.Projection.Digital&perfd=20260908&perft=20:30&code=VF; DISABLED ACCESS",toulouse
F0002,film,2026-09-08,Colomiers,Véo Grand Central Colomiers,L144,"https://relay.mvtx.us/ticketing/dbz?code_theater=P6864&gid_entity=movie.movie._.1000013045&tags=Localization.Version.Original,Format.Projection.Digital,Format.Sound.71&perfd=20260908&perft=13:30",toulouse
F0005,film,2026-09-08,Colomiers,Véo Grand Central Colomiers,L144,"https://relay.mvtx.us/ticketing/dbz?code_theater=P6864&gid_entity=movie.movie._.188280&tags=Localization.Version.Original,Format.Projection.Digital&perfd=20260908&perft=13:30",toulouse
F0004,film,2026-09-08,Colomiers,Véo Grand Central Colomiers,L144,"https://relay.mvtx.us/ticketing/dbz?code_theater=P6864&gid_entity=movie.movie._.1000032856&tags=Localization.Language.French,Format.Projection.Digital&perfd=20260908&perft=13:30",toulouse
F0013,film,2026-09-08,Colomiers,Véo Grand Central Colomiers,L144,"https://relay.mvtx.us/ticketing/dbz?code_theater=P6864&gid_entity=movie.movie._.1000024105&tags=Localization.Version.Original,Format.Projection.Digital&perfd=20260908&perft=13:30",toulouse
F0014,film,2026-09-08,Colomiers,Véo Grand Central Colomiers,L144,"https://relay.mvtx.us/ticketing/dbz?code_theater=P6864&gid_entity=movie.movie._.316021&tags=Localization.Version.Original,Format.Projection.Digital&perfd=20260908&perft=13:30",toulouse
F0015,film,2026-09-08,Colomiers,Véo Grand Central Colomiers,L144,"https://relay.mvtx.us/ticketing/dbz?code_theater=P6864&gid_entity=movie.movie._.294281&tags=Localization.Language.French,Format.Projection.Digital,Format.Sound.71&perfd=20260908&perft=15:25",toulouse
F0001,film,2026-09-08,Colomiers,Véo Grand Central Colomiers,L144,"https://relay.mvtx.us/ticketing/dbz?code_theater=P6864&gid_entity=movie.movie._.276608&tags=Localization.Version.Original,Format.Projection.Digital,Format.Sound.71&perfd=20260908&perft=16:10",toulouse
F0003,film,2026-09-08,Colomiers,Véo Grand Central Colomiers,L144,"https://relay.mvtx.us/ticketing/dbz?code_theater=P6864&gid_entity=movie.movie._.1000014969&tags=Localization.Language.French,Showtime.Accessibility.Dubbed,Format.Projection.Digital,Format.Sound.71&perfd=20260908&perft=16:20",toulouse
F0010,film,2026-09-08,Colomiers,Véo Grand Central Colomiers,L144,"https://relay.mvtx.us/ticketing/dbz?code_theater=P6864&gid_entity=movie.movie._.1000037046&tags=Localization.Language.French,Format.Projection.Digital&perfd=20260908&perft=16:45",toulouse
F0011,film,2026-09-08,Colomiers,Véo Grand Central Colomiers,L144,"https://relay.mvtx.us/ticketing/dbz?code_theater=P6864&gid_entity=movie.movie._.1000002942&tags=Localization.Version.Original,Format.Projection.Digital,Format.Sound.71&perfd=20260908&perft=17:10",toulouse
F0007,film,2026-09-08,Colomiers,Véo Grand Central Colomiers,L144,"https://relay.mvtx.us/ticketing/dbz?code_theater=P6864&gid_entity=movie.movie._.257425&tags=Localization.Language.French,Showtime.Accessibility.Dubbed,Format.Projection.Digital&perfd=20260908&perft=18:25",toulouse
F0006,film,2026-09-08,Colomiers,Véo Grand Central Colomiers,L144,"https://relay.mvtx.us/ticketing/dbz?code_theater=P6864&gid_entity=movie.movie._.314503&tags=Localization.Language.French,Showtime.Accessibility.Dubbed,Format.Projection.Digital,Format.Sound.71&perfd=20260908&perft=18:40",toulouse
F0050,film,2026-09-08,Colomiers,Véo Grand Central Colomiers,L144,"https://relay.mvtx.us/ticketing/dbz?code_theater=P6864&gid_entity=movie.movie._.1000034332&tags=Localization.Language.French,Format.Projection.Digital&perfd=20260908&perft=19:10",toulouse
F0008,film,2026-09-08,Colomiers,Véo Grand Central Colomiers,L144,"https://relay.mvtx.us/ticketing/dbz?code_theater=P6864&gid_entity=movie.movie._.1000016503&tags=Localization.Version.Original,Format.Projection.Digital,Format.Sound.71&perfd=20260908&perft=21:10",toulouse
F0006,film,2026-09-08,Plaisance-du-Touch,Ecran7 Plaisance,L145,"https://relay.mvtx.us/ticketing/dbz?code_theater=P0918&gid_entity=movie.movie._.314503&tags=Localization.Language.French,Showtime.Accessibility.Dubbed,Format.Projection.Digital,Showtime.Accessibility.Accessible&perfd=20260908&perft=13:30",toulouse
F0013,film,2026-09-08,Plaisance-du-Touch,Ecran7 Plaisance,L145,"https://relay.mvtx.us/ticketing/dbz?code_theater=P0918&gid_entity=movie.movie._.1000024105&tags=Localization.Language.French,Format.Projection.Digital,Showtime.Accessibility.Accessible&perfd=20260908&perft=13:30",toulouse
F0061,film,2026-09-08,Plaisance-du-Touch,Ecran7 Plaisance,L145,"https://relay.mvtx.us/ticketing/dbz?code_theater=P0918&gid_entity=movie.movie._.305836&tags=Localization.Version.Original,Format.Projection.Digital,Showtime.Accessibility.Accessible&perfd=20260908&perft=13:30",toulouse
F0002,film,2026-09-08,Plaisance-du-Touch,Ecran7 Plaisance,L145,"https://relay.mvtx.us/ticketing/dbz?code_theater=P0918&gid_entity=movie.movie._.1000013045&tags=Localization.Language.French,Showtime.Accessibility.Dubbed,Format.Projection.Digital,Showtime.Accessibility.Accessible&perfd=20260908&perft=15:30",toulouse
F0001,film,2026-09-08,Plaisance-du-Touch,Ecran7 Plaisance,L145,"https://relay.mvtx.us/ticketing/dbz?code_theater=P0918&gid_entity=movie.movie._.276608&tags=Localization.Language.French,Showtime.Accessibility.Dubbed,BoostPos.Image.2D,Format.Projection.Digital,Showtime.Accessibility.Accessible&perfd=20260908&perft=15:45",toulouse
F0004,film,2026-09-08,Plaisance-du-Touch,Ecran7 Plaisance,L145,"https://relay.mvtx.us/ticketing/dbz?code_theater=P0918&gid_entity=movie.movie._.1000032856&tags=Localization.Language.French,Format.Projection.Digital,Showtime.Accessibility.Accessible&perfd=20260908&perft=18:45",toulouse
F0182,film,2026-09-08,Plaisance-du-Touch,Ecran7 Plaisance,L145,"https://relay.mvtx.us/ticketing/dbz?code_theater=P0918&gid_entity=movie.movie._.296674&tags=Localization.Language.French,Format.Projection.Digital,Showtime.Accessibility.Accessible&perfd=20260908&perft=20:45",toulouse
F0004,film,2026-09-08,Castelginest,Le Castelia,L146,"https://relay.mvtx.us/ticketing/dbz?code_theater=P0583&gid_entity=movie.movie._.1000032856&tags=Localization.Language.French,Showtime.Accessibility.Accessible,Format.Projection.Digital&perfd=20260908&perft=20:30&code=VF; DISABLED ACCESS",toulouse
F0003,film,2026-09-08,Muret,Véo Muret,L147,"https://relay.mvtx.us/ticketing/dbz?code_theater=W3161&gid_entity=movie.movie._.1000014969&tags=Localization.Language.French,Showtime.Accessibility.Dubbed,Format.Projection.Digital&perfd=20260908&perft=14:00",toulouse
F0002,film,2026-09-08,Muret,Véo Muret,L147,"https://relay.mvtx.us/ticketing/dbz?code_theater=W3161&gid_entity=movie.movie._.1000013045&tags=Localization.Version.Original,Format.Projection.Digital&perfd=20260908&perft=14:00",toulouse
F0005,film,2026-09-08,Muret,Véo Muret,L147,"https://relay.mvtx.us/ticketing/dbz?code_theater=W3161&gid_entity=movie.movie._.188280&tags=Localization.Version.Original,Format.Projection.Digital&perfd=20260908&perft=14:00",toulouse
F0004,film,2026-09-08,Muret,Véo Muret,L147,"https://relay.mvtx.us/ticketing/dbz?code_theater=W3161&gid_entity=movie.movie._.1000032856&tags=Localization.Language.French,Format.Projection.Digital&perfd=20260908&perft=14:00",toulouse
F0013,film,2026-09-08,Muret,Véo Muret,L147,"https://relay.mvtx.us/ticketing/dbz?code_theater=W3161&gid_entity=movie.movie._.1000024105&tags=Localization.Version.Original,Format.Projection.Digital&perfd=20260908&perft=14:00",toulouse
F0008,film,2026-09-08,Muret,Véo Muret,L147,"https://relay.mvtx.us/ticketing/dbz?code_theater=W3161&gid_entity=movie.movie._.1000016503&tags=Localization.Language.French,Showtime.Accessibility.Dubbed,Format.Projection.Digital&perfd=20260908&perft=14:00",toulouse
F0014,film,2026-09-08,Muret,Véo Muret,L147,"https://relay.mvtx.us/ticketing/dbz?code_theater=W3161&gid_entity=movie.movie._.316021&tags=Localization.Version.Original,Format.Projection.Digital&perfd=20260908&perft=16:00",toulouse
F0011,film,2026-09-08,Muret,Véo Muret,L147,"https://relay.mvtx.us/ticketing/dbz?code_theater=W3161&gid_entity=movie.movie._.1000002942&tags=Localization.Language.French,Showtime.Accessibility.Dubbed,Format.Projection.Digital&perfd=20260908&perft=16:10",toulouse
F0020,film,2026-09-08,Muret,Véo Muret,L147,"https://relay.mvtx.us/ticketing/dbz?code_theater=W3161&gid_entity=movie.movie._.294280&tags=Localization.Language.French,Format.Projection.Digital&perfd=20260908&perft=17:30",toulouse
F0001,film,2026-09-08,Muret,Véo Muret,L147,"https://relay.mvtx.us/ticketing/dbz?code_theater=W3161&gid_entity=movie.movie._.276608&tags=Localization.Language.French,Format.Projection.Digital&perfd=20260908&perft=18:00",toulouse
F0006,film,2026-09-08,Muret,Véo Muret,L147,"https://relay.mvtx.us/ticketing/dbz?code_theater=W3161&gid_entity=movie.movie._.314503&tags=Localization.Language.French,Showtime.Accessibility.Dubbed,Format.Projection.Digital&perfd=20260908&perft=18:30",toulouse
F0026,film,2026-09-08,Muret,Véo Muret,L147,"https://relay.mvtx.us/ticketing/dbz?code_theater=W3161&gid_entity=movie.movie._.1000041528&tags=Localization.Language.French,Format.Projection.Digital&perfd=20260908&perft=21:00",toulouse
F0026,film,2026-09-08,Castanet-Tolosan,MJC Ciné 113,L148,"https://relay.mvtx.us/ticketing/dbz?code_theater=P2235&gid_entity=movie.movie._.1000041528&tags=Localization.Language.French,Format.Projection.Digital&perfd=20260908&perft=14:15&code=VF",toulouse
F0013,film,2026-09-08,Castanet-Tolosan,MJC Ciné 113,L148,"https://relay.mvtx.us/ticketing/dbz?code_theater=P2235&gid_entity=movie.movie._.1000024105&tags=Localization.Language.French,Format.Projection.Digital&perfd=20260908&perft=16:30&code=VF",toulouse
F0006,film,2026-09-08,Castanet-Tolosan,MJC Ciné 113,L148,"https://relay.mvtx.us/ticketing/dbz?code_theater=P2235&gid_entity=movie.movie._.314503&tags=Localization.Language.French,Format.Projection.Digital&perfd=20260908&perft=20:15&code=VF",toulouse
A0273,live,2026-09-09,Toulouse,Théâtre Les 3 T,L047,https://new.3tcafetheatre.com/spectacle/chers-parents/,toulouse
A0002,live,2026-09-09,Toulouse,Théâtre Les 3 T,L047,https://new.3tcafetheatre.com/spectacle/les-faux-british/,toulouse
A0283,live,2026-09-09,Toulouse,Le Taquin,L075,https://www.le-taquin.fr/programmation/jam1-en-mixite-choisie/?wcs_timestamp=1788985800,toulouse
A0423,live,2026-09-09,Toulouse,Le Bijou,L078,https://www.le-bijou.net/event-details/le-lukaraoke-17,toulouse
A0256,live,2026-09-09,Toulouse,Les Jardins de Candie,L092,https://lesjardinsdecandie.com/,toulouse
F0005,film,2026-09-09,Toulouse,Utopia Borderouge,L125,https://toulouse.cinemas-utopia.org/film/?id=13457,toulouse
F0035,film,2026-09-09,Toulouse,Utopia Borderouge,L125,https://toulouse.cinemas-utopia.org/film/?id=13722,toulouse
F0026,film,2026-09-09,Toulouse,Utopia Borderouge,L125,https://toulouse.cinemas-utopia.org/film/?id=13696,toulouse
F0065,film,2026-09-09,Toulouse,Utopia Borderouge,L125,https://toulouse.cinemas-utopia.org/film/?id=13430,toulouse
F0018,film,2026-09-09,Toulouse,Utopia Borderouge,L125,https://toulouse.cinemas-utopia.org/film/?id=13474,toulouse
F0055,film,2026-09-09,Toulouse,Utopia Borderouge,L125,https://toulouse.cinemas-utopia.org/film/?id=13957,toulouse
F0013,film,2026-09-09,Toulouse,Utopia Borderouge,L125,https://toulouse.cinemas-utopia.org/film/?id=13459,toulouse
F0006,film,2026-09-09,Toulouse,Utopia Borderouge,L125,https://toulouse.cinemas-utopia.org/film/?id=14045,toulouse
F0068,film,2026-09-09,Toulouse,Utopia Borderouge,L125,https://toulouse.cinemas-utopia.org/film/?id=14060,toulouse
F0069,film,2026-09-09,Toulouse,Utopia Borderouge,L125,https://toulouse.cinemas-utopia.org/film/?id=13240,toulouse
F0072,film,2026-09-09,Toulouse,Utopia Borderouge,L125,https://toulouse.cinemas-utopia.org/film?id=13240,toulouse
F0010,film,2026-09-09,Toulouse,Utopia Borderouge,L125,https://toulouse.cinemas-utopia.org/film/?id=13449,toulouse
F0056,film,2026-09-09,Toulouse,Utopia Borderouge,L125,https://toulouse.cinemas-utopia.org/film/?id=13551,toulouse
F0005,film,2026-09-09,Tournefeuille,Utopia Tournefeuille,L126,https://toulouse.cinemas-utopia.org/film/?id=13457,toulouse
F0023,film,2026-09-09,Tournefeuille,Utopia Tournefeuille,L126,https://toulouse.cinemas-utopia.org/film/?id=11952,toulouse
F0018,film,2026-09-09,Tournefeuille,Utopia Tournefeuille,L126,https://toulouse.cinemas-utopia.org/film/?id=13474,toulouse
F0036,film,2026-09-09,Tournefeuille,Utopia Tournefeuille,L126,https://toulouse.cinemas-utopia.org/film/?id=13475,toulouse
F0067,film,2026-09-09,Tournefeuille,Utopia Tournefeuille,L126,https://toulouse.cinemas-utopia.org/film/?id=13760,toulouse
F0091,film,2026-09-09,Tournefeuille,Utopia Tournefeuille,L126,https://toulouse.cinemas-utopia.org/film/?id=13962,toulouse
F0092,film,2026-09-09,Tournefeuille,Utopia Tournefeuille,L126,"https://relay.mvtx.us/ticketing/dbz?code_theater=P3404&gid_entity=movie.movie._.1000041095&tags=Localization.Language.French,Format.Projection.Digital&perfd=20260909&perft=16:15&code=VF",toulouse
F0027,film,2026-09-09,Tournefeuille,Utopia Tournefeuille,L126,https://toulouse.cinemas-utopia.org/film/?id=13806,toulouse
F0096,film,2026-09-09,Tournefeuille,Utopia Tournefeuille,L126,https://toulouse.cinemas-utopia.org/film/?id=6729,toulouse
F0025,film,2026-09-09,Tournefeuille,Utopia Tournefeuille,L126,https://toulouse.cinemas-utopia.org/film/?id=13808,toulouse
F0012,film,2026-09-09,Tournefeuille,Utopia Tournefeuille,L126,https://toulouse.cinemas-utopia.org/film/?id=13805,toulouse
F0039,film,2026-09-09,Tournefeuille,Utopia Tournefeuille,L126,https://toulouse.cinemas-utopia.org/film/?id=13809,toulouse
F0022,film,2026-09-09,Tournefeuille,Utopia Tournefeuille,L126,https://toulouse.cinemas-utopia.org/film/?id=13949,toulouse
F0047,film,2026-09-09,Tournefeuille,Utopia Tournefeuille,L126,https://toulouse.cinemas-utopia.org/film/?id=13952,toulouse
F0150,film,2026-09-09,Toulouse,Le Cratère,L128,"https://relay.mvtx.us/ticketing/dbz?code_theater=P0056&gid_entity=movie.movie._.1000015418&tags=Localization.Version.Original,Format.Projection.Digital&perfd=20260909&perft=10:00&code=VO",toulouse
F0077,film,2026-09-09,Toulouse,Le Cratère,L128,"https://relay.mvtx.us/ticketing/dbz?code_theater=P0056&gid_entity=movie.movie._.1000027856&tags=Localization.Version.Original,Format.Projection.Digital&perfd=20260909&perft=11:50&code=VO",toulouse
F0139,film,2026-09-09,Toulouse,Le Cratère,L128,"https://relay.mvtx.us/ticketing/dbz?code_theater=P0056&gid_entity=movie.movie._.1000035100&tags=Localization.Version.Original,Format.Projection.Digital&perfd=20260909&perft=14:00&code=VO",toulouse
F0013,film,2026-09-09,Toulouse,Le Cratère,L128,"https://relay.mvtx.us/ticketing/dbz?code_theater=P0056&gid_entity=movie.movie._.1000024105&tags=Localization.Version.Original,Format.Projection.Digital&perfd=20260909&perft=15:20&code=VO",toulouse
F0062,film,2026-09-09,Toulouse,Le Cratère,L128,"https://relay.mvtx.us/ticketing/dbz?code_theater=P0056&gid_entity=movie.movie._.1000029301&tags=Localization.Version.Original,Format.Projection.Digital&perfd=20260909&perft=18:45&code=VO",toulouse
F0061,film,2026-09-09,Toulouse,Le Cratère,L128,"https://relay.mvtx.us/ticketing/dbz?code_theater=P0056&gid_entity=movie.movie._.305836&tags=Localization.Version.Original,Format.Projection.Digital&perfd=20260909&perft=20:25&code=VO",toulouse
A0127,live,2026-09-09,Toulouse,Couvent / Cloître des Jacobins,L134,https://www.radiofrance.fr/francemusique/evenements/festival-festival-piano-jacobins-du-8-au-30-septembre-2026-6541388,toulouse
F0102,film,2026-09-09,Toulouse,Pathé Toulouse Wilson,L137,,toulouse
F0109,film,2026-09-09,Labège,Pathé Toulouse Labège,L138,,toulouse
F0112,film,2026-09-09,Fenouillet,Kinepolis Fenouillet,L140,"https://relay.mvtx.us/ticketing/dbz?code_theater=W3115&gid_entity=movie.movie._.186636&tags=Auditorium.Experience.ScreenX,Format.Projection.Digital&perfd=20260909&perft=14:00&code=Version Francaise; Screen X 2D",toulouse
F0001,film,2026-09-09,Fenouillet,Kinepolis Fenouillet,L140,"https://relay.mvtx.us/ticketing/dbz?code_theater=W3115&gid_entity=movie.movie._.276608&tags=Auditorium.Experience.ScreenX,Format.Projection.Digital&perfd=20260909&perft=17:00&code=Version Francaise; Screen X 2D",toulouse
F0161,film,2026-09-09,Fenouillet,Kinepolis Fenouillet,L140,"https://relay.mvtx.us/ticketing/dbz?code_theater=W3115&gid_entity=movie.movie._.282076&tags=Auditorium.Experience.ScreenX,Format.Projection.Digital&perfd=20260909&perft=20:00&code=Version Francaise; Screen X 2D",toulouse
F0128,film,2026-09-09,Fenouillet,Kinepolis Fenouillet,L140,https://relay.mvtx.us/ticketing/dbz?code_theater=W3115&gid_entity=movie.movie._.1000004458&tags=Format.Projection.Digital&perfd=20260909&perft=20:15&code=Version Francaise; 2D,toulouse
F0057,film,2026-09-09,Toulouse,UGC Montaudran,L142,"https://relay.mvtx.us/ticketing/dbz?code_theater=W3140&gid_entity=movie.movie._.1000026039&tags=Showtime.Accessibility.Accessible,Localization.Version.French,Format.Projection.Digital&perfd=20260909&perft=20:30&code=PMR; 2D; Aime et Decouvre; VF; ",toulouse
F0035,film,2026-09-09,Ramonville-Saint-Agne,L'Autan,L143,"https://relay.mvtx.us/ticketing/dbz?code_theater=P0881&gid_entity=movie.movie._.1000019327&tags=Localization.Language.French,Showtime.Accessibility.Accessible,Format.Projection.Digital&perfd=20260909&perft=18:30&code=VF; DISABLED ACCESS",toulouse
F0078,film,2026-09-09,Ramonville-Saint-Agne,L'Autan,L143,"https://relay.mvtx.us/ticketing/dbz?code_theater=P0881&gid_entity=movie.movie._.305835&tags=Showtime.Accessibility.Subtitled,Localization.Version.Original,Showtime.Accessibility.Accessible,Format.Projection.Digital&perfd=20260909&perft=20:30&code=VO; SUBTITLE; DISABLED ACCESS",toulouse
F0011,film,2026-09-09,Plaisance-du-Touch,Ecran7 Plaisance,L145,"https://relay.mvtx.us/ticketing/dbz?code_theater=P0918&gid_entity=movie.movie._.1000002942&tags=Localization.Language.French,Showtime.Accessibility.Dubbed,Format.Projection.Digital,Showtime.Accessibility.Accessible&perfd=20260909&perft=14:00",toulouse
F0007,film,2026-09-09,Plaisance-du-Touch,Ecran7 Plaisance,L145,"https://relay.mvtx.us/ticketing/dbz?code_theater=P0918&gid_entity=movie.movie._.257425&tags=Localization.Language.French,Showtime.Accessibility.Dubbed,Format.Projection.Digital,Showtime.Accessibility.Accessible&perfd=20260909&perft=14:00",toulouse
F0014,film,2026-09-09,Plaisance-du-Touch,Ecran7 Plaisance,L145,"https://relay.mvtx.us/ticketing/dbz?code_theater=P0918&gid_entity=movie.movie._.316021&tags=Localization.Language.French,Showtime.Accessibility.Dubbed,Format.Projection.Digital,Showtime.Accessibility.Accessible&perfd=20260909&perft=14:00",toulouse
F0214,film,2026-09-09,Plaisance-du-Touch,Ecran7 Plaisance,L145,"https://relay.mvtx.us/ticketing/dbz?code_theater=P0918&gid_entity=movie.movie._.283952&tags=Localization.Language.French,BoostPos.Autres.Cg,Format.Projection.Digital,Showtime.Accessibility.Accessible&perfd=20260909&perft=15:45",toulouse
F0041,film,2026-09-09,Plaisance-du-Touch,Ecran7 Plaisance,L145,"https://relay.mvtx.us/ticketing/dbz?code_theater=P0918&gid_entity=movie.movie._.323826&tags=Localization.Language.French,Format.Projection.Digital,Showtime.Accessibility.Accessible&perfd=20260909&perft=16:00",toulouse
F0003,film,2026-09-09,Plaisance-du-Touch,Ecran7 Plaisance,L145,"https://relay.mvtx.us/ticketing/dbz?code_theater=P0918&gid_entity=movie.movie._.1000014969&tags=Localization.Language.French,Showtime.Accessibility.Dubbed,Format.Projection.Digital,Showtime.Accessibility.Accessible&perfd=20260909&perft=18:15",toulouse
F0005,film,2026-09-09,Plaisance-du-Touch,Ecran7 Plaisance,L145,"https://relay.mvtx.us/ticketing/dbz?code_theater=P0918&gid_entity=movie.movie._.188280&tags=Localization.Version.Original,Format.Projection.Digital,Showtime.Accessibility.Accessible&perfd=20260909&perft=18:15",toulouse
F0033,film,2026-09-09,Plaisance-du-Touch,Ecran7 Plaisance,L145,"https://relay.mvtx.us/ticketing/dbz?code_theater=P0918&gid_entity=movie.movie._.1000023007&tags=Localization.Version.Original,Format.Projection.Digital,Showtime.Accessibility.Accessible&perfd=20260909&perft=18:30",toulouse
F0001,film,2026-09-09,Plaisance-du-Touch,Ecran7 Plaisance,L145,"https://relay.mvtx.us/ticketing/dbz?code_theater=P0918&gid_entity=movie.movie._.276608&tags=Localization.Language.French,Showtime.Accessibility.Dubbed,BoostPos.Image.2D,Format.Projection.Digital,Showtime.Accessibility.Accessible&perfd=20260909&perft=20:45",toulouse
F0006,film,2026-09-09,Plaisance-du-Touch,Ecran7 Plaisance,L145,"https://relay.mvtx.us/ticketing/dbz?code_theater=P0918&gid_entity=movie.movie._.314503&tags=Localization.Version.Original,Format.Projection.Digital,Showtime.Accessibility.Accessible&perfd=20260909&perft=21:00",toulouse
F0011,film,2026-09-09,Castelginest,Le Castelia,L146,"https://relay.mvtx.us/ticketing/dbz?code_theater=P0583&gid_entity=movie.movie._.1000002942&tags=Localization.Language.French,Showtime.Accessibility.Accessible,Format.Projection.Digital&perfd=20260909&perft=18:30&code=VF; DISABLED ACCESS",toulouse
F0005,film,2026-09-09,Castelginest,Le Castelia,L146,"https://relay.mvtx.us/ticketing/dbz?code_theater=P0583&gid_entity=movie.movie._.188280&tags=Showtime.Accessibility.Subtitled,Localization.Version.Original,Showtime.Accessibility.Accessible,Format.Projection.Digital&perfd=20260909&perft=20:30&code=VO; SUBTITLE; DISABLED ACCESS",toulouse
F0030,film,2026-09-09,Castanet-Tolosan,MJC Ciné 113,L148,"https://relay.mvtx.us/ticketing/dbz?code_theater=P2235&gid_entity=movie.movie._.1000019899&tags=Localization.Language.French,Format.Projection.Digital&perfd=20260909&perft=14:15&code=VF",toulouse
F0035,film,2026-09-09,Castanet-Tolosan,MJC Ciné 113,L148,"https://relay.mvtx.us/ticketing/dbz?code_theater=P2235&gid_entity=movie.movie._.1000019327&tags=Localization.Language.French,Format.Projection.Digital&perfd=20260909&perft=17:15&code=VF",toulouse
F0019,film,2026-09-09,Castanet-Tolosan,MJC Ciné 113,L148,"https://relay.mvtx.us/ticketing/dbz?code_theater=P2235&gid_entity=movie.movie._.321617&tags=Localization.Language.French,Format.Projection.Digital&perfd=20260909&perft=20:15&code=VF",toulouse
A0353,live,2026-09-09,Lasserre-Pradère,Café associatif Le Buv'Art,L153,https://foyerrurallasserrepradere.fr/agenda/agenda-culturel-le-buvart/lecture-pour-les-tout-petits-7083520,toulouse
A0284,live,2026-09-09,Toulouse,Place Geneviève Anthonioz-de Gaulle (Bagatelle),L156,https://festivalramonville-arto.fr/programmation/festival-2026,toulouse
A0285,live,2026-09-10,Toulouse,Théâtre Les 3 T,L047,https://new.3tcafetheatre.com/spectacle/psy-sex-and-fun/,toulouse
A0018,live,2026-09-10,Toulouse,Théâtre Les 3 T,L047,https://new.3tcafetheatre.com/spectacle/fabien-olicard-experimente/,toulouse
A0286,live,2026-09-10,Toulouse,Le Taquin,L075,https://billetterie.festik.net/le-taquin/product/datziragrain___-presente-echo-jazz/,toulouse
A0424,live,2026-09-10,Toulouse,Le Bijou,L078,https://www.le-bijou.net/event-details/tioma,toulouse
A0003,live,2026-09-10,Toulouse,Les Jardins de Candie,L092,https://lesjardinsdecandie.com/,toulouse
F0018,film,2026-09-10,Toulouse,Utopia Borderouge,L125,https://toulouse.cinemas-utopia.org/film/?id=13474,toulouse
F0051,film,2026-09-10,Toulouse,Utopia Borderouge,L125,https://toulouse.cinemas-utopia.org/film/?id=13341,toulouse
F0033,film,2026-09-10,Toulouse,Utopia Borderouge,L125,https://toulouse.cinemas-utopia.org/film/?id=13754,toulouse
F0037,film,2026-09-10,Toulouse,Utopia Borderouge,L125,https://toulouse.cinemas-utopia.org/film/?id=13251,toulouse
F0046,film,2026-09-10,Toulouse,Utopia Borderouge,L125,https://toulouse.cinemas-utopia.org/film?id=13251,toulouse
F0056,film,2026-09-10,Toulouse,Utopia Borderouge,L125,https://toulouse.cinemas-utopia.org/film/?id=13551,toulouse
F0005,film,2026-09-10,Toulouse,Utopia Borderouge,L125,https://toulouse.cinemas-utopia.org/film/?id=13457,toulouse
F0035,film,2026-09-10,Toulouse,Utopia Borderouge,L125,https://toulouse.cinemas-utopia.org/film/?id=13722,toulouse
F0034,film,2026-09-10,Toulouse,Utopia Borderouge,L125,https://toulouse.cinemas-utopia.org/film/?id=13462,toulouse
F0044,film,2026-09-10,Toulouse,Utopia Borderouge,L125,https://toulouse.cinemas-utopia.org/film?id=13462,toulouse
F0069,film,2026-09-10,Toulouse,Utopia Borderouge,L125,https://toulouse.cinemas-utopia.org/film/?id=13240,toulouse
F0072,film,2026-09-10,Toulouse,Utopia Borderouge,L125,https://toulouse.cinemas-utopia.org/film?id=13240,toulouse
F0013,film,2026-09-10,Toulouse,Utopia Borderouge,L125,https://toulouse.cinemas-utopia.org/film/?id=13459,toulouse
F0010,film,2026-09-10,Toulouse,Utopia Borderouge,L125,https://toulouse.cinemas-utopia.org/film/?id=13449,toulouse
F0002,film,2026-09-10,Toulouse,Utopia Borderouge,L125,https://toulouse.cinemas-utopia.org/film/?id=13767,toulouse
F0006,film,2026-09-10,Toulouse,Utopia Borderouge,L125,https://toulouse.cinemas-utopia.org/film/?id=14045,toulouse
F0022,film,2026-09-10,Tournefeuille,Utopia Tournefeuille,L126,https://toulouse.cinemas-utopia.org/film/?id=13949,toulouse
F0018,film,2026-09-10,Tournefeuille,Utopia Tournefeuille,L126,https://toulouse.cinemas-utopia.org/film/?id=13474,toulouse
F0047,film,2026-09-10,Tournefeuille,Utopia Tournefeuille,L126,https://toulouse.cinemas-utopia.org/film/?id=13952,toulouse
F0025,film,2026-09-10,Tournefeuille,Utopia Tournefeuille,L126,https://toulouse.cinemas-utopia.org/film/?id=13808,toulouse
F0012,film,2026-09-10,Tournefeuille,Utopia Tournefeuille,L126,https://toulouse.cinemas-utopia.org/film/?id=13805,toulouse
F0013,film,2026-09-10,Tournefeuille,Utopia Tournefeuille,L126,https://toulouse.cinemas-utopia.org/film/?id=13459,toulouse
F0036,film,2026-09-10,Tournefeuille,Utopia Tournefeuille,L126,https://toulouse.cinemas-utopia.org/film/?id=13475,toulouse
F0039,film,2026-09-10,Tournefeuille,Utopia Tournefeuille,L126,https://toulouse.cinemas-utopia.org/film/?id=13809,toulouse
F0005,film,2026-09-10,Tournefeuille,Utopia Tournefeuille,L126,https://toulouse.cinemas-utopia.org/film/?id=13457,toulouse
F0028,film,2026-09-10,Tournefeuille,Utopia Tournefeuille,L126,https://toulouse.cinemas-utopia.org/film/?id=13804,toulouse
F0023,film,2026-09-10,Tournefeuille,Utopia Tournefeuille,L126,https://toulouse.cinemas-utopia.org/film/?id=11952,toulouse
F0027,film,2026-09-10,Tournefeuille,Utopia Tournefeuille,L126,https://toulouse.cinemas-utopia.org/film/?id=13806,toulouse
F0074,film,2026-09-10,Toulouse,Le Cratère,L128,"https://relay.mvtx.us/ticketing/dbz?code_theater=P0056&gid_entity=movie.movie._.282094&tags=Localization.Version.Original,Format.Projection.Digital&perfd=20260910&perft=10:00&code=VO",toulouse
F0040,film,2026-09-10,Toulouse,Le Cratère,L128,"https://relay.mvtx.us/ticketing/dbz?code_theater=P0056&gid_entity=movie.movie._.310112&tags=Localization.Version.Original,Format.Projection.Digital&perfd=20260910&perft=11:40&code=VO",toulouse
F0077,film,2026-09-10,Toulouse,Le Cratère,L128,"https://relay.mvtx.us/ticketing/dbz?code_theater=P0056&gid_entity=movie.movie._.1000027856&tags=Localization.Version.Original,Format.Projection.Digital&perfd=20260910&perft=13:15&code=VO",toulouse
F0070,film,2026-09-10,Toulouse,Le Cratère,L128,"https://relay.mvtx.us/ticketing/dbz?code_theater=P0056&gid_entity=movie.movie._.289867&tags=Localization.Version.Original,Format.Projection.Digital&perfd=20260910&perft=15:30&code=VO",toulouse
F0010,film,2026-09-10,Toulouse,Le Cratère,L128,"https://relay.mvtx.us/ticketing/dbz?code_theater=P0056&gid_entity=movie.movie._.1000037046&tags=Showtime.Accessibility.Subtitled,Localization.Version.Original,Showtime.Accessibility.OpenCaption,Format.Projection.Digital&perfd=20260910&perft=17:35&code=VO; SUBTITLE; SUBTITLE OCAP",toulouse
F0026,film,2026-09-10,Toulouse,Le Cratère,L128,"https://relay.mvtx.us/ticketing/dbz?code_theater=P0056&gid_entity=movie.movie._.1000041528&tags=Localization.Version.Original,Format.Projection.Digital&perfd=20260910&perft=19:00&code=VO",toulouse
F0053,film,2026-09-10,Toulouse,Le Cratère,L128,"https://relay.mvtx.us/ticketing/dbz?code_theater=P0056&gid_entity=movie.movie._.316460&tags=Localization.Version.Original,Format.Projection.Digital&perfd=20260910&perft=20:30&code=VO",toulouse
F0399,film,2026-09-10,Toulouse,Cinémathèque de Toulouse,L131,https://www.lacinemathequedetoulouse.com/programmation/agenda,toulouse
F0424,film,2026-09-10,Toulouse,Cinémathèque de Toulouse,L131,https://www.lacinemathequedetoulouse.com/programmation/projections/37279,toulouse
F0385,film,2026-09-10,Toulouse,Cinémathèque de Toulouse,L131,https://www.lacinemathequedetoulouse.com/programmation/agenda,toulouse
F0342,film,2026-09-10,Toulouse,Cinémathèque de Toulouse,L131,"https://relay.mvtx.us/ticketing/dbz?code_theater=P0062&gid_entity=movie.movie._.29723&tags=Showtime.Accessibility.Subtitled,Localization.Version.Original,Format.Projection.Digital&perfd=20260910&perft=20:30&code=VO; SUBTITLE",toulouse
F0238,film,2026-09-10,Toulouse,Cinémathèque de Toulouse,L131,https://www.lacinemathequedetoulouse.com/programmation/agenda,toulouse
F0237,film,2026-09-10,Toulouse,Cinémathèque de Toulouse,L131,"https://relay.mvtx.us/ticketing/dbz?code_theater=P0062&gid_entity=movie.movie._.115013&tags=Showtime.Accessibility.Subtitled,Localization.Version.Original,Format.Projection.Digital&perfd=20260910&perft=21:00&code=VO; SUBTITLE",toulouse
A0129,live,2026-09-10,Toulouse,Couvent / Cloître des Jacobins,L134,https://www.radiofrance.fr/francemusique/evenements/festival-festival-piano-jacobins-du-8-au-30-septembre-2026-6541388,toulouse
F0145,film,2026-09-10,Toulouse,Pathé Toulouse Wilson,L137,https://s.pathe.fr/en/V3358S194902/booking,toulouse
F0145,film,2026-09-10,Labège,Pathé Toulouse Labège,L138,,toulouse
F0203,film,2026-09-10,Labège,Pathé Toulouse Labège,L138,,toulouse
F0203,film,2026-09-10,Blagnac,CGR Blagnac,L139,"https://relay.mvtx.us/ticketing/dbz?code_theater=P0692&gid_entity=movie.movie._.1000030383&tags=Localization.Language.French,Showtime.Accessibility.Accessible&perfd=20260910&perft=20:15&code=Accès PMR; VF;",toulouse
F0161,film,2026-09-10,Fenouillet,Kinepolis Fenouillet,L140,"https://relay.mvtx.us/ticketing/dbz?code_theater=W3115&gid_entity=movie.movie._.282076&tags=Auditorium.Experience.ScreenX,Format.Projection.Digital&perfd=20260910&perft=13:50&code=Version Francaise; Screen X 2D",toulouse
F0112,film,2026-09-10,Fenouillet,Kinepolis Fenouillet,L140,"https://relay.mvtx.us/ticketing/dbz?code_theater=W3115&gid_entity=movie.movie._.186636&tags=Auditorium.Experience.ScreenX,Format.Projection.Digital&perfd=20260910&perft=17:00&code=Version Francaise; Screen X 2D",toulouse
F0135,film,2026-09-10,Fenouillet,Kinepolis Fenouillet,L140,"https://relay.mvtx.us/ticketing/dbz?code_theater=W3115&gid_entity=movie.movie._.185719&tags=Auditorium.Experience.ScreenX,Format.Projection.Digital&perfd=20260910&perft=20:00&code=Version Francaise; Screen X 2D",toulouse
F0018,film,2026-09-10,Toulouse,American Cosmograph,L141,https://american-cosmograph.fr/,toulouse
F0090,film,2026-09-10,Toulouse,UGC Montaudran,L142,"https://relay.mvtx.us/ticketing/dbz?code_theater=W3140&gid_entity=movie.movie._.1000007388&tags=Showtime.Accessibility.Accessible,Localization.Version.French,Format.Projection.Digital&perfd=20260910&perft=20:00&code=PMR; 2D; Aime et Decouvre; VF; ",toulouse
F0349,film,2026-09-10,Toulouse,UGC Montaudran,L142,"https://relay.mvtx.us/ticketing/dbz?code_theater=W3140&gid_entity=movie.movie._.12992&tags=Showtime.Accessibility.Accessible,Localization.Version.French,Format.Projection.Digital&perfd=20260910&perft=20:30&code=PMR; 2D; VF; ",toulouse
F0053,film,2026-09-10,Ramonville-Saint-Agne,L'Autan,L143,"https://relay.mvtx.us/ticketing/dbz?code_theater=P0881&gid_entity=movie.movie._.316460&tags=Showtime.Accessibility.Subtitled,Localization.Version.Original,Showtime.Accessibility.Accessible,Format.Projection.Digital&perfd=20260910&perft=18:30&code=VO; SUBTITLE; DISABLED ACCESS",toulouse
F0035,film,2026-09-10,Ramonville-Saint-Agne,L'Autan,L143,"https://relay.mvtx.us/ticketing/dbz?code_theater=P0881&gid_entity=movie.movie._.1000019327&tags=Localization.Language.French,Showtime.Accessibility.Accessible,Format.Projection.Digital&perfd=20260910&perft=21:00&code=VF; DISABLED ACCESS",toulouse
F0004,film,2026-09-10,Plaisance-du-Touch,Ecran7 Plaisance,L145,"https://relay.mvtx.us/ticketing/dbz?code_theater=P0918&gid_entity=movie.movie._.1000032856&tags=Localization.Language.French,Format.Projection.Digital,Showtime.Accessibility.Accessible&perfd=20260910&perft=13:45",toulouse
F0041,film,2026-09-10,Plaisance-du-Touch,Ecran7 Plaisance,L145,"https://relay.mvtx.us/ticketing/dbz?code_theater=P0918&gid_entity=movie.movie._.323826&tags=Localization.Language.French,Format.Projection.Digital,Showtime.Accessibility.Accessible&perfd=20260910&perft=14:00",toulouse
F0003,film,2026-09-10,Plaisance-du-Touch,Ecran7 Plaisance,L145,"https://relay.mvtx.us/ticketing/dbz?code_theater=P0918&gid_entity=movie.movie._.1000014969&tags=Localization.Version.Original,Format.Projection.Digital,Showtime.Accessibility.Accessible&perfd=20260910&perft=14:00",toulouse
F0002,film,2026-09-10,Plaisance-du-Touch,Ecran7 Plaisance,L145,"https://relay.mvtx.us/ticketing/dbz?code_theater=P0918&gid_entity=movie.movie._.1000013045&tags=Localization.Version.Original,Format.Projection.Digital,Showtime.Accessibility.Accessible&perfd=20260910&perft=15:30",toulouse
F0005,film,2026-09-10,Plaisance-du-Touch,Ecran7 Plaisance,L145,"https://relay.mvtx.us/ticketing/dbz?code_theater=P0918&gid_entity=movie.movie._.188280&tags=Localization.Version.Original,Format.Projection.Digital,Showtime.Accessibility.Accessible&perfd=20260910&perft=16:00",toulouse
F0001,film,2026-09-10,Plaisance-du-Touch,Ecran7 Plaisance,L145,"https://relay.mvtx.us/ticketing/dbz?code_theater=P0918&gid_entity=movie.movie._.276608&tags=Localization.Language.French,Showtime.Accessibility.Dubbed,BoostPos.Image.2D,Format.Projection.Digital,Showtime.Accessibility.Accessible&perfd=20260910&perft=16:15",toulouse
F0006,film,2026-09-10,Plaisance-du-Touch,Ecran7 Plaisance,L145,"https://relay.mvtx.us/ticketing/dbz?code_theater=P0918&gid_entity=movie.movie._.314503&tags=Localization.Language.French,Showtime.Accessibility.Dubbed,Format.Projection.Digital,Showtime.Accessibility.Accessible&perfd=20260910&perft=18:45",toulouse
F0033,film,2026-09-10,Plaisance-du-Touch,Ecran7 Plaisance,L145,"https://relay.mvtx.us/ticketing/dbz?code_theater=P0918&gid_entity=movie.movie._.1000023007&tags=Localization.Version.Original,Format.Projection.Digital,Showtime.Accessibility.Accessible&perfd=20260910&perft=18:45",toulouse
F0011,film,2026-09-10,Plaisance-du-Touch,Ecran7 Plaisance,L145,"https://relay.mvtx.us/ticketing/dbz?code_theater=P0918&gid_entity=movie.movie._.1000002942&tags=Localization.Language.French,Showtime.Accessibility.Dubbed,Format.Projection.Digital,Showtime.Accessibility.Accessible&perfd=20260910&perft=21:00",toulouse
F0014,film,2026-09-10,Plaisance-du-Touch,Ecran7 Plaisance,L145,"https://relay.mvtx.us/ticketing/dbz?code_theater=P0918&gid_entity=movie.movie._.316021&tags=Localization.Version.Original,Format.Projection.Digital,Showtime.Accessibility.Accessible&perfd=20260910&perft=21:00",toulouse
F0004,film,2026-09-10,Castelginest,Le Castelia,L146,"https://relay.mvtx.us/ticketing/dbz?code_theater=P0583&gid_entity=movie.movie._.1000032856&tags=Showtime.Accessibility.Subtitled,Localization.Language.French,Showtime.Accessibility.Accessible,Format.Projection.Digital&perfd=20260910&perft=18:30&code=SUBTITLE; VF; DISABLED ACCESS",toulouse
F0014,film,2026-09-10,Castelginest,Le Castelia,L146,"https://relay.mvtx.us/ticketing/dbz?code_theater=P0583&gid_entity=movie.movie._.316021&tags=Localization.Language.French,Showtime.Accessibility.Accessible,Format.Projection.Digital&perfd=20260910&perft=20:30&code=VF; DISABLED ACCESS",toulouse
F0057,film,2026-09-10,Muret,Véo Muret,L147,"https://relay.mvtx.us/ticketing/dbz?code_theater=W3161&gid_entity=movie.movie._.1000026039&tags=Localization.Language.French,BoostPos.XpEtLabels.Unipop,Format.Projection.Digital&perfd=20260910&perft=18:30",toulouse
F0013,film,2026-09-10,Castanet-Tolosan,MJC Ciné 113,L148,"https://relay.mvtx.us/ticketing/dbz?code_theater=P2235&gid_entity=movie.movie._.1000024105&tags=Localization.Language.French,Format.Projection.Digital&perfd=20260910&perft=14:00&code=VF",toulouse
F0004,film,2026-09-10,Castanet-Tolosan,MJC Ciné 113,L148,"https://relay.mvtx.us/ticketing/dbz?code_theater=P2235&gid_entity=movie.movie._.1000032856&tags=Localization.Language.French,Format.Projection.Digital&perfd=20260910&perft=18:00&code=VF",toulouse
F0402,film,2026-09-10,Castanet-Tolosan,MJC Ciné 113,L148,https://www.mjc-castanet-tolosan.fr/cinema-cine-113/,toulouse
F0042,film,2026-09-10,Castanet-Tolosan,MJC Ciné 113,L148,"https://relay.mvtx.us/ticketing/dbz?code_theater=P2235&gid_entity=movie.movie._.308394&tags=Localization.Version.Original,Format.Projection.Digital&perfd=20260910&perft=20:15&code=VO",toulouse
A0354,live,2026-09-10,Lasserre-Pradère,Café associatif Le Buv'Art,L153,https://foyerrurallasserrepradere.fr/agenda/agenda-culturel-le-buvart/karaoke-8897278,toulouse
A0287,live,2026-09-10,Labège,Parc Labège-Village,L157,https://festivalramonville-arto.fr/programmation/festival-2026,toulouse
A0019,live,2026-09-11,Toulouse,Théâtre Les 3 T,L047,https://new.3tcafetheatre.com/spectacle/les-clotildes-amour-ex-et-alibi/,toulouse
A0288,live,2026-09-11,Toulouse,Théâtre Les 3 T,L047,https://new.3tcafetheatre.com/spectacle/vacances-de-reve/,toulouse
A0018,live,2026-09-11,Toulouse,Théâtre Les 3 T,L047,https://new.3tcafetheatre.com/spectacle/fabien-olicard-experimente/,toulouse
A0130,live,2026-09-11,Toulouse,Théâtre de Poche,L055,https://theatredepochetoulouse.fr/la-programmation-2/septembre/amareia-en-concert/,toulouse
A0131,live,2026-09-11,Toulouse,Le Taquin,L075,https://billetterie.festik.net/le-taquin/product/chelabom,toulouse
A0132,live,2026-09-11,Toulouse,Le Rex,L076,https://www.lerextoulouse.com/fr/programmation/,toulouse
A0355,live,2026-09-11,Toulouse,Le Rex,L076,https://www.lerextoulouse.com/fr/programmation/hortense-de-beauharnais-all-night-long-/,toulouse
A0425,live,2026-09-11,Toulouse,Le Bijou,L078,https://www.le-bijou.net/event-details/syrano-feat-danielito-de-tryo,toulouse
A0356,live,2026-09-11,Ramonville-Saint-Agne,Le Bikini,L083,https://lebikini.com/2026/09/11/playground-metrik-simula-monty-against-humanity-rinma,toulouse
A0261,live,2026-09-11,Toulouse,Les Jardins de Candie,L092,https://lesjardinsdecandie.com/,toulouse
A0356,live,2026-09-11,Ramonville-Saint-Agne,Le Petit Bikini,L093,https://lebikini.com/2026/09/11/playground-metrik-simula-monty-against-humanity-rinma,toulouse
F0033,film,2026-09-11,Toulouse,Utopia Borderouge,L125,https://toulouse.cinemas-utopia.org/film/?id=13754,toulouse
F0051,film,2026-09-11,Toulouse,Utopia Borderouge,L125,https://toulouse.cinemas-utopia.org/film/?id=13341,toulouse
F0002,film,2026-09-11,Toulouse,Utopia Borderouge,L125,https://toulouse.cinemas-utopia.org/film/?id=13767,toulouse
F0026,film,2026-09-11,Toulouse,Utopia Borderouge,L125,https://toulouse.cinemas-utopia.org/film/?id=13696,toulouse
F0010,film,2026-09-11,Toulouse,Utopia Borderouge,L125,https://toulouse.cinemas-utopia.org/film/?id=13449,toulouse
F0068,film,2026-09-11,Toulouse,Utopia Borderouge,L125,https://toulouse.cinemas-utopia.org/film/?id=14060,toulouse
F0013,film,2026-09-11,Toulouse,Utopia Borderouge,L125,https://toulouse.cinemas-utopia.org/film/?id=13459,toulouse
F0018,film,2026-09-11,Toulouse,Utopia Borderouge,L125,https://toulouse.cinemas-utopia.org/film/?id=13474,toulouse
F0056,film,2026-09-11,Toulouse,Utopia Borderouge,L125,https://toulouse.cinemas-utopia.org/film/?id=13551,toulouse
F0037,film,2026-09-11,Toulouse,Utopia Borderouge,L125,https://toulouse.cinemas-utopia.org/film/?id=13251,toulouse
F0046,film,2026-09-11,Toulouse,Utopia Borderouge,L125,https://toulouse.cinemas-utopia.org/film?id=13251,toulouse
F0005,film,2026-09-11,Toulouse,Utopia Borderouge,L125,https://toulouse.cinemas-utopia.org/film/?id=13457,toulouse
F0034,film,2026-09-11,Toulouse,Utopia Borderouge,L125,https://toulouse.cinemas-utopia.org/film/?id=13462,toulouse
F0044,film,2026-09-11,Toulouse,Utopia Borderouge,L125,https://toulouse.cinemas-utopia.org/film?id=13462,toulouse
F0040,film,2026-09-11,Toulouse,Utopia Borderouge,L125,https://toulouse.cinemas-utopia.org/film/?id=13042,toulouse
F0006,film,2026-09-11,Toulouse,Utopia Borderouge,L125,https://toulouse.cinemas-utopia.org/film/?id=14045,toulouse
F0036,film,2026-09-11,Tournefeuille,Utopia Tournefeuille,L126,https://toulouse.cinemas-utopia.org/film/?id=13475,toulouse
F0012,film,2026-09-11,Tournefeuille,Utopia Tournefeuille,L126,https://toulouse.cinemas-utopia.org/film/?id=13805,toulouse
F0023,film,2026-09-11,Tournefeuille,Utopia Tournefeuille,L126,https://toulouse.cinemas-utopia.org/film/?id=11952,toulouse
F0013,film,2026-09-11,Tournefeuille,Utopia Tournefeuille,L126,https://toulouse.cinemas-utopia.org/film/?id=13459,toulouse
F0039,film,2026-09-11,Tournefeuille,Utopia Tournefeuille,L126,https://toulouse.cinemas-utopia.org/film/?id=13809,toulouse
F0047,film,2026-09-11,Tournefeuille,Utopia Tournefeuille,L126,https://toulouse.cinemas-utopia.org/film/?id=13952,toulouse
F0018,film,2026-09-11,Tournefeuille,Utopia Tournefeuille,L126,https://toulouse.cinemas-utopia.org/film/?id=13474,toulouse
F0028,film,2026-09-11,Tournefeuille,Utopia Tournefeuille,L126,https://toulouse.cinemas-utopia.org/film/?id=13804,toulouse
F0025,film,2026-09-11,Tournefeuille,Utopia Tournefeuille,L126,https://toulouse.cinemas-utopia.org/film/?id=13808,toulouse
F0010,film,2026-09-11,Tournefeuille,Utopia Tournefeuille,L126,https://toulouse.cinemas-utopia.org/film/?id=13449,toulouse
F0022,film,2026-09-11,Tournefeuille,Utopia Tournefeuille,L126,https://toulouse.cinemas-utopia.org/film/?id=13949,toulouse
F0005,film,2026-09-11,Tournefeuille,Utopia Tournefeuille,L126,https://toulouse.cinemas-utopia.org/film/?id=13457,toulouse
F0027,film,2026-09-11,Tournefeuille,Utopia Tournefeuille,L126,https://toulouse.cinemas-utopia.org/film/?id=13806,toulouse
F0130,film,2026-09-11,Tournefeuille,Utopia Tournefeuille,L126,https://toulouse.cinemas-utopia.org/film/?id=2225,toulouse
F0026,film,2026-09-11,Toulouse,Le Cratère,L128,"https://relay.mvtx.us/ticketing/dbz?code_theater=P0056&gid_entity=movie.movie._.1000041528&tags=Localization.Version.Original,Format.Projection.Digital&perfd=20260911&perft=10:00&code=VO",toulouse
F0010,film,2026-09-11,Toulouse,Le Cratère,L128,"https://relay.mvtx.us/ticketing/dbz?code_theater=P0056&gid_entity=movie.movie._.1000037046&tags=Localization.Version.Original,Format.Projection.Digital&perfd=20260911&perft=11:30&code=VO",toulouse
F0074,film,2026-09-11,Toulouse,Le Cratère,L128,"https://relay.mvtx.us/ticketing/dbz?code_theater=P0056&gid_entity=movie.movie._.282094&tags=Localization.Version.Original,Format.Projection.Digital&perfd=20260911&perft=12:55&code=VO",toulouse
F0013,film,2026-09-11,Toulouse,Le Cratère,L128,"https://relay.mvtx.us/ticketing/dbz?code_theater=P0056&gid_entity=movie.movie._.1000024105&tags=Localization.Version.Original,Format.Projection.Digital&perfd=20260911&perft=14:40&code=VO",toulouse
F0061,film,2026-09-11,Toulouse,Le Cratère,L128,"https://relay.mvtx.us/ticketing/dbz?code_theater=P0056&gid_entity=movie.movie._.305836&tags=Localization.Version.Original,Format.Projection.Digital&perfd=20260911&perft=18:05&code=VO",toulouse
F0035,film,2026-09-11,Toulouse,Le Cratère,L128,"https://relay.mvtx.us/ticketing/dbz?code_theater=P0056&gid_entity=movie.movie._.1000019327&tags=Localization.Version.Original,Format.Projection.Digital&perfd=20260911&perft=19:45&code=VO",toulouse
F0088,film,2026-09-11,Toulouse,Le Cratère,L128,"https://relay.mvtx.us/ticketing/dbz?code_theater=P0056&gid_entity=movie.movie._.1000003998&tags=Localization.Version.Original,Format.Projection.Digital&perfd=20260911&perft=21:20&code=VO",toulouse
F0361,film,2026-09-11,Toulouse,Cinémathèque de Toulouse,L131,https://www.lacinemathequedetoulouse.com/programmation/agenda,toulouse
F0360,film,2026-09-11,Toulouse,Cinémathèque de Toulouse,L131,"https://relay.mvtx.us/ticketing/dbz?code_theater=P0062&gid_entity=movie.movie._.128739&tags=Showtime.Accessibility.Subtitled,Localization.Version.Original,Format.Projection.Digital&perfd=20260911&perft=19:00&code=VO; SUBTITLE",toulouse
F0359,film,2026-09-11,Toulouse,Cinémathèque de Toulouse,L131,https://www.lacinemathequedetoulouse.com/programmation/agenda,toulouse
F0358,film,2026-09-11,Toulouse,Cinémathèque de Toulouse,L131,"https://relay.mvtx.us/ticketing/dbz?code_theater=P0062&gid_entity=movie.movie._.53022&tags=Showtime.Accessibility.Subtitled,Localization.Version.Original,Format.Projection.Digital&perfd=20260911&perft=20:00&code=VO; SUBTITLE",toulouse
F0176,film,2026-09-11,Toulouse,Cinémathèque de Toulouse,L131,https://www.lacinemathequedetoulouse.com/programmation/agenda,toulouse
F0175,film,2026-09-11,Toulouse,Cinémathèque de Toulouse,L131,"https://relay.mvtx.us/ticketing/dbz?code_theater=P0062&gid_entity=movie.movie._.22015&tags=Showtime.Accessibility.Subtitled,Localization.Version.Original,Format.Projection.Digital&perfd=20260911&perft=21:00&code=VO; SUBTITLE",toulouse
A0356,live,2026-09-11,Blagnac,Poney Club,L132,https://lebikini.com/2026/09/11/playground-metrik-simula-monty-against-humanity-rinma,toulouse
A0133,live,2026-09-11,Toulouse,Couvent / Cloître des Jacobins,L134,https://www.radiofrance.fr/francemusique/evenements/festival-festival-piano-jacobins-du-8-au-30-septembre-2026-6541388,toulouse
F0057,film,2026-09-11,Toulouse,Pathé Toulouse Wilson,L137,,toulouse
F0109,film,2026-09-11,Toulouse,Pathé Toulouse Wilson,L137,,toulouse
F0109,film,2026-09-11,Blagnac,CGR Blagnac,L139,"https://relay.mvtx.us/ticketing/dbz?code_theater=P0692&gid_entity=movie.movie._.1000021803&tags=Showtime.Accessibility.Accessible,Localization.Version.Original,Showtime.Accessibility.Subtitled&perfd=20260911&perft=20:00&code=Accès PMR; VOST;",toulouse
F0135,film,2026-09-11,Fenouillet,Kinepolis Fenouillet,L140,"https://relay.mvtx.us/ticketing/dbz?code_theater=W3115&gid_entity=movie.movie._.185719&tags=Auditorium.Experience.ScreenX,Format.Projection.Digital&perfd=20260911&perft=14:00&code=Version Francaise; Screen X 2D",toulouse
F0256,film,2026-09-11,Fenouillet,Kinepolis Fenouillet,L140,"https://relay.mvtx.us/ticketing/dbz?code_theater=W3115&gid_entity=movie.movie._.2133&tags=Auditorium.Experience.ScreenX,Format.Projection.Digital&perfd=20260911&perft=17:00&code=Version Francaise; Screen X 2D",toulouse
F0109,film,2026-09-11,Fenouillet,Kinepolis Fenouillet,L140,https://relay.mvtx.us/ticketing/dbz?code_theater=W3115&gid_entity=movie.movie._.1000021803&tags=Format.Projection.Digital&perfd=20260911&perft=20:00&code=Version Originale; Sous-titres : Francais; 2D,toulouse
F0112,film,2026-09-11,Fenouillet,Kinepolis Fenouillet,L140,"https://relay.mvtx.us/ticketing/dbz?code_theater=W3115&gid_entity=movie.movie._.186636&tags=Auditorium.Experience.ScreenX,Format.Projection.Digital&perfd=20260911&perft=20:00&code=Version Francaise; Screen X 2D",toulouse
F0128,film,2026-09-11,Fenouillet,Kinepolis Fenouillet,L140,https://relay.mvtx.us/ticketing/dbz?code_theater=W3115&gid_entity=movie.movie._.1000004458&tags=Format.Projection.Digital&perfd=20260911&perft=20:15&code=Version Originale; 2D,toulouse
F0145,film,2026-09-11,Toulouse,UGC Montaudran,L142,"https://relay.mvtx.us/ticketing/dbz?code_theater=W3140&gid_entity=movie.movie._.1000018384&tags=Showtime.Accessibility.Accessible,Localization.Version.French,Format.Projection.Digital&perfd=20260911&perft=20:30&code=PMR; 2D; Aime et Decouvre; VF; ",toulouse
F0184,film,2026-09-11,Ramonville-Saint-Agne,L'Autan,L143,"https://relay.mvtx.us/ticketing/dbz?code_theater=P0881&gid_entity=movie.movie._.1000017047&tags=Showtime.Accessibility.Subtitled,Localization.Version.Original,Showtime.Accessibility.Accessible,Format.Projection.Digital&perfd=20260911&perft=16:30&code=VO; SUBTITLE; DISABLED ACCESS",toulouse
F0377,film,2026-09-11,Colomiers,Véo Grand Central Colomiers,L144,"https://relay.mvtx.us/ticketing/dbz?code_theater=P6864&gid_entity=movie.movie._.1000019874&tags=Localization.Version.Original,Format.Projection.Digital,Format.Sound.71&perfd=20260911&perft=21:00",toulouse
F0005,film,2026-09-11,Plaisance-du-Touch,Ecran7 Plaisance,L145,"https://relay.mvtx.us/ticketing/dbz?code_theater=P0918&gid_entity=movie.movie._.188280&tags=Localization.Version.Original,Format.Projection.Digital,Showtime.Accessibility.Accessible&perfd=20260911&perft=14:00",toulouse
F0006,film,2026-09-11,Plaisance-du-Touch,Ecran7 Plaisance,L145,"https://relay.mvtx.us/ticketing/dbz?code_theater=P0918&gid_entity=movie.movie._.314503&tags=Localization.Language.French,Showtime.Accessibility.Dubbed,Format.Projection.Digital,Showtime.Accessibility.Accessible&perfd=20260911&perft=14:00",toulouse
F0033,film,2026-09-11,Plaisance-du-Touch,Ecran7 Plaisance,L145,"https://relay.mvtx.us/ticketing/dbz?code_theater=P0918&gid_entity=movie.movie._.1000023007&tags=Localization.Version.Original,Format.Projection.Digital,Showtime.Accessibility.Accessible&perfd=20260911&perft=14:00",toulouse
F0003,film,2026-09-11,Plaisance-du-Touch,Ecran7 Plaisance,L145,"https://relay.mvtx.us/ticketing/dbz?code_theater=P0918&gid_entity=movie.movie._.1000014969&tags=Localization.Language.French,Showtime.Accessibility.Dubbed,Format.Projection.Digital,Showtime.Accessibility.Accessible&perfd=20260911&perft=16:00",toulouse
F0014,film,2026-09-11,Plaisance-du-Touch,Ecran7 Plaisance,L145,"https://relay.mvtx.us/ticketing/dbz?code_theater=P0918&gid_entity=movie.movie._.316021&tags=Localization.Language.French,Showtime.Accessibility.Dubbed,Format.Projection.Digital,Showtime.Accessibility.Accessible&perfd=20260911&perft=16:15",toulouse
F0041,film,2026-09-11,Plaisance-du-Touch,Ecran7 Plaisance,L145,"https://relay.mvtx.us/ticketing/dbz?code_theater=P0918&gid_entity=movie.movie._.323826&tags=Localization.Language.French,Format.Projection.Digital,Showtime.Accessibility.Accessible&perfd=20260911&perft=16:45",toulouse
F0004,film,2026-09-11,Plaisance-du-Touch,Ecran7 Plaisance,L145,"https://relay.mvtx.us/ticketing/dbz?code_theater=P0918&gid_entity=movie.movie._.1000032856&tags=Localization.Language.French,Format.Projection.Digital,Showtime.Accessibility.Accessible&perfd=20260911&perft=18:45",toulouse
F0011,film,2026-09-11,Plaisance-du-Touch,Ecran7 Plaisance,L145,"https://relay.mvtx.us/ticketing/dbz?code_theater=P0918&gid_entity=movie.movie._.1000002942&tags=Localization.Language.French,Showtime.Accessibility.Dubbed,Format.Projection.Digital,Showtime.Accessibility.Accessible&perfd=20260911&perft=18:45",toulouse
F0001,film,2026-09-11,Plaisance-du-Touch,Ecran7 Plaisance,L145,"https://relay.mvtx.us/ticketing/dbz?code_theater=P0918&gid_entity=movie.movie._.276608&tags=Localization.Language.French,Showtime.Accessibility.Dubbed,BoostPos.Image.2D,Format.Projection.Digital,Showtime.Accessibility.Accessible&perfd=20260911&perft=20:45",toulouse
F0005,film,2026-09-11,Castelginest,Le Castelia,L146,"https://relay.mvtx.us/ticketing/dbz?code_theater=P0583&gid_entity=movie.movie._.188280&tags=Showtime.Accessibility.Subtitled,Localization.Version.Original,Showtime.Accessibility.Accessible,Format.Projection.Digital&perfd=20260911&perft=18:15&code=VO; SUBTITLE; DISABLED ACCESS",toulouse
F0004,film,2026-09-11,Castelginest,Le Castelia,L146,"https://relay.mvtx.us/ticketing/dbz?code_theater=P0583&gid_entity=movie.movie._.1000032856&tags=Localization.Language.French,Showtime.Accessibility.Accessible,Format.Projection.Digital&perfd=20260911&perft=21:00&code=VF; DISABLED ACCESS",toulouse
F0177,film,2026-09-11,Muret,Véo Muret,L147,"https://relay.mvtx.us/ticketing/dbz?code_theater=W3161&gid_entity=movie.movie._.8270&tags=Localization.Version.Original,Format.Projection.Digital&perfd=20260911&perft=20:40",toulouse
F0109,film,2026-09-11,Muret,Véo Muret,L147,"https://relay.mvtx.us/ticketing/dbz?code_theater=W3161&gid_entity=movie.movie._.1000021803&tags=Localization.Version.Original,Format.Projection.Digital&perfd=20260911&perft=21:00",toulouse
F0159,film,2026-09-11,Castanet-Tolosan,MJC Ciné 113,L148,https://www.mjc-castanet-tolosan.fr/cinema-cine-113/,toulouse
F0014,film,2026-09-11,Castanet-Tolosan,MJC Ciné 113,L148,"https://relay.mvtx.us/ticketing/dbz?code_theater=P2235&gid_entity=movie.movie._.316021&tags=Localization.Language.French,Format.Projection.Digital&perfd=20260911&perft=14:15&code=VF",toulouse
F0021,film,2026-09-11,Castanet-Tolosan,MJC Ciné 113,L148,"https://relay.mvtx.us/ticketing/dbz?code_theater=P2235&gid_entity=movie.movie._.1000033718&tags=Localization.Language.French,Format.Projection.Digital&perfd=20260911&perft=17:15&code=VF",toulouse
F0011,film,2026-09-11,Castanet-Tolosan,MJC Ciné 113,L148,"https://relay.mvtx.us/ticketing/dbz?code_theater=P2235&gid_entity=movie.movie._.1000002942&tags=Localization.Language.French,Format.Projection.Digital&perfd=20260911&perft=20:15&code=VF",toulouse
A0289,live,2026-09-12,Toulouse,Théâtre Les 3 T,L047,https://new.3tcafetheatre.com/spectacle/une-semaine-pas-plus/,toulouse
A0290,live,2026-09-12,Toulouse,Théâtre Les 3 T,L047,https://new.3tcafetheatre.com/spectacle/vive-la-mariae/,toulouse
A0291,live,2026-09-12,Toulouse,Théâtre Les 3 T,L047,https://new.3tcafetheatre.com/spectacle/en-toutes-amities/,toulouse
A0292,live,2026-09-12,Toulouse,Théâtre Les 3 T,L047,https://new.3tcafetheatre.com/spectacle/on-est-tous-portes-sur-la-question/,toulouse
A0137,live,2026-09-12,Toulouse,Le Taquin,L075,https://billetterie.festik.net/le-taquin/product/deli-zirzop,toulouse
A0293,live,2026-09-12,Toulouse,Le Rex,L076,https://www.lerextoulouse.com/fr/programmation/,toulouse
A0357,live,2026-09-12,Toulouse,Le Rex,L076,https://www.lerextoulouse.com/fr/programmation/le-rex-fete-ses-10-ans/,toulouse
A0426,live,2026-09-12,Toulouse,Le Bijou,L078,https://www.le-bijou.net/event-details/les-fils-de-ta-mere-10,toulouse
A0358,live,2026-09-12,Ramonville-Saint-Agne,Le Bikini,L083,https://lebikini.com/2026/09/12/reevolt-uberkikz-caiva-kandelissa,toulouse
A0261,live,2026-09-12,Toulouse,Les Jardins de Candie,L092,https://lesjardinsdecandie.com/,toulouse
A0358,live,2026-09-12,Ramonville-Saint-Agne,Le Petit Bikini,L093,https://lebikini.com/2026/09/12/reevolt-uberkikz-caiva-kandelissa,toulouse
F0069,film,2026-09-12,Toulouse,Utopia Borderouge,L125,https://toulouse.cinemas-utopia.org/film/?id=13240,toulouse
F0072,film,2026-09-12,Toulouse,Utopia Borderouge,L125,https://toulouse.cinemas-utopia.org/film?id=13240,toulouse
F0065,film,2026-09-12,Toulouse,Utopia Borderouge,L125,https://toulouse.cinemas-utopia.org/film/?id=13430,toulouse
F0056,film,2026-09-12,Toulouse,Utopia Borderouge,L125,https://toulouse.cinemas-utopia.org/film/?id=13551,toulouse
F0068,film,2026-09-12,Toulouse,Utopia Borderouge,L125,https://toulouse.cinemas-utopia.org/film/?id=14060,toulouse
F0005,film,2026-09-12,Toulouse,Utopia Borderouge,L125,https://toulouse.cinemas-utopia.org/film/?id=13457,toulouse
F0040,film,2026-09-12,Toulouse,Utopia Borderouge,L125,https://toulouse.cinemas-utopia.org/film/?id=13042,toulouse
F0037,film,2026-09-12,Toulouse,Utopia Borderouge,L125,https://toulouse.cinemas-utopia.org/film/?id=13251,toulouse
F0046,film,2026-09-12,Toulouse,Utopia Borderouge,L125,https://toulouse.cinemas-utopia.org/film?id=13251,toulouse
F0018,film,2026-09-12,Toulouse,Utopia Borderouge,L125,https://toulouse.cinemas-utopia.org/film/?id=13474,toulouse
F0055,film,2026-09-12,Toulouse,Utopia Borderouge,L125,https://toulouse.cinemas-utopia.org/film/?id=13957,toulouse
F0010,film,2026-09-12,Toulouse,Utopia Borderouge,L125,https://toulouse.cinemas-utopia.org/film/?id=13449,toulouse
F0026,film,2026-09-12,Toulouse,Utopia Borderouge,L125,https://toulouse.cinemas-utopia.org/film/?id=13696,toulouse
F0013,film,2026-09-12,Toulouse,Utopia Borderouge,L125,https://toulouse.cinemas-utopia.org/film/?id=13459,toulouse
F0002,film,2026-09-12,Toulouse,Utopia Borderouge,L125,https://toulouse.cinemas-utopia.org/film/?id=13767,toulouse
F0006,film,2026-09-12,Toulouse,Utopia Borderouge,L125,https://toulouse.cinemas-utopia.org/film/?id=14045,toulouse
F0005,film,2026-09-12,Tournefeuille,Utopia Tournefeuille,L126,https://toulouse.cinemas-utopia.org/film/?id=13457,toulouse
F0039,film,2026-09-12,Tournefeuille,Utopia Tournefeuille,L126,https://toulouse.cinemas-utopia.org/film/?id=13809,toulouse
F0036,film,2026-09-12,Tournefeuille,Utopia Tournefeuille,L126,https://toulouse.cinemas-utopia.org/film/?id=13475,toulouse
F0012,film,2026-09-12,Tournefeuille,Utopia Tournefeuille,L126,https://toulouse.cinemas-utopia.org/film/?id=13805,toulouse
F0018,film,2026-09-12,Tournefeuille,Utopia Tournefeuille,L126,https://toulouse.cinemas-utopia.org/film/?id=13474,toulouse
F0067,film,2026-09-12,Tournefeuille,Utopia Tournefeuille,L126,https://toulouse.cinemas-utopia.org/film/?id=13760,toulouse
F0091,film,2026-09-12,Tournefeuille,Utopia Tournefeuille,L126,https://toulouse.cinemas-utopia.org/film/?id=13962,toulouse
F0092,film,2026-09-12,Tournefeuille,Utopia Tournefeuille,L126,"https://relay.mvtx.us/ticketing/dbz?code_theater=P3404&gid_entity=movie.movie._.1000041095&tags=Localization.Language.French,Format.Projection.Digital&perfd=20260912&perft=16:20&code=VF",toulouse
F0028,film,2026-09-12,Tournefeuille,Utopia Tournefeuille,L126,https://toulouse.cinemas-utopia.org/film/?id=13804,toulouse
F0025,film,2026-09-12,Tournefeuille,Utopia Tournefeuille,L126,https://toulouse.cinemas-utopia.org/film/?id=13808,toulouse
F0013,film,2026-09-12,Tournefeuille,Utopia Tournefeuille,L126,https://toulouse.cinemas-utopia.org/film/?id=13459,toulouse
F0022,film,2026-09-12,Tournefeuille,Utopia Tournefeuille,L126,https://toulouse.cinemas-utopia.org/film/?id=13949,toulouse
F0047,film,2026-09-12,Tournefeuille,Utopia Tournefeuille,L126,https://toulouse.cinemas-utopia.org/film/?id=13952,toulouse
F0002,film,2026-09-12,Tournefeuille,Utopia Tournefeuille,L126,https://toulouse.cinemas-utopia.org/film/?id=13767,toulouse
F0023,film,2026-09-12,Tournefeuille,Utopia Tournefeuille,L126,https://toulouse.cinemas-utopia.org/film/?id=11952,toulouse
F0098,film,2026-09-12,Tournefeuille,Utopia Tournefeuille,L126,https://toulouse.cinemas-utopia.org/film/?id=5433,toulouse
F0070,film,2026-09-12,Toulouse,Le Cratère,L128,"https://relay.mvtx.us/ticketing/dbz?code_theater=P0056&gid_entity=movie.movie._.289867&tags=Localization.Version.Original,Format.Projection.Digital&perfd=20260912&perft=10:00&code=VO",toulouse
F0082,film,2026-09-12,Toulouse,Le Cratère,L128,"https://relay.mvtx.us/ticketing/dbz?code_theater=P0056&gid_entity=movie.movie._.325471&tags=Localization.Version.Original,Format.Projection.Digital&perfd=20260912&perft=12:05&code=VO",toulouse
F0147,film,2026-09-12,Toulouse,Le Cratère,L128,"https://relay.mvtx.us/ticketing/dbz?code_theater=P0056&gid_entity=movie.movie._.1000035099&tags=Localization.Version.Original,Format.Projection.Digital&perfd=20260912&perft=15:20&code=VO",toulouse
F0013,film,2026-09-12,Toulouse,Le Cratère,L128,"https://relay.mvtx.us/ticketing/dbz?code_theater=P0056&gid_entity=movie.movie._.1000024105&tags=Localization.Version.Original,Format.Projection.Digital&perfd=20260912&perft=16:15&code=VO",toulouse
F0111,film,2026-09-12,Toulouse,Le Cratère,L128,"https://relay.mvtx.us/ticketing/dbz?code_theater=P0056&gid_entity=movie.movie._.271212&tags=Localization.Version.Original,Format.Projection.Digital&perfd=20260912&perft=19:45&code=VO",toulouse
F0205,film,2026-09-12,Toulouse,Cinémathèque de Toulouse,L131,https://www.lacinemathequedetoulouse.com/programmation/agenda,toulouse
F0204,film,2026-09-12,Toulouse,Cinémathèque de Toulouse,L131,"https://relay.mvtx.us/ticketing/dbz?code_theater=P0062&gid_entity=movie.movie._.52143&tags=Localization.Language.French,Format.Projection.Digital&perfd=20260912&perft=16:00&code=VF",toulouse
F0189,film,2026-09-12,Toulouse,Cinémathèque de Toulouse,L131,https://www.lacinemathequedetoulouse.com/programmation/agenda,toulouse
F0188,film,2026-09-12,Toulouse,Cinémathèque de Toulouse,L131,"https://relay.mvtx.us/ticketing/dbz?code_theater=P0062&gid_entity=movie.movie._.31179&tags=Showtime.Accessibility.Subtitled,Localization.Version.Original,Format.Projection.Digital&perfd=20260912&perft=19:00&code=VO; SUBTITLE",toulouse
F0291,film,2026-09-12,Toulouse,Cinémathèque de Toulouse,L131,https://www.lacinemathequedetoulouse.com/programmation/agenda,toulouse
F0292,film,2026-09-12,Toulouse,Cinémathèque de Toulouse,L131,https://www.lacinemathequedetoulouse.com/programmation/projections/37280,toulouse
F0241,film,2026-09-12,Toulouse,Cinémathèque de Toulouse,L131,https://www.lacinemathequedetoulouse.com/programmation/agenda,toulouse
F0240,film,2026-09-12,Toulouse,Cinémathèque de Toulouse,L131,"https://relay.mvtx.us/ticketing/dbz?code_theater=P0062&gid_entity=movie.movie._.73176&tags=Showtime.Accessibility.Subtitled,Localization.Version.Original,Format.Projection.Digital&perfd=20260912&perft=21:00&code=VO; SUBTITLE",toulouse
A0358,live,2026-09-12,Blagnac,Poney Club,L132,https://lebikini.com/2026/09/12/reevolt-uberkikz-caiva-kandelissa,toulouse
A0139,live,2026-09-12,Toulouse,Couvent / Cloître des Jacobins,L134,https://jacobins.toulouse.fr/fr/piano-aux-jacobins/,toulouse
F0048,film,2026-09-12,Toulouse,Pathé Toulouse Wilson,L137,https://s.pathe.fr/en/V3358S194904/booking,toulouse
F0259,film,2026-09-12,Labège,Pathé Toulouse Labège,L138,,toulouse
F0306,film,2026-09-12,Labège,Pathé Toulouse Labège,L138,,toulouse
F0308,film,2026-09-12,Labège,Pathé Toulouse Labège,L138,,toulouse
F0309,film,2026-09-12,Labège,Pathé Toulouse Labège,L138,,toulouse
F0001,film,2026-09-12,Fenouillet,Kinepolis Fenouillet,L140,"https://relay.mvtx.us/ticketing/dbz?code_theater=W3115&gid_entity=movie.movie._.276608&tags=Auditorium.Experience.ScreenX,Format.Projection.Digital&perfd=20260912&perft=14:00&code=Version Francaise; Screen X 2D",toulouse
F0135,film,2026-09-12,Fenouillet,Kinepolis Fenouillet,L140,"https://relay.mvtx.us/ticketing/dbz?code_theater=W3115&gid_entity=movie.movie._.185719&tags=Auditorium.Experience.ScreenX,Format.Projection.Digital&perfd=20260912&perft=17:00&code=Version Francaise; Screen X 2D",toulouse
F0166,film,2026-09-12,Fenouillet,Kinepolis Fenouillet,L140,"https://relay.mvtx.us/ticketing/dbz?code_theater=W3115&gid_entity=movie.movie._.211012&tags=Auditorium.Experience.ScreenX,Format.Projection.Digital&perfd=20260912&perft=20:00&code=Version Francaise; Screen X 2D",toulouse
F0128,film,2026-09-12,Fenouillet,Kinepolis Fenouillet,L140,https://relay.mvtx.us/ticketing/dbz?code_theater=W3115&gid_entity=movie.movie._.1000004458&tags=Format.Projection.Digital&perfd=20260912&perft=20:15&code=Version Francaise; 2D,toulouse
F0171,film,2026-09-12,Toulouse,American Cosmograph,L141,https://american-cosmograph.fr/,toulouse
F0123,film,2026-09-12,Colomiers,Véo Grand Central Colomiers,L144,"https://relay.mvtx.us/ticketing/dbz?code_theater=P6864&gid_entity=movie.movie._.320561&tags=Localization.Language.French,Format.Projection.Digital,Showtime.Accessibility.OpenCaption&perfd=20260912&perft=14:30",toulouse
F0005,film,2026-09-12,Plaisance-du-Touch,Ecran7 Plaisance,L145,"https://relay.mvtx.us/ticketing/dbz?code_theater=P0918&gid_entity=movie.movie._.188280&tags=Localization.Version.Original,Format.Projection.Digital,Showtime.Accessibility.Accessible&perfd=20260912&perft=13:45",toulouse
F0004,film,2026-09-12,Plaisance-du-Touch,Ecran7 Plaisance,L145,"https://relay.mvtx.us/ticketing/dbz?code_theater=P0918&gid_entity=movie.movie._.1000032856&tags=Localization.Language.French,Format.Projection.Digital,Showtime.Accessibility.Accessible&perfd=20260912&perft=14:00",toulouse
F0007,film,2026-09-12,Plaisance-du-Touch,Ecran7 Plaisance,L145,"https://relay.mvtx.us/ticketing/dbz?code_theater=P0918&gid_entity=movie.movie._.257425&tags=Localization.Language.French,Showtime.Accessibility.Dubbed,Format.Projection.Digital,Showtime.Accessibility.Accessible&perfd=20260912&perft=14:00",toulouse
F0041,film,2026-09-12,Plaisance-du-Touch,Ecran7 Plaisance,L145,"https://relay.mvtx.us/ticketing/dbz?code_theater=P0918&gid_entity=movie.movie._.323826&tags=Localization.Language.French,Format.Projection.Digital,Showtime.Accessibility.Accessible&perfd=20260912&perft=15:45",toulouse
F0003,film,2026-09-12,Plaisance-du-Touch,Ecran7 Plaisance,L145,"https://relay.mvtx.us/ticketing/dbz?code_theater=P0918&gid_entity=movie.movie._.1000014969&tags=Localization.Language.French,Showtime.Accessibility.Dubbed,Format.Projection.Digital,Showtime.Accessibility.Accessible&perfd=20260912&perft=16:00",toulouse
F0011,film,2026-09-12,Plaisance-du-Touch,Ecran7 Plaisance,L145,"https://relay.mvtx.us/ticketing/dbz?code_theater=P0918&gid_entity=movie.movie._.1000002942&tags=Localization.Language.French,Showtime.Accessibility.Dubbed,Format.Projection.Digital,Showtime.Accessibility.Accessible&perfd=20260912&perft=16:30",toulouse
F0001,film,2026-09-12,Plaisance-du-Touch,Ecran7 Plaisance,L145,"https://relay.mvtx.us/ticketing/dbz?code_theater=P0918&gid_entity=movie.movie._.276608&tags=Localization.Language.French,Showtime.Accessibility.Dubbed,BoostPos.Image.2D,Format.Projection.Digital,Showtime.Accessibility.Accessible&perfd=20260912&perft=18:00",toulouse
F0014,film,2026-09-12,Plaisance-du-Touch,Ecran7 Plaisance,L145,"https://relay.mvtx.us/ticketing/dbz?code_theater=P0918&gid_entity=movie.movie._.316021&tags=Localization.Language.French,Showtime.Accessibility.Dubbed,Format.Projection.Digital,Showtime.Accessibility.Accessible&perfd=20260912&perft=18:15",toulouse
F0002,film,2026-09-12,Plaisance-du-Touch,Ecran7 Plaisance,L145,"https://relay.mvtx.us/ticketing/dbz?code_theater=P0918&gid_entity=movie.movie._.1000013045&tags=Localization.Language.French,Showtime.Accessibility.Dubbed,Format.Projection.Digital,Showtime.Accessibility.Accessible&perfd=20260912&perft=20:30",toulouse
F0038,film,2026-09-12,Castelginest,Le Castelia,L146,"https://relay.mvtx.us/ticketing/dbz?code_theater=P0583&gid_entity=movie.movie._.1000022217&tags=Localization.Language.French,Showtime.Accessibility.Accessible,Format.Projection.Digital&perfd=20260912&perft=15:30&code=VF; DISABLED ACCESS",toulouse
F0002,film,2026-09-12,Castelginest,Le Castelia,L146,"https://relay.mvtx.us/ticketing/dbz?code_theater=P0583&gid_entity=movie.movie._.1000013045&tags=Localization.Language.French,Showtime.Accessibility.Accessible,Format.Projection.Digital&perfd=20260912&perft=17:30&code=VF; DISABLED ACCESS",toulouse
F0011,film,2026-09-12,Castelginest,Le Castelia,L146,"https://relay.mvtx.us/ticketing/dbz?code_theater=P0583&gid_entity=movie.movie._.1000002942&tags=Localization.Language.French,Showtime.Accessibility.Accessible,Format.Projection.Digital&perfd=20260912&perft=21:00&code=VF; DISABLED ACCESS",toulouse
F0126,film,2026-09-12,Castanet-Tolosan,MJC Ciné 113,L148,"https://relay.mvtx.us/ticketing/dbz?code_theater=P2235&gid_entity=movie.movie._.327754&tags=Localization.Language.French,Format.Projection.Digital&perfd=20260912&perft=14:00&code=VF",toulouse
F0227,film,2026-09-12,Castanet-Tolosan,MJC Ciné 113,L148,https://www.mjc-castanet-tolosan.fr/cinema-cine-113/,toulouse
F0038,film,2026-09-12,Castanet-Tolosan,MJC Ciné 113,L148,"https://relay.mvtx.us/ticketing/dbz?code_theater=P2235&gid_entity=movie.movie._.1000022217&tags=Localization.Language.French,Format.Projection.Digital&perfd=20260912&perft=16:00&code=VF",toulouse
F0011,film,2026-09-12,Castanet-Tolosan,MJC Ciné 113,L148,"https://relay.mvtx.us/ticketing/dbz?code_theater=P2235&gid_entity=movie.movie._.1000002942&tags=Localization.Language.French,Format.Projection.Digital&perfd=20260912&perft=18:30&code=VF",toulouse
F0021,film,2026-09-12,Castanet-Tolosan,MJC Ciné 113,L148,"https://relay.mvtx.us/ticketing/dbz?code_theater=P2235&gid_entity=movie.movie._.1000033718&tags=Localization.Language.French,Format.Projection.Digital&perfd=20260912&perft=20:30&code=VF",toulouse
A0359,live,2026-09-12,Lasserre-Pradère,Café associatif Le Buv'Art,L153,https://foyerrurallasserrepradere.fr/agenda/agenda-culturel-le-buvart/atelier-conteurs-amateurs-3064200,toulouse
A0427,live,2026-09-13,Toulouse,Le Bijou,L078,https://www.le-bijou.net/event-details/le-bal-du-bijou,toulouse
A0360,live,2026-09-13,Ramonville-Saint-Agne,Le Bikini,L083,https://lebikini.com/2026/09/13/stand-with-lebanon-belaria-b2b-secret-guest-arabian-panther-lyss-jaad,toulouse
A0360,live,2026-09-13,Ramonville-Saint-Agne,Le Petit Bikini,L093,https://lebikini.com/2026/09/13/stand-with-lebanon-belaria-b2b-secret-guest-arabian-panther-lyss-jaad,toulouse
F0034,film,2026-09-13,Toulouse,Utopia Borderouge,L125,https://toulouse.cinemas-utopia.org/film/?id=13462,toulouse
F0055,film,2026-09-13,Toulouse,Utopia Borderouge,L125,https://toulouse.cinemas-utopia.org/film/?id=13957,toulouse
F0044,film,2026-09-13,Toulouse,Utopia Borderouge,L125,https://toulouse.cinemas-utopia.org/film?id=13462,toulouse
F0033,film,2026-09-13,Toulouse,Utopia Borderouge,L125,https://toulouse.cinemas-utopia.org/film/?id=13754,toulouse
F0010,film,2026-09-13,Toulouse,Utopia Borderouge,L125,https://toulouse.cinemas-utopia.org/film/?id=13449,toulouse
F0018,film,2026-09-13,Toulouse,Utopia Borderouge,L125,https://toulouse.cinemas-utopia.org/film/?id=13474,toulouse
F0013,film,2026-09-13,Toulouse,Utopia Borderouge,L125,https://toulouse.cinemas-utopia.org/film/?id=13459,toulouse
F0002,film,2026-09-13,Toulouse,Utopia Borderouge,L125,https://toulouse.cinemas-utopia.org/film/?id=13767,toulouse
F0035,film,2026-09-13,Toulouse,Utopia Borderouge,L125,https://toulouse.cinemas-utopia.org/film/?id=13722,toulouse
F0005,film,2026-09-13,Toulouse,Utopia Borderouge,L125,https://toulouse.cinemas-utopia.org/film/?id=13457,toulouse
F0006,film,2026-09-13,Toulouse,Utopia Borderouge,L125,https://toulouse.cinemas-utopia.org/film/?id=14045,toulouse
F0068,film,2026-09-13,Toulouse,Utopia Borderouge,L125,https://toulouse.cinemas-utopia.org/film/?id=14060,toulouse
F0005,film,2026-09-13,Tournefeuille,Utopia Tournefeuille,L126,https://toulouse.cinemas-utopia.org/film/?id=13457,toulouse
F0037,film,2026-09-13,Tournefeuille,Utopia Tournefeuille,L126,https://toulouse.cinemas-utopia.org/film/?id=13251,toulouse
F0020,film,2026-09-13,Tournefeuille,Utopia Tournefeuille,L126,"https://relay.mvtx.us/ticketing/dbz?code_theater=P3404&gid_entity=movie.movie._.294280&tags=Localization.Language.French,Format.Projection.Digital&perfd=20260913&perft=10:45&code=VF",toulouse
F0046,film,2026-09-13,Tournefeuille,Utopia Tournefeuille,L126,https://toulouse.cinemas-utopia.org/film?id=13251,toulouse
F0091,film,2026-09-13,Tournefeuille,Utopia Tournefeuille,L126,https://toulouse.cinemas-utopia.org/film/?id=13962,toulouse
F0092,film,2026-09-13,Tournefeuille,Utopia Tournefeuille,L126,"https://relay.mvtx.us/ticketing/dbz?code_theater=P3404&gid_entity=movie.movie._.1000041095&tags=Localization.Language.French,Format.Projection.Digital&perfd=20260913&perft=11:00&code=VF",toulouse
F0027,film,2026-09-13,Tournefeuille,Utopia Tournefeuille,L126,https://toulouse.cinemas-utopia.org/film/?id=13806,toulouse
F0018,film,2026-09-13,Tournefeuille,Utopia Tournefeuille,L126,https://toulouse.cinemas-utopia.org/film/?id=13474,toulouse
F0034,film,2026-09-13,Tournefeuille,Utopia Tournefeuille,L126,https://toulouse.cinemas-utopia.org/film/?id=13462,toulouse
F0015,film,2026-09-13,Tournefeuille,Utopia Tournefeuille,L126,"https://relay.mvtx.us/ticketing/dbz?code_theater=P3404&gid_entity=movie.movie._.294281&tags=Localization.Language.French,Format.Projection.Digital&perfd=20260913&perft=13:45&code=VF",toulouse
F0044,film,2026-09-13,Tournefeuille,Utopia Tournefeuille,L126,https://toulouse.cinemas-utopia.org/film?id=13462,toulouse
F0025,film,2026-09-13,Tournefeuille,Utopia Tournefeuille,L126,https://toulouse.cinemas-utopia.org/film/?id=13808,toulouse
F0022,film,2026-09-13,Tournefeuille,Utopia Tournefeuille,L126,https://toulouse.cinemas-utopia.org/film/?id=13949,toulouse
F0023,film,2026-09-13,Tournefeuille,Utopia Tournefeuille,L126,https://toulouse.cinemas-utopia.org/film/?id=11952,toulouse
F0013,film,2026-09-13,Tournefeuille,Utopia Tournefeuille,L126,https://toulouse.cinemas-utopia.org/film/?id=13459,toulouse
F0036,film,2026-09-13,Tournefeuille,Utopia Tournefeuille,L126,https://toulouse.cinemas-utopia.org/film/?id=13475,toulouse
F0067,film,2026-09-13,Tournefeuille,Utopia Tournefeuille,L126,https://toulouse.cinemas-utopia.org/film/?id=13760,toulouse
F0047,film,2026-09-13,Tournefeuille,Utopia Tournefeuille,L126,https://toulouse.cinemas-utopia.org/film/?id=13952,toulouse
F0039,film,2026-09-13,Tournefeuille,Utopia Tournefeuille,L126,https://toulouse.cinemas-utopia.org/film/?id=13809,toulouse
F0002,film,2026-09-13,Tournefeuille,Utopia Tournefeuille,L126,https://toulouse.cinemas-utopia.org/film/?id=13767,toulouse
F0012,film,2026-09-13,Tournefeuille,Utopia Tournefeuille,L126,https://toulouse.cinemas-utopia.org/film/?id=13805,toulouse
F0150,film,2026-09-13,Toulouse,Le Cratère,L128,"https://relay.mvtx.us/ticketing/dbz?code_theater=P0056&gid_entity=movie.movie._.1000015418&tags=Localization.Version.Original,Format.Projection.Digital&perfd=20260913&perft=10:00&code=VO",toulouse
F0040,film,2026-09-13,Toulouse,Le Cratère,L128,"https://relay.mvtx.us/ticketing/dbz?code_theater=P0056&gid_entity=movie.movie._.310112&tags=Localization.Version.Original,Format.Projection.Digital&perfd=20260913&perft=11:50&code=VO",toulouse
F0013,film,2026-09-13,Toulouse,Le Cratère,L128,"https://relay.mvtx.us/ticketing/dbz?code_theater=P0056&gid_entity=movie.movie._.1000024105&tags=Localization.Version.Original,Format.Projection.Digital&perfd=20260913&perft=13:20&code=VO",toulouse
F0035,film,2026-09-13,Toulouse,Le Cratère,L128,"https://relay.mvtx.us/ticketing/dbz?code_theater=P0056&gid_entity=movie.movie._.1000019327&tags=Localization.Version.Original,Format.Projection.Digital&perfd=20260913&perft=16:45&code=VO",toulouse
F0062,film,2026-09-13,Toulouse,Le Cratère,L128,"https://relay.mvtx.us/ticketing/dbz?code_theater=P0056&gid_entity=movie.movie._.1000029301&tags=Localization.Version.Original,Format.Projection.Digital&perfd=20260913&perft=18:20&code=VO",toulouse
F0061,film,2026-09-13,Toulouse,Le Cratère,L128,"https://relay.mvtx.us/ticketing/dbz?code_theater=P0056&gid_entity=movie.movie._.305836&tags=Localization.Version.Original,Format.Projection.Digital&perfd=20260913&perft=20:00&code=VO",toulouse
F0026,film,2026-09-13,Toulouse,Le Cratère,L128,"https://relay.mvtx.us/ticketing/dbz?code_theater=P0056&gid_entity=movie.movie._.1000041528&tags=Localization.Version.Original,Format.Projection.Digital&perfd=20260913&perft=21:40&code=VO",toulouse
F0325,film,2026-09-13,Toulouse,Cinémathèque de Toulouse,L131,https://www.lacinemathequedetoulouse.com/programmation/agenda,toulouse
F0324,film,2026-09-13,Toulouse,Cinémathèque de Toulouse,L131,"https://relay.mvtx.us/ticketing/dbz?code_theater=P0062&gid_entity=movie.movie._.32243&tags=Showtime.Accessibility.Subtitled,Localization.Version.Original,Format.Projection.Digital&perfd=20260913&perft=16:00&code=VO; SUBTITLE",toulouse
F0374,film,2026-09-13,Toulouse,Cinémathèque de Toulouse,L131,https://www.lacinemathequedetoulouse.com/programmation/agenda,toulouse
F0375,film,2026-09-13,Toulouse,Cinémathèque de Toulouse,L131,https://www.lacinemathequedetoulouse.com/programmation/projections/37240,toulouse
F0231,film,2026-09-13,Toulouse,Cinémathèque de Toulouse,L131,https://www.lacinemathequedetoulouse.com/programmation/agenda,toulouse
F0230,film,2026-09-13,Toulouse,Cinémathèque de Toulouse,L131,"https://relay.mvtx.us/ticketing/dbz?code_theater=P0062&gid_entity=movie.movie._.41046&tags=Showtime.Accessibility.Subtitled,Localization.Version.Original,Format.Projection.Digital&perfd=20260913&perft=18:00&code=VO; SUBTITLE",toulouse
A0360,live,2026-09-13,Blagnac,Poney Club,L132,https://lebikini.com/2026/09/13/stand-with-lebanon-belaria-b2b-secret-guest-arabian-panther-lyss-jaad,toulouse
F0102,film,2026-09-13,Toulouse,Pathé Toulouse Wilson,L137,,toulouse
F0084,film,2026-09-13,Labège,Pathé Toulouse Labège,L138,,toulouse
F0302,film,2026-09-13,Labège,Pathé Toulouse Labège,L138,,toulouse
F0303,film,2026-09-13,Labège,Pathé Toulouse Labège,L138,,toulouse
F0420,film,2026-09-13,Labège,Pathé Toulouse Labège,L138,,toulouse
F0148,film,2026-09-13,Labège,Pathé Toulouse Labège,L138,,toulouse
F0304,film,2026-09-13,Labège,Pathé Toulouse Labège,L138,,toulouse
F0148,film,2026-09-13,Blagnac,CGR Blagnac,L139,"https://relay.mvtx.us/ticketing/dbz?code_theater=P0692&gid_entity=movie.movie._.1000031247&tags=Localization.Language.French,Showtime.Accessibility.Accessible&perfd=20260913&perft=18:30&code=Accès PMR; VF;",toulouse
F0024,film,2026-09-13,Fenouillet,Kinepolis Fenouillet,L140,"https://relay.mvtx.us/ticketing/dbz?code_theater=W3115&gid_entity=movie.movie._.315380&tags=Auditorium.Experience.ScreenX,Format.Projection.Digital&perfd=20260913&perft=10:50&code=Version Francaise; Screen X 2D",toulouse
F0112,film,2026-09-13,Fenouillet,Kinepolis Fenouillet,L140,"https://relay.mvtx.us/ticketing/dbz?code_theater=W3115&gid_entity=movie.movie._.186636&tags=Auditorium.Experience.ScreenX,Format.Projection.Digital&perfd=20260913&perft=13:50&code=Version Francaise; Screen X 2D",toulouse
F0166,film,2026-09-13,Fenouillet,Kinepolis Fenouillet,L140,"https://relay.mvtx.us/ticketing/dbz?code_theater=W3115&gid_entity=movie.movie._.211012&tags=Auditorium.Experience.ScreenX,Format.Projection.Digital&perfd=20260913&perft=16:40&code=Version Francaise; Screen X 2D",toulouse
F0001,film,2026-09-13,Fenouillet,Kinepolis Fenouillet,L140,"https://relay.mvtx.us/ticketing/dbz?code_theater=W3115&gid_entity=movie.movie._.276608&tags=Auditorium.Experience.ScreenX,Format.Projection.Digital&perfd=20260913&perft=20:15&code=Version Francaise; Screen X 2D",toulouse
F0345,film,2026-09-13,Toulouse,UGC Montaudran,L142,https://www.ugc.fr/film.html?id=4598&cinemaId=56,toulouse
F0383,film,2026-09-13,Toulouse,UGC Montaudran,L142,"https://relay.mvtx.us/ticketing/dbz?code_theater=W3140&gid_entity=movie.movie._.35143&tags=Showtime.Accessibility.Accessible,Localization.Version.French,Format.Projection.Digital&perfd=20260913&perft=11:00&code=apd06a; PMR; 2D; Les Pestacles UGC; VF; ",toulouse
F0107,film,2026-09-13,Toulouse,UGC Montaudran,L142,"https://relay.mvtx.us/ticketing/dbz?code_theater=W3140&gid_entity=movie.movie._.321790&tags=Showtime.Accessibility.Accessible,Localization.Version.French,Format.Projection.Digital&perfd=20260913&perft=16:00&code=apd08a; PMR; 2D; Aime et Decouvre; VF; ",toulouse
F0410,film,2026-09-13,Toulouse,UGC Montaudran,L142,"https://relay.mvtx.us/ticketing/dbz?code_theater=W3140&gid_entity=movie.movie._.1000036515&tags=Showtime.Accessibility.Accessible,Localization.Version.French,Format.Projection.Digital&perfd=20260913&perft=18:00&code=PMR; 2D; Aime et Decouvre; VF; ",toulouse
F0136,film,2026-09-13,Toulouse,UGC Montaudran,L142,"https://relay.mvtx.us/ticketing/dbz?code_theater=W3140&gid_entity=movie.movie._.300855&tags=Showtime.Accessibility.Accessible,Localization.Subtitle.French,Localization.Version.Original,Format.Projection.Digital&perfd=20260913&perft=18:00&code=SME; AUDIO; PMR; 2D; VO; ",toulouse
F0006,film,2026-09-13,Plaisance-du-Touch,Ecran7 Plaisance,L145,"https://relay.mvtx.us/ticketing/dbz?code_theater=P0918&gid_entity=movie.movie._.314503&tags=Localization.Language.French,Showtime.Accessibility.Dubbed,Format.Projection.Digital,Showtime.Accessibility.Accessible&perfd=20260913&perft=11:00",toulouse
F0007,film,2026-09-13,Plaisance-du-Touch,Ecran7 Plaisance,L145,"https://relay.mvtx.us/ticketing/dbz?code_theater=P0918&gid_entity=movie.movie._.257425&tags=Localization.Language.French,Showtime.Accessibility.Dubbed,Format.Projection.Digital,Showtime.Accessibility.Accessible&perfd=20260913&perft=11:00",toulouse
F0005,film,2026-09-13,Plaisance-du-Touch,Ecran7 Plaisance,L145,"https://relay.mvtx.us/ticketing/dbz?code_theater=P0918&gid_entity=movie.movie._.188280&tags=Localization.Version.Original,Format.Projection.Digital,Showtime.Accessibility.Accessible&perfd=20260913&perft=11:00",toulouse
F0041,film,2026-09-13,Plaisance-du-Touch,Ecran7 Plaisance,L145,"https://relay.mvtx.us/ticketing/dbz?code_theater=P0918&gid_entity=movie.movie._.323826&tags=Localization.Language.French,Format.Projection.Digital,Showtime.Accessibility.Accessible&perfd=20260913&perft=13:30",toulouse
F0003,film,2026-09-13,Plaisance-du-Touch,Ecran7 Plaisance,L145,"https://relay.mvtx.us/ticketing/dbz?code_theater=P0918&gid_entity=movie.movie._.1000014969&tags=Localization.Language.French,Showtime.Accessibility.Dubbed,Format.Projection.Digital,Showtime.Accessibility.Accessible&perfd=20260913&perft=13:45",toulouse
F0004,film,2026-09-13,Plaisance-du-Touch,Ecran7 Plaisance,L145,"https://relay.mvtx.us/ticketing/dbz?code_theater=P0918&gid_entity=movie.movie._.1000032856&tags=Localization.Language.French,Format.Projection.Digital,Showtime.Accessibility.Accessible&perfd=20260913&perft=15:30",toulouse
F0001,film,2026-09-13,Plaisance-du-Touch,Ecran7 Plaisance,L145,"https://relay.mvtx.us/ticketing/dbz?code_theater=P0918&gid_entity=movie.movie._.276608&tags=Localization.Language.French,Showtime.Accessibility.Dubbed,BoostPos.Image.2D,Format.Projection.Digital,Showtime.Accessibility.Accessible&perfd=20260913&perft=15:45",toulouse
F0002,film,2026-09-13,Plaisance-du-Touch,Ecran7 Plaisance,L145,"https://relay.mvtx.us/ticketing/dbz?code_theater=P0918&gid_entity=movie.movie._.1000013045&tags=Localization.Language.French,Showtime.Accessibility.Dubbed,Format.Projection.Digital,Showtime.Accessibility.Accessible&perfd=20260913&perft=17:30",toulouse
F0014,film,2026-09-13,Plaisance-du-Touch,Ecran7 Plaisance,L145,"https://relay.mvtx.us/ticketing/dbz?code_theater=P0918&gid_entity=movie.movie._.316021&tags=Localization.Language.French,Showtime.Accessibility.Dubbed,Format.Projection.Digital,Showtime.Accessibility.Accessible&perfd=20260913&perft=20:30",toulouse
F0033,film,2026-09-13,Plaisance-du-Touch,Ecran7 Plaisance,L145,"https://relay.mvtx.us/ticketing/dbz?code_theater=P0918&gid_entity=movie.movie._.1000023007&tags=Localization.Version.Original,Format.Projection.Digital,Showtime.Accessibility.Accessible&perfd=20260913&perft=20:30",toulouse
F0011,film,2026-09-13,Plaisance-du-Touch,Ecran7 Plaisance,L145,"https://relay.mvtx.us/ticketing/dbz?code_theater=P0918&gid_entity=movie.movie._.1000002942&tags=Localization.Language.French,Showtime.Accessibility.Dubbed,Format.Projection.Digital,Showtime.Accessibility.Accessible&perfd=20260913&perft=20:45",toulouse
F0038,film,2026-09-13,Castelginest,Le Castelia,L146,"https://relay.mvtx.us/ticketing/dbz?code_theater=P0583&gid_entity=movie.movie._.1000022217&tags=Localization.Language.French,Showtime.Accessibility.Accessible,Format.Projection.Digital&perfd=20260913&perft=13:30&code=VF; DISABLED ACCESS",toulouse
F0004,film,2026-09-13,Castelginest,Le Castelia,L146,"https://relay.mvtx.us/ticketing/dbz?code_theater=P0583&gid_entity=movie.movie._.1000032856&tags=Localization.Language.French,Showtime.Accessibility.Accessible,Format.Projection.Digital&perfd=20260913&perft=15:30&code=VF; DISABLED ACCESS",toulouse
F0001,film,2026-09-13,Castelginest,Le Castelia,L146,"https://relay.mvtx.us/ticketing/dbz?code_theater=P0583&gid_entity=movie.movie._.276608&tags=Localization.Language.French,Showtime.Accessibility.Accessible,Format.Projection.Digital&perfd=20260913&perft=17:30&code=VF; DISABLED ACCESS",toulouse
F0005,film,2026-09-13,Castelginest,Le Castelia,L146,"https://relay.mvtx.us/ticketing/dbz?code_theater=P0583&gid_entity=movie.movie._.188280&tags=Showtime.Accessibility.Subtitled,Localization.Version.Original,Showtime.Accessibility.Accessible,Format.Projection.Digital&perfd=20260913&perft=20:45&code=VO; SUBTITLE; DISABLED ACCESS",toulouse
F0227,film,2026-09-13,Castanet-Tolosan,MJC Ciné 113,L148,https://www.mjc-castanet-tolosan.fr/cinema-cine-113/,toulouse
F0038,film,2026-09-13,Castanet-Tolosan,MJC Ciné 113,L148,"https://relay.mvtx.us/ticketing/dbz?code_theater=P2235&gid_entity=movie.movie._.1000022217&tags=Localization.Language.French,Format.Projection.Digital&perfd=20260913&perft=10:15&code=VF",toulouse
F0011,film,2026-09-13,Castanet-Tolosan,MJC Ciné 113,L148,"https://relay.mvtx.us/ticketing/dbz?code_theater=P2235&gid_entity=movie.movie._.1000002942&tags=Localization.Language.French,Format.Projection.Digital&perfd=20260913&perft=14:00&code=VF",toulouse
F0126,film,2026-09-13,Castanet-Tolosan,MJC Ciné 113,L148,"https://relay.mvtx.us/ticketing/dbz?code_theater=P2235&gid_entity=movie.movie._.327754&tags=Localization.Language.French,Format.Projection.Digital&perfd=20260913&perft=16:00&code=VF",toulouse
F0030,film,2026-09-13,Castanet-Tolosan,MJC Ciné 113,L148,"https://relay.mvtx.us/ticketing/dbz?code_theater=P2235&gid_entity=movie.movie._.1000019899&tags=Localization.Language.French,Format.Projection.Digital&perfd=20260913&perft=18:00&code=VF",toulouse
F0443,film,2026-09-13,Castanet-Tolosan,MJC Ciné 113,L148,https://www.mjc-castanet-tolosan.fr/cinema-cine-113/,toulouse
F0053,film,2026-09-13,Castanet-Tolosan,MJC Ciné 113,L148,"https://relay.mvtx.us/ticketing/dbz?code_theater=P2235&gid_entity=movie.movie._.316460&tags=Localization.Version.Original,Format.Projection.Digital&perfd=20260913&perft=20:30&code=VO",toulouse
A0361,live,2026-09-13,Lasserre-Pradère,Café associatif Le Buv'Art,L153,https://foyerrurallasserrepradere.fr/agenda/agenda-culturel-le-buvart/le-voyage-de-zacario-8252135,toulouse
F0037,film,2026-09-14,Toulouse,Utopia Borderouge,L125,https://toulouse.cinemas-utopia.org/film/?id=13251,toulouse
F0035,film,2026-09-14,Toulouse,Utopia Borderouge,L125,https://toulouse.cinemas-utopia.org/film/?id=13722,toulouse
F0046,film,2026-09-14,Toulouse,Utopia Borderouge,L125,https://toulouse.cinemas-utopia.org/film?id=13251,toulouse
F0018,film,2026-09-14,Toulouse,Utopia Borderouge,L125,https://toulouse.cinemas-utopia.org/film/?id=13474,toulouse
F0026,film,2026-09-14,Toulouse,Utopia Borderouge,L125,https://toulouse.cinemas-utopia.org/film/?id=13696,toulouse
F0034,film,2026-09-14,Toulouse,Utopia Borderouge,L125,https://toulouse.cinemas-utopia.org/film/?id=13462,toulouse
F0044,film,2026-09-14,Toulouse,Utopia Borderouge,L125,https://toulouse.cinemas-utopia.org/film?id=13462,toulouse
F0033,film,2026-09-14,Toulouse,Utopia Borderouge,L125,https://toulouse.cinemas-utopia.org/film/?id=13754,toulouse
F0056,film,2026-09-14,Toulouse,Utopia Borderouge,L125,https://toulouse.cinemas-utopia.org/film/?id=13551,toulouse
F0006,film,2026-09-14,Toulouse,Utopia Borderouge,L125,https://toulouse.cinemas-utopia.org/film/?id=14045,toulouse
F0051,film,2026-09-14,Toulouse,Utopia Borderouge,L125,https://toulouse.cinemas-utopia.org/film/?id=13341,toulouse
F0069,film,2026-09-14,Toulouse,Utopia Borderouge,L125,https://toulouse.cinemas-utopia.org/film/?id=13240,toulouse
F0072,film,2026-09-14,Toulouse,Utopia Borderouge,L125,https://toulouse.cinemas-utopia.org/film?id=13240,toulouse
F0005,film,2026-09-14,Toulouse,Utopia Borderouge,L125,https://toulouse.cinemas-utopia.org/film/?id=13457,toulouse
F0010,film,2026-09-14,Toulouse,Utopia Borderouge,L125,https://toulouse.cinemas-utopia.org/film/?id=13449,toulouse
F0022,film,2026-09-14,Tournefeuille,Utopia Tournefeuille,L126,https://toulouse.cinemas-utopia.org/film/?id=13949,toulouse
F0013,film,2026-09-14,Tournefeuille,Utopia Tournefeuille,L126,https://toulouse.cinemas-utopia.org/film/?id=13459,toulouse
F0010,film,2026-09-14,Tournefeuille,Utopia Tournefeuille,L126,https://toulouse.cinemas-utopia.org/film/?id=13449,toulouse
F0039,film,2026-09-14,Tournefeuille,Utopia Tournefeuille,L126,https://toulouse.cinemas-utopia.org/film/?id=13809,toulouse
F0018,film,2026-09-14,Tournefeuille,Utopia Tournefeuille,L126,https://toulouse.cinemas-utopia.org/film/?id=13474,toulouse
F0005,film,2026-09-14,Tournefeuille,Utopia Tournefeuille,L126,https://toulouse.cinemas-utopia.org/film/?id=13457,toulouse
F0025,film,2026-09-14,Tournefeuille,Utopia Tournefeuille,L126,https://toulouse.cinemas-utopia.org/film/?id=13808,toulouse
F0012,film,2026-09-14,Tournefeuille,Utopia Tournefeuille,L126,https://toulouse.cinemas-utopia.org/film/?id=13805,toulouse
F0023,film,2026-09-14,Tournefeuille,Utopia Tournefeuille,L126,https://toulouse.cinemas-utopia.org/film/?id=11952,toulouse
F0028,film,2026-09-14,Tournefeuille,Utopia Tournefeuille,L126,https://toulouse.cinemas-utopia.org/film/?id=13804,toulouse
F0330,film,2026-09-14,Tournefeuille,Utopia Tournefeuille,L126,https://toulouse.cinemas-utopia.org/film/?id=11834,toulouse
F0337,film,2026-09-14,Tournefeuille,Utopia Tournefeuille,L126,https://toulouse.cinemas-utopia.org/film?id=11834&src=evnmnt7778,toulouse
F0047,film,2026-09-14,Tournefeuille,Utopia Tournefeuille,L126,https://toulouse.cinemas-utopia.org/film/?id=13952,toulouse
F0036,film,2026-09-14,Tournefeuille,Utopia Tournefeuille,L126,https://toulouse.cinemas-utopia.org/film/?id=13475,toulouse
F0013,film,2026-09-14,Toulouse,Le Cratère,L128,"https://relay.mvtx.us/ticketing/dbz?code_theater=P0056&gid_entity=movie.movie._.1000024105&tags=Localization.Version.Original,Format.Projection.Digital&perfd=20260914&perft=10:00&code=VO",toulouse
F0082,film,2026-09-14,Toulouse,Le Cratère,L128,"https://relay.mvtx.us/ticketing/dbz?code_theater=P0056&gid_entity=movie.movie._.325471&tags=Localization.Version.Original,Format.Projection.Digital&perfd=20260914&perft=13:25&code=VO",toulouse
F0010,film,2026-09-14,Toulouse,Le Cratère,L128,"https://relay.mvtx.us/ticketing/dbz?code_theater=P0056&gid_entity=movie.movie._.1000037046&tags=Localization.Version.Original,Format.Projection.Digital&perfd=20260914&perft=16:40&code=VO",toulouse
F0062,film,2026-09-14,Toulouse,Le Cratère,L128,"https://relay.mvtx.us/ticketing/dbz?code_theater=P0056&gid_entity=movie.movie._.1000029301&tags=Localization.Version.Original,Format.Projection.Digital&perfd=20260914&perft=18:05&code=VO",toulouse
F0026,film,2026-09-14,Toulouse,Le Cratère,L128,"https://relay.mvtx.us/ticketing/dbz?code_theater=P0056&gid_entity=movie.movie._.1000041528&tags=Localization.Version.Original,Format.Projection.Digital&perfd=20260914&perft=19:45&code=VO",toulouse
F0074,film,2026-09-14,Toulouse,Le Cratère,L128,"https://relay.mvtx.us/ticketing/dbz?code_theater=P0056&gid_entity=movie.movie._.282094&tags=Localization.Version.Original,Format.Projection.Digital&perfd=20260914&perft=21:15&code=VO",toulouse
A0140,live,2026-09-14,Toulouse,Couvent / Cloître des Jacobins,L134,https://www.radiofrance.fr/francemusique/evenements/festival-festival-piano-jacobins-du-8-au-30-septembre-2026-6541388,toulouse
F0305,film,2026-09-14,Labège,Pathé Toulouse Labège,L138,,toulouse
F0001,film,2026-09-14,Fenouillet,Kinepolis Fenouillet,L140,"https://relay.mvtx.us/ticketing/dbz?code_theater=W3115&gid_entity=movie.movie._.276608&tags=Auditorium.Experience.ScreenX,Format.Projection.Digital&perfd=20260914&perft=13:30&code=Version Francaise; Screen X 2D",toulouse
F0161,film,2026-09-14,Fenouillet,Kinepolis Fenouillet,L140,"https://relay.mvtx.us/ticketing/dbz?code_theater=W3115&gid_entity=movie.movie._.282076&tags=Auditorium.Experience.ScreenX,Format.Projection.Digital&perfd=20260914&perft=16:50&code=Version Francaise; Screen X 2D",toulouse
F0256,film,2026-09-14,Fenouillet,Kinepolis Fenouillet,L140,"https://relay.mvtx.us/ticketing/dbz?code_theater=W3115&gid_entity=movie.movie._.2133&tags=Auditorium.Experience.ScreenX,Format.Projection.Digital&perfd=20260914&perft=20:00&code=Version Francaise; Screen X 2D",toulouse
F0354,film,2026-09-14,Toulouse,UGC Montaudran,L142,"https://relay.mvtx.us/ticketing/dbz?code_theater=W3140&gid_entity=movie.movie._.318225&tags=Showtime.Accessibility.Accessible,Localization.Version.French,Format.Projection.Digital&perfd=20260914&perft=20:30&code=PMR; 2D; Aime et Decouvre; VF; ",toulouse
F0053,film,2026-09-14,Ramonville-Saint-Agne,L'Autan,L143,"https://relay.mvtx.us/ticketing/dbz?code_theater=P0881&gid_entity=movie.movie._.316460&tags=Showtime.Accessibility.Subtitled,Localization.Version.Original,Showtime.Accessibility.Accessible,Format.Projection.Digital&perfd=20260914&perft=15:00&code=VO; SUBTITLE; DISABLED ACCESS",toulouse
F0078,film,2026-09-14,Ramonville-Saint-Agne,L'Autan,L143,"https://relay.mvtx.us/ticketing/dbz?code_theater=P0881&gid_entity=movie.movie._.305835&tags=Showtime.Accessibility.Subtitled,Localization.Version.Original,Showtime.Accessibility.Accessible,Format.Projection.Digital&perfd=20260914&perft=17:30&code=VO; SUBTITLE; DISABLED ACCESS",toulouse
F0184,film,2026-09-14,Ramonville-Saint-Agne,L'Autan,L143,"https://relay.mvtx.us/ticketing/dbz?code_theater=P0881&gid_entity=movie.movie._.1000017047&tags=Showtime.Accessibility.Subtitled,Localization.Version.Original,Showtime.Accessibility.Accessible,Format.Projection.Digital&perfd=20260914&perft=21:00&code=VO; SUBTITLE; DISABLED ACCESS",toulouse
F0041,film,2026-09-14,Plaisance-du-Touch,Ecran7 Plaisance,L145,"https://relay.mvtx.us/ticketing/dbz?code_theater=P0918&gid_entity=movie.movie._.323826&tags=Localization.Language.French,Format.Projection.Digital,Showtime.Accessibility.Accessible&perfd=20260914&perft=14:00",toulouse
F0014,film,2026-09-14,Plaisance-du-Touch,Ecran7 Plaisance,L145,"https://relay.mvtx.us/ticketing/dbz?code_theater=P0918&gid_entity=movie.movie._.316021&tags=Localization.Language.French,Showtime.Accessibility.Dubbed,Format.Projection.Digital,Showtime.Accessibility.Accessible&perfd=20260914&perft=14:00",toulouse
F0033,film,2026-09-14,Plaisance-du-Touch,Ecran7 Plaisance,L145,"https://relay.mvtx.us/ticketing/dbz?code_theater=P0918&gid_entity=movie.movie._.1000023007&tags=Localization.Version.Original,Format.Projection.Digital,Showtime.Accessibility.Accessible&perfd=20260914&perft=14:00",toulouse
F0005,film,2026-09-14,Plaisance-du-Touch,Ecran7 Plaisance,L145,"https://relay.mvtx.us/ticketing/dbz?code_theater=P0918&gid_entity=movie.movie._.188280&tags=Localization.Version.Original,Format.Projection.Digital,Showtime.Accessibility.Accessible&perfd=20260914&perft=16:00",toulouse
F0011,film,2026-09-14,Plaisance-du-Touch,Ecran7 Plaisance,L145,"https://relay.mvtx.us/ticketing/dbz?code_theater=P0918&gid_entity=movie.movie._.1000002942&tags=Localization.Language.French,Showtime.Accessibility.Dubbed,Format.Projection.Digital,Showtime.Accessibility.Accessible&perfd=20260914&perft=16:15",toulouse
F0006,film,2026-09-14,Plaisance-du-Touch,Ecran7 Plaisance,L145,"https://relay.mvtx.us/ticketing/dbz?code_theater=P0918&gid_entity=movie.movie._.314503&tags=Localization.Language.French,Showtime.Accessibility.Dubbed,Format.Projection.Digital,Showtime.Accessibility.Accessible&perfd=20260914&perft=16:30",toulouse
F0001,film,2026-09-14,Plaisance-du-Touch,Ecran7 Plaisance,L145,"https://relay.mvtx.us/ticketing/dbz?code_theater=P0918&gid_entity=movie.movie._.276608&tags=Localization.Version.Original,BoostPos.Image.2D,Format.Projection.Digital,Showtime.Accessibility.Accessible&perfd=20260914&perft=18:15",toulouse
F0004,film,2026-09-14,Plaisance-du-Touch,Ecran7 Plaisance,L145,"https://relay.mvtx.us/ticketing/dbz?code_theater=P0918&gid_entity=movie.movie._.1000032856&tags=Localization.Language.French,Format.Projection.Digital,Showtime.Accessibility.Accessible&perfd=20260914&perft=18:30",toulouse
F0003,film,2026-09-14,Plaisance-du-Touch,Ecran7 Plaisance,L145,"https://relay.mvtx.us/ticketing/dbz?code_theater=P0918&gid_entity=movie.movie._.1000014969&tags=Localization.Language.French,Showtime.Accessibility.Dubbed,Format.Projection.Digital,Showtime.Accessibility.Accessible&perfd=20260914&perft=21:00",toulouse
F0002,film,2026-09-14,Castelginest,Le Castelia,L146,"https://relay.mvtx.us/ticketing/dbz?code_theater=P0583&gid_entity=movie.movie._.1000013045&tags=Localization.Language.French,Showtime.Accessibility.Accessible,Format.Projection.Digital&perfd=20260914&perft=15:00&code=VF; DISABLED ACCESS",toulouse
F0011,film,2026-09-14,Castelginest,Le Castelia,L146,"https://relay.mvtx.us/ticketing/dbz?code_theater=P0583&gid_entity=movie.movie._.1000002942&tags=Localization.Language.French,Showtime.Accessibility.Accessible,Format.Projection.Digital&perfd=20260914&perft=18:30&code=VF; DISABLED ACCESS",toulouse
F0014,film,2026-09-14,Castelginest,Le Castelia,L146,"https://relay.mvtx.us/ticketing/dbz?code_theater=P0583&gid_entity=movie.movie._.316021&tags=Showtime.Accessibility.Subtitled,Localization.Version.Original,Showtime.Accessibility.Accessible,Format.Projection.Digital&perfd=20260914&perft=20:30&code=VO; SUBTITLE; DISABLED ACCESS",toulouse
F0021,film,2026-09-14,Castanet-Tolosan,MJC Ciné 113,L148,"https://relay.mvtx.us/ticketing/dbz?code_theater=P2235&gid_entity=movie.movie._.1000033718&tags=Localization.Language.French,Format.Projection.Digital&perfd=20260914&perft=14:15&code=VF",toulouse
F0019,film,2026-09-14,Castanet-Tolosan,MJC Ciné 113,L148,"https://relay.mvtx.us/ticketing/dbz?code_theater=P2235&gid_entity=movie.movie._.321617&tags=Localization.Language.French,Format.Projection.Digital&perfd=20260914&perft=17:15&code=VF",toulouse
F0159,film,2026-09-14,Castanet-Tolosan,MJC Ciné 113,L148,https://www.mjc-castanet-tolosan.fr/cinema-cine-113/,toulouse
F0014,film,2026-09-14,Castanet-Tolosan,MJC Ciné 113,L148,"https://relay.mvtx.us/ticketing/dbz?code_theater=P2235&gid_entity=movie.movie._.316021&tags=Localization.Version.Original,Format.Projection.Digital&perfd=20260914&perft=20:15&code=VO",toulouse
A0002,live,2026-09-15,Toulouse,Théâtre Les 3 T,L047,https://new.3tcafetheatre.com/spectacle/les-faux-british/,toulouse
A0428,live,2026-09-15,Toulouse,Le Bijou,L078,https://www.le-bijou.net/event-details/quouis-je-le-blind-test-decale-4,toulouse
F0002,film,2026-09-15,Toulouse,Utopia Borderouge,L125,https://toulouse.cinemas-utopia.org/film/?id=13767,toulouse
F0018,film,2026-09-15,Toulouse,Utopia Borderouge,L125,https://toulouse.cinemas-utopia.org/film/?id=13474,toulouse
F0068,film,2026-09-15,Toulouse,Utopia Borderouge,L125,https://toulouse.cinemas-utopia.org/film/?id=14060,toulouse
F0013,film,2026-09-15,Toulouse,Utopia Borderouge,L125,https://toulouse.cinemas-utopia.org/film/?id=13459,toulouse
F0035,film,2026-09-15,Toulouse,Utopia Borderouge,L125,https://toulouse.cinemas-utopia.org/film/?id=13722,toulouse
F0006,film,2026-09-15,Toulouse,Utopia Borderouge,L125,https://toulouse.cinemas-utopia.org/film/?id=14045,toulouse
F0005,film,2026-09-15,Toulouse,Utopia Borderouge,L125,https://toulouse.cinemas-utopia.org/film/?id=13457,toulouse
F0033,film,2026-09-15,Toulouse,Utopia Borderouge,L125,https://toulouse.cinemas-utopia.org/film/?id=13754,toulouse
F0040,film,2026-09-15,Toulouse,Utopia Borderouge,L125,https://toulouse.cinemas-utopia.org/film/?id=13042,toulouse
F0010,film,2026-09-15,Toulouse,Utopia Borderouge,L125,https://toulouse.cinemas-utopia.org/film/?id=13449,toulouse
F0026,film,2026-09-15,Toulouse,Utopia Borderouge,L125,https://toulouse.cinemas-utopia.org/film/?id=13696,toulouse
F0028,film,2026-09-15,Tournefeuille,Utopia Tournefeuille,L126,https://toulouse.cinemas-utopia.org/film/?id=13804,toulouse
F0025,film,2026-09-15,Tournefeuille,Utopia Tournefeuille,L126,https://toulouse.cinemas-utopia.org/film/?id=13808,toulouse
F0018,film,2026-09-15,Tournefeuille,Utopia Tournefeuille,L126,https://toulouse.cinemas-utopia.org/film/?id=13474,toulouse
F0023,film,2026-09-15,Tournefeuille,Utopia Tournefeuille,L126,https://toulouse.cinemas-utopia.org/film/?id=11952,toulouse
F0036,film,2026-09-15,Tournefeuille,Utopia Tournefeuille,L126,https://toulouse.cinemas-utopia.org/film/?id=13475,toulouse
F0047,film,2026-09-15,Tournefeuille,Utopia Tournefeuille,L126,https://toulouse.cinemas-utopia.org/film/?id=13952,toulouse
F0022,film,2026-09-15,Tournefeuille,Utopia Tournefeuille,L126,https://toulouse.cinemas-utopia.org/film/?id=13949,toulouse
F0096,film,2026-09-15,Tournefeuille,Utopia Tournefeuille,L126,https://toulouse.cinemas-utopia.org/film/?id=6729,toulouse
F0005,film,2026-09-15,Tournefeuille,Utopia Tournefeuille,L126,https://toulouse.cinemas-utopia.org/film/?id=13457,toulouse
F0012,film,2026-09-15,Tournefeuille,Utopia Tournefeuille,L126,https://toulouse.cinemas-utopia.org/film/?id=13805,toulouse
F0107,film,2026-09-15,Tournefeuille,Utopia Tournefeuille,L126,https://toulouse.cinemas-utopia.org/film/?id=13446,toulouse
F0039,film,2026-09-15,Tournefeuille,Utopia Tournefeuille,L126,https://toulouse.cinemas-utopia.org/film/?id=13809,toulouse
F0453,film,2026-09-15,Toulouse,Cinéma ABC,L127,"https://relay.mvtx.us/ticketing/dbz?code_theater=P0071&gid_entity=movie.movie._.1000028074&tags=Localization.Language.French,Showtime.Accessibility.Accessible,Showtime.Event.Preview,Showtime.Event.Headline,Format.Projection.Digital&perfd=20260915&perft=20:15&code=VF; DISABLED ACCESS; PREVIEW; HEADLINE",toulouse
F0035,film,2026-09-15,Toulouse,Le Cratère,L128,"https://relay.mvtx.us/ticketing/dbz?code_theater=P0056&gid_entity=movie.movie._.1000019327&tags=Localization.Version.Original,Format.Projection.Digital&perfd=20260915&perft=10:00&code=VO",toulouse
F0150,film,2026-09-15,Toulouse,Le Cratère,L128,"https://relay.mvtx.us/ticketing/dbz?code_theater=P0056&gid_entity=movie.movie._.1000015418&tags=Localization.Version.Original,Format.Projection.Digital&perfd=20260915&perft=11:35&code=VO",toulouse
F0010,film,2026-09-15,Toulouse,Le Cratère,L128,"https://relay.mvtx.us/ticketing/dbz?code_theater=P0056&gid_entity=movie.movie._.1000037046&tags=Localization.Version.Original,Format.Projection.Digital&perfd=20260915&perft=13:25&code=VO",toulouse
F0053,film,2026-09-15,Toulouse,Le Cratère,L128,"https://relay.mvtx.us/ticketing/dbz?code_theater=P0056&gid_entity=movie.movie._.316460&tags=Localization.Version.Original,Format.Projection.Digital&perfd=20260915&perft=14:50&code=VO",toulouse
F0070,film,2026-09-15,Toulouse,Le Cratère,L128,"https://relay.mvtx.us/ticketing/dbz?code_theater=P0056&gid_entity=movie.movie._.289867&tags=Localization.Version.Original,Format.Projection.Digital&perfd=20260915&perft=16:55&code=VO",toulouse
F0061,film,2026-09-15,Toulouse,Le Cratère,L128,"https://relay.mvtx.us/ticketing/dbz?code_theater=P0056&gid_entity=movie.movie._.305836&tags=Localization.Version.Original,Format.Projection.Digital&perfd=20260915&perft=19:00&code=VO",toulouse
F0062,film,2026-09-15,Toulouse,Le Cratère,L128,"https://relay.mvtx.us/ticketing/dbz?code_theater=P0056&gid_entity=movie.movie._.1000029301&tags=Localization.Version.Original,Format.Projection.Digital&perfd=20260915&perft=20:40&code=VO",toulouse
F0329,film,2026-09-15,Toulouse,Cinémathèque de Toulouse,L131,https://www.lacinemathequedetoulouse.com/programmation/agenda,toulouse
F0328,film,2026-09-15,Toulouse,Cinémathèque de Toulouse,L131,"https://relay.mvtx.us/ticketing/dbz?code_theater=P0062&gid_entity=movie.movie._.294777&tags=Showtime.Accessibility.Subtitled,Localization.Version.Original,Format.Projection.Digital&perfd=20260915&perft=19:00&code=VO; SUBTITLE",toulouse
F0216,film,2026-09-15,Toulouse,Cinémathèque de Toulouse,L131,https://www.lacinemathequedetoulouse.com/programmation/agenda,toulouse
F0217,film,2026-09-15,Toulouse,Cinémathèque de Toulouse,L131,https://www.lacinemathequedetoulouse.com/programmation/projections/37236,toulouse
A0141,live,2026-09-15,Toulouse,Couvent / Cloître des Jacobins,L134,https://www.radiofrance.fr/francemusique/evenements/festival-festival-piano-jacobins-du-8-au-30-septembre-2026-6541388,toulouse
F0102,film,2026-09-15,Toulouse,Pathé Toulouse Wilson,L137,,toulouse
F0191,film,2026-09-15,Toulouse,Pathé Toulouse Wilson,L137,,toulouse
F0191,film,2026-09-15,Labège,Pathé Toulouse Labège,L138,,toulouse
F0307,film,2026-09-15,Labège,Pathé Toulouse Labège,L138,,toulouse
F0166,film,2026-09-15,Fenouillet,Kinepolis Fenouillet,L140,"https://relay.mvtx.us/ticketing/dbz?code_theater=W3115&gid_entity=movie.movie._.211012&tags=Auditorium.Experience.ScreenX,Format.Projection.Digital&perfd=20260915&perft=13:45&code=Version Francaise; Screen X 2D",toulouse
F0001,film,2026-09-15,Fenouillet,Kinepolis Fenouillet,L140,"https://relay.mvtx.us/ticketing/dbz?code_theater=W3115&gid_entity=movie.movie._.276608&tags=Auditorium.Experience.ScreenX,Format.Projection.Digital&perfd=20260915&perft=17:15&code=Version Francaise; Screen X 2D",toulouse
F0112,film,2026-09-15,Fenouillet,Kinepolis Fenouillet,L140,"https://relay.mvtx.us/ticketing/dbz?code_theater=W3115&gid_entity=movie.movie._.186636&tags=Auditorium.Experience.ScreenX,Format.Projection.Digital&perfd=20260915&perft=20:15&code=Version Francaise; Screen X 2D",toulouse
F0066,film,2026-09-15,Fenouillet,Kinepolis Fenouillet,L140,https://relay.mvtx.us/ticketing/dbz?code_theater=W3115&gid_entity=movie.movie._.14083&tags=Format.Projection.Digital&perfd=20260915&perft=20:15&code=Version Originale; Sous-titres : Francais; 2D,toulouse
F0043,film,2026-09-15,Toulouse,UGC Montaudran,L142,"https://relay.mvtx.us/ticketing/dbz?code_theater=W3140&gid_entity=movie.movie._.324014&tags=Showtime.Accessibility.Accessible,Localization.Version.French,Format.Projection.Digital&perfd=20260915&perft=20:30&code=PMR; 2D; Aime et Decouvre; VF; ",toulouse
F0035,film,2026-09-15,Ramonville-Saint-Agne,L'Autan,L143,"https://relay.mvtx.us/ticketing/dbz?code_theater=P0881&gid_entity=movie.movie._.1000019327&tags=Localization.Language.French,Showtime.Accessibility.Accessible,Format.Projection.Digital&perfd=20260915&perft=15:30&code=VF; DISABLED ACCESS",toulouse
F0078,film,2026-09-15,Ramonville-Saint-Agne,L'Autan,L143,"https://relay.mvtx.us/ticketing/dbz?code_theater=P0881&gid_entity=movie.movie._.305835&tags=Showtime.Accessibility.Subtitled,Localization.Version.Original,Showtime.Accessibility.Accessible,Format.Projection.Digital&perfd=20260915&perft=17:30&code=VO; SUBTITLE; DISABLED ACCESS",toulouse
F0053,film,2026-09-15,Ramonville-Saint-Agne,L'Autan,L143,"https://relay.mvtx.us/ticketing/dbz?code_theater=P0881&gid_entity=movie.movie._.316460&tags=Showtime.Accessibility.Subtitled,Localization.Version.Original,Showtime.Accessibility.Accessible,Format.Projection.Digital&perfd=20260915&perft=21:00&code=VO; SUBTITLE; DISABLED ACCESS",toulouse
F0005,film,2026-09-15,Plaisance-du-Touch,Ecran7 Plaisance,L145,"https://relay.mvtx.us/ticketing/dbz?code_theater=P0918&gid_entity=movie.movie._.188280&tags=Localization.Version.Original,Format.Projection.Digital,Showtime.Accessibility.Accessible&perfd=20260915&perft=13:45",toulouse
F0003,film,2026-09-15,Plaisance-du-Touch,Ecran7 Plaisance,L145,"https://relay.mvtx.us/ticketing/dbz?code_theater=P0918&gid_entity=movie.movie._.1000014969&tags=Localization.Language.French,Showtime.Accessibility.Dubbed,Format.Projection.Digital,Showtime.Accessibility.Accessible&perfd=20260915&perft=14:00",toulouse
F0011,film,2026-09-15,Plaisance-du-Touch,Ecran7 Plaisance,L145,"https://relay.mvtx.us/ticketing/dbz?code_theater=P0918&gid_entity=movie.movie._.1000002942&tags=Localization.Language.French,Showtime.Accessibility.Dubbed,Format.Projection.Digital,Showtime.Accessibility.Accessible&perfd=20260915&perft=14:00",toulouse
F0033,film,2026-09-15,Plaisance-du-Touch,Ecran7 Plaisance,L145,"https://relay.mvtx.us/ticketing/dbz?code_theater=P0918&gid_entity=movie.movie._.1000023007&tags=Localization.Version.Original,BoostPos.XpEtLabels.DerniereSeance,Format.Projection.Digital,Showtime.Accessibility.Accessible&perfd=20260915&perft=16:15",toulouse
F0041,film,2026-09-15,Plaisance-du-Touch,Ecran7 Plaisance,L145,"https://relay.mvtx.us/ticketing/dbz?code_theater=P0918&gid_entity=movie.movie._.323826&tags=Localization.Language.French,Format.Projection.Digital,Showtime.Accessibility.Accessible&perfd=20260915&perft=16:30",toulouse
F0004,film,2026-09-15,Plaisance-du-Touch,Ecran7 Plaisance,L145,"https://relay.mvtx.us/ticketing/dbz?code_theater=P0918&gid_entity=movie.movie._.1000032856&tags=Localization.Language.French,Format.Projection.Digital,Showtime.Accessibility.Accessible&perfd=20260915&perft=16:30",toulouse
F0001,film,2026-09-15,Plaisance-du-Touch,Ecran7 Plaisance,L145,"https://relay.mvtx.us/ticketing/dbz?code_theater=P0918&gid_entity=movie.movie._.276608&tags=Localization.Language.French,Showtime.Accessibility.Dubbed,BoostPos.Image.2D,Format.Projection.Digital,Showtime.Accessibility.Accessible&perfd=20260915&perft=18:15",toulouse
F0006,film,2026-09-15,Plaisance-du-Touch,Ecran7 Plaisance,L145,"https://relay.mvtx.us/ticketing/dbz?code_theater=P0918&gid_entity=movie.movie._.314503&tags=Localization.Language.French,Showtime.Accessibility.Dubbed,Format.Projection.Digital,Showtime.Accessibility.Accessible&perfd=20260915&perft=18:30",toulouse
F0014,film,2026-09-15,Plaisance-du-Touch,Ecran7 Plaisance,L145,"https://relay.mvtx.us/ticketing/dbz?code_theater=P0918&gid_entity=movie.movie._.316021&tags=Localization.Version.Original,Format.Projection.Digital,Showtime.Accessibility.Accessible&perfd=20260915&perft=18:30",toulouse
F0002,film,2026-09-15,Plaisance-du-Touch,Ecran7 Plaisance,L145,"https://relay.mvtx.us/ticketing/dbz?code_theater=P0918&gid_entity=movie.movie._.1000013045&tags=Localization.Language.French,Showtime.Accessibility.Dubbed,Format.Projection.Digital,Showtime.Accessibility.Accessible&perfd=20260915&perft=20:30",toulouse
F0005,film,2026-09-15,Castelginest,Le Castelia,L146,"https://relay.mvtx.us/ticketing/dbz?code_theater=P0583&gid_entity=movie.movie._.188280&tags=Showtime.Accessibility.Subtitled,Localization.Version.Original,Showtime.Accessibility.Accessible,Format.Projection.Digital&perfd=20260915&perft=18:00&code=VO; SUBTITLE; DISABLED ACCESS",toulouse
F0010,film,2026-09-15,Castelginest,Le Castelia,L146,"https://relay.mvtx.us/ticketing/dbz?code_theater=P0583&gid_entity=movie.movie._.1000037046&tags=Localization.Language.French,Showtime.Accessibility.Accessible,Format.Projection.Digital&perfd=20260915&perft=21:00&code=VF; DISABLED ACCESS",toulouse
F0004,film,2026-09-15,Castanet-Tolosan,MJC Ciné 113,L148,"https://relay.mvtx.us/ticketing/dbz?code_theater=P2235&gid_entity=movie.movie._.1000032856&tags=Localization.Language.French,Format.Projection.Digital&perfd=20260915&perft=14:15&code=VF",toulouse
F0159,film,2026-09-15,Castanet-Tolosan,MJC Ciné 113,L148,https://www.mjc-castanet-tolosan.fr/cinema-cine-113/,toulouse
F0014,film,2026-09-15,Castanet-Tolosan,MJC Ciné 113,L148,"https://relay.mvtx.us/ticketing/dbz?code_theater=P2235&gid_entity=movie.movie._.316021&tags=Localization.Language.French,Format.Projection.Digital&perfd=20260915&perft=17:15&code=VF",toulouse
F0030,film,2026-09-15,Castanet-Tolosan,MJC Ciné 113,L148,"https://relay.mvtx.us/ticketing/dbz?code_theater=P2235&gid_entity=movie.movie._.1000019899&tags=Localization.Language.French,Format.Projection.Digital&perfd=20260915&perft=20:15&code=VF",toulouse
A0002,live,2026-09-16,Toulouse,Théâtre Les 3 T,L047,https://new.3tcafetheatre.com/spectacle/les-faux-british/,toulouse
A0294,live,2026-09-16,Toulouse,Théâtre de Poche,L055,https://theatredepochetoulouse.fr/la-programmation-2/septembre/les-dents-du-rire/,toulouse
A0142,live,2026-09-16,Toulouse,Le Taquin,L075,https://billetterie.festik.net/le-taquin/product/tabanar,toulouse
A0429,live,2026-09-16,Toulouse,Le Bijou,L078,https://www.le-bijou.net/event-details/scene-ouverte-de-slam-poesie-avec-jerome-pinel-3,toulouse
A0256,live,2026-09-16,Toulouse,Les Jardins de Candie,L092,https://lesjardinsdecandie.com/,toulouse
F0018,film,2026-09-16,Toulouse,Utopia Borderouge,L125,https://toulouse.cinemas-utopia.org/film/?id=13474,toulouse
F0026,film,2026-09-16,Toulouse,Utopia Borderouge,L125,https://toulouse.cinemas-utopia.org/film/?id=13696,toulouse
F0033,film,2026-09-16,Toulouse,Utopia Borderouge,L125,https://toulouse.cinemas-utopia.org/film/?id=13754,toulouse
F0037,film,2026-09-16,Toulouse,Utopia Borderouge,L125,https://toulouse.cinemas-utopia.org/film/?id=13251,toulouse
F0068,film,2026-09-16,Toulouse,Utopia Borderouge,L125,https://toulouse.cinemas-utopia.org/film/?id=14060,toulouse
F0046,film,2026-09-16,Toulouse,Utopia Borderouge,L125,https://toulouse.cinemas-utopia.org/film?id=13251,toulouse
F0012,film,2026-09-16,Toulouse,Utopia Borderouge,L125,https://toulouse.cinemas-utopia.org/film/?id=13805,toulouse
F0055,film,2026-09-16,Toulouse,Utopia Borderouge,L125,https://toulouse.cinemas-utopia.org/film/?id=13957,toulouse
F0006,film,2026-09-16,Toulouse,Utopia Borderouge,L125,https://toulouse.cinemas-utopia.org/film/?id=14045,toulouse
F0002,film,2026-09-16,Toulouse,Utopia Borderouge,L125,https://toulouse.cinemas-utopia.org/film/?id=13767,toulouse
F0027,film,2026-09-16,Toulouse,Utopia Borderouge,L125,https://toulouse.cinemas-utopia.org/film/?id=13806,toulouse
F0005,film,2026-09-16,Toulouse,Utopia Borderouge,L125,https://toulouse.cinemas-utopia.org/film/?id=13457,toulouse
F0010,film,2026-09-16,Toulouse,Utopia Borderouge,L125,https://toulouse.cinemas-utopia.org/film/?id=13449,toulouse
F0048,film,2026-09-16,Tournefeuille,Utopia Tournefeuille,L126,https://toulouse.cinemas-utopia.org/film/?id=13955,toulouse
F0043,film,2026-09-16,Tournefeuille,Utopia Tournefeuille,L126,https://toulouse.cinemas-utopia.org/film/?id=13923,toulouse
F0025,film,2026-09-16,Tournefeuille,Utopia Tournefeuille,L126,https://toulouse.cinemas-utopia.org/film/?id=13808,toulouse
F0045,film,2026-09-16,Tournefeuille,Utopia Tournefeuille,L126,https://toulouse.cinemas-utopia.org/film/?id=13956,toulouse
F0023,film,2026-09-16,Tournefeuille,Utopia Tournefeuille,L126,https://toulouse.cinemas-utopia.org/film/?id=11952,toulouse
F0091,film,2026-09-16,Tournefeuille,Utopia Tournefeuille,L126,https://toulouse.cinemas-utopia.org/film/?id=13962,toulouse
F0092,film,2026-09-16,Tournefeuille,Utopia Tournefeuille,L126,"https://relay.mvtx.us/ticketing/dbz?code_theater=P3404&gid_entity=movie.movie._.1000041095&tags=Localization.Language.French,Format.Projection.Digital&perfd=20260916&perft=16:00&code=VF",toulouse
F0055,film,2026-09-16,Tournefeuille,Utopia Tournefeuille,L126,https://toulouse.cinemas-utopia.org/film/?id=13957,toulouse
F0012,film,2026-09-16,Tournefeuille,Utopia Tournefeuille,L126,https://toulouse.cinemas-utopia.org/film/?id=13805,toulouse
F0047,film,2026-09-16,Tournefeuille,Utopia Tournefeuille,L126,https://toulouse.cinemas-utopia.org/film/?id=13952,toulouse
F0018,film,2026-09-16,Tournefeuille,Utopia Tournefeuille,L126,https://toulouse.cinemas-utopia.org/film/?id=13474,toulouse
F0022,film,2026-09-16,Tournefeuille,Utopia Tournefeuille,L126,https://toulouse.cinemas-utopia.org/film/?id=13949,toulouse
F0010,film,2026-09-16,Tournefeuille,Utopia Tournefeuille,L126,https://toulouse.cinemas-utopia.org/film/?id=13449,toulouse
F0005,film,2026-09-16,Tournefeuille,Utopia Tournefeuille,L126,https://toulouse.cinemas-utopia.org/film/?id=13457,toulouse
F0036,film,2026-09-16,Tournefeuille,Utopia Tournefeuille,L126,https://toulouse.cinemas-utopia.org/film/?id=13475,toulouse
F0061,film,2026-09-16,Toulouse,Le Cratère,L128,"https://relay.mvtx.us/ticketing/dbz?code_theater=P0056&gid_entity=movie.movie._.305836&tags=Localization.Version.Original,Format.Projection.Digital&perfd=20260916&perft=10:00&code=VO",toulouse
F0082,film,2026-09-16,Toulouse,Le Cratère,L128,"https://relay.mvtx.us/ticketing/dbz?code_theater=P0056&gid_entity=movie.movie._.325471&tags=Localization.Version.Original,Format.Projection.Digital&perfd=20260916&perft=11:40&code=VO",toulouse
F0147,film,2026-09-16,Toulouse,Le Cratère,L128,"https://relay.mvtx.us/ticketing/dbz?code_theater=P0056&gid_entity=movie.movie._.1000035099&tags=Localization.Version.Original,Format.Projection.Digital&perfd=20260916&perft=15:00&code=VO",toulouse
F0005,film,2026-09-16,Toulouse,Le Cratère,L128,"https://relay.mvtx.us/ticketing/dbz?code_theater=P0056&gid_entity=movie.movie._.188280&tags=Localization.Version.Original,Format.Projection.Digital&perfd=20260916&perft=15:55&code=VO",toulouse
F0042,film,2026-09-16,Toulouse,Le Cratère,L128,"https://relay.mvtx.us/ticketing/dbz?code_theater=P0056&gid_entity=movie.movie._.308394&tags=Localization.Version.Original,Format.Projection.Digital&perfd=20260916&perft=18:30&code=VO",toulouse
F0013,film,2026-09-16,Toulouse,Le Cratère,L128,"https://relay.mvtx.us/ticketing/dbz?code_theater=P0056&gid_entity=movie.movie._.1000024105&tags=Localization.Version.Original,Format.Projection.Digital&perfd=20260916&perft=20:05&code=VO",toulouse
F0350,film,2026-09-16,Toulouse,Cinémathèque de Toulouse,L131,https://www.lacinemathequedetoulouse.com/programmation/agenda,toulouse
F0351,film,2026-09-16,Toulouse,Cinémathèque de Toulouse,L131,https://www.lacinemathequedetoulouse.com/programmation/projections/37245,toulouse
F0193,film,2026-09-16,Toulouse,Cinémathèque de Toulouse,L131,https://www.lacinemathequedetoulouse.com/programmation/agenda,toulouse
F0322,film,2026-09-16,Toulouse,Cinémathèque de Toulouse,L131,https://www.lacinemathequedetoulouse.com/programmation/agenda,toulouse
F0198,film,2026-09-16,Toulouse,Cinémathèque de Toulouse,L131,https://www.lacinemathequedetoulouse.com/programmation/agenda,toulouse
F0199,film,2026-09-16,Toulouse,Cinémathèque de Toulouse,L131,https://www.lacinemathequedetoulouse.com/programmation/projections/37252,toulouse
F0450,film,2026-09-16,Toulouse,Cinémathèque de Toulouse,L131,https://www.lacinemathequedetoulouse.com/programmation/agenda,toulouse
F0099,film,2026-09-16,Ramonville-Saint-Agne,L'Autan,L143,"https://relay.mvtx.us/ticketing/dbz?code_theater=P0881&gid_entity=movie.movie._.1000019673&tags=Showtime.Accessibility.Subtitled,Localization.Version.Original,Showtime.Accessibility.Accessible,Format.Projection.Digital&perfd=20260916&perft=18:00&code=VO; SUBTITLE; DISABLED ACCESS",toulouse
F0005,film,2026-09-16,Ramonville-Saint-Agne,L'Autan,L143,"https://relay.mvtx.us/ticketing/dbz?code_theater=P0881&gid_entity=movie.movie._.188280&tags=Showtime.Accessibility.Subtitled,Localization.Version.Original,Showtime.Accessibility.Accessible,Format.Projection.Digital&perfd=20260916&perft=20:30&code=VO; SUBTITLE; DISABLED ACCESS",toulouse
F0006,film,2026-09-16,Plaisance-du-Touch,Ecran7 Plaisance,L145,"https://relay.mvtx.us/ticketing/dbz?code_theater=P0918&gid_entity=movie.movie._.314503&tags=Localization.Language.French,Showtime.Accessibility.Dubbed,Format.Projection.Digital,Showtime.Accessibility.Accessible&perfd=20260916&perft=13:45",toulouse
F0011,film,2026-09-16,Plaisance-du-Touch,Ecran7 Plaisance,L145,"https://relay.mvtx.us/ticketing/dbz?code_theater=P0918&gid_entity=movie.movie._.1000002942&tags=Localization.Language.French,Showtime.Accessibility.Dubbed,Format.Projection.Digital,Showtime.Accessibility.Accessible&perfd=20260916&perft=13:45",toulouse
F0007,film,2026-09-16,Plaisance-du-Touch,Ecran7 Plaisance,L145,"https://relay.mvtx.us/ticketing/dbz?code_theater=P0918&gid_entity=movie.movie._.257425&tags=Localization.Language.French,Showtime.Accessibility.Dubbed,Format.Projection.Digital,Showtime.Accessibility.Accessible&perfd=20260916&perft=13:45",toulouse
F0001,film,2026-09-16,Plaisance-du-Touch,Ecran7 Plaisance,L145,"https://relay.mvtx.us/ticketing/dbz?code_theater=P0918&gid_entity=movie.movie._.276608&tags=Localization.Language.French,Showtime.Accessibility.Dubbed,BoostPos.Image.2D,Format.Projection.Digital,Showtime.Accessibility.Accessible&perfd=20260916&perft=15:45",toulouse
F0041,film,2026-09-16,Plaisance-du-Touch,Ecran7 Plaisance,L145,"https://relay.mvtx.us/ticketing/dbz?code_theater=P0918&gid_entity=movie.movie._.323826&tags=Localization.Language.French,Format.Projection.Digital,Showtime.Accessibility.Accessible&perfd=20260916&perft=15:45",toulouse
F0002,film,2026-09-16,Plaisance-du-Touch,Ecran7 Plaisance,L145,"https://relay.mvtx.us/ticketing/dbz?code_theater=P0918&gid_entity=movie.movie._.1000013045&tags=Localization.Language.French,Showtime.Accessibility.Dubbed,Format.Projection.Digital,Showtime.Accessibility.Accessible&perfd=20260916&perft=17:45",toulouse
F0012,film,2026-09-16,Plaisance-du-Touch,Ecran7 Plaisance,L145,"https://relay.mvtx.us/ticketing/dbz?code_theater=P0918&gid_entity=movie.movie._.327993&tags=Localization.Language.French,Format.Projection.Digital,Showtime.Accessibility.Accessible&perfd=20260916&perft=17:45",toulouse
F0014,film,2026-09-16,Plaisance-du-Touch,Ecran7 Plaisance,L145,"https://relay.mvtx.us/ticketing/dbz?code_theater=P0918&gid_entity=movie.movie._.316021&tags=Localization.Version.Original,Format.Projection.Digital,Showtime.Accessibility.Accessible&perfd=20260916&perft=18:30",toulouse
F0005,film,2026-09-16,Plaisance-du-Touch,Ecran7 Plaisance,L145,"https://relay.mvtx.us/ticketing/dbz?code_theater=P0918&gid_entity=movie.movie._.188280&tags=Localization.Version.Original,Format.Projection.Digital,Showtime.Accessibility.Accessible&perfd=20260916&perft=20:45",toulouse
F0003,film,2026-09-16,Plaisance-du-Touch,Ecran7 Plaisance,L145,"https://relay.mvtx.us/ticketing/dbz?code_theater=P0918&gid_entity=movie.movie._.1000014969&tags=Localization.Language.French,Showtime.Accessibility.Dubbed,Format.Projection.Digital,Showtime.Accessibility.Accessible&perfd=20260916&perft=21:00",toulouse
A0362,live,2026-09-16,Lasserre-Pradère,Café associatif Le Buv'Art,L153,https://foyerrurallasserrepradere.fr/agenda/agenda-culturel-le-buvart/cafe-lecture-8724724,toulouse
A0276,live,2026-09-17,Toulouse,Théâtre Les 3 T,L047,https://new.3tcafetheatre.com/spectacle/venise-sous-la-neige/,toulouse
A0002,live,2026-09-17,Toulouse,Théâtre Les 3 T,L047,https://new.3tcafetheatre.com/spectacle/les-faux-british/,toulouse
A0294,live,2026-09-17,Toulouse,Théâtre de Poche,L055,https://theatredepochetoulouse.fr/la-programmation-2/septembre/les-dents-du-rire/,toulouse
A0143,live,2026-09-17,Toulouse,Le Taquin,L075,https://billetterie.festik.net/le-taquin/product/feeling-the-spirit-of-grant-green,toulouse
A0430,live,2026-09-17,Toulouse,Le Bijou,L078,https://www.le-bijou.net/event-details/soiree-sharabia-lectures-poetiques-et-litteraires-impro-jazz-scene-ouverte,toulouse
A0003,live,2026-09-17,Toulouse,Les Jardins de Candie,L092,https://lesjardinsdecandie.com/,toulouse
F0027,film,2026-09-17,Toulouse,Utopia Borderouge,L125,https://toulouse.cinemas-utopia.org/film/?id=13806,toulouse
F0040,film,2026-09-17,Toulouse,Utopia Borderouge,L125,https://toulouse.cinemas-utopia.org/film/?id=13042,toulouse
F0034,film,2026-09-17,Toulouse,Utopia Borderouge,L125,https://toulouse.cinemas-utopia.org/film/?id=13462,toulouse
F0044,film,2026-09-17,Toulouse,Utopia Borderouge,L125,https://toulouse.cinemas-utopia.org/film?id=13462,toulouse
F0026,film,2026-09-17,Toulouse,Utopia Borderouge,L125,https://toulouse.cinemas-utopia.org/film/?id=13696,toulouse
F0018,film,2026-09-17,Toulouse,Utopia Borderouge,L125,https://toulouse.cinemas-utopia.org/film/?id=13474,toulouse
F0010,film,2026-09-17,Toulouse,Utopia Borderouge,L125,https://toulouse.cinemas-utopia.org/film/?id=13449,toulouse
F0012,film,2026-09-17,Toulouse,Utopia Borderouge,L125,https://toulouse.cinemas-utopia.org/film/?id=13805,toulouse
F0033,film,2026-09-17,Toulouse,Utopia Borderouge,L125,https://toulouse.cinemas-utopia.org/film/?id=13754,toulouse
F0068,film,2026-09-17,Toulouse,Utopia Borderouge,L125,https://toulouse.cinemas-utopia.org/film/?id=14060,toulouse
F0005,film,2026-09-17,Toulouse,Utopia Borderouge,L125,https://toulouse.cinemas-utopia.org/film/?id=13457,toulouse
F0013,film,2026-09-17,Toulouse,Utopia Borderouge,L125,https://toulouse.cinemas-utopia.org/film/?id=13459,toulouse
F0276,film,2026-09-17,Toulouse,Utopia Borderouge,L125,https://toulouse.cinemas-utopia.org/film/?id=14100,toulouse
F0048,film,2026-09-17,Tournefeuille,Utopia Tournefeuille,L126,https://toulouse.cinemas-utopia.org/film/?id=13955,toulouse
F0047,film,2026-09-17,Tournefeuille,Utopia Tournefeuille,L126,https://toulouse.cinemas-utopia.org/film/?id=13952,toulouse
F0022,film,2026-09-17,Tournefeuille,Utopia Tournefeuille,L126,https://toulouse.cinemas-utopia.org/film/?id=13949,toulouse
F0005,film,2026-09-17,Tournefeuille,Utopia Tournefeuille,L126,https://toulouse.cinemas-utopia.org/film/?id=13457,toulouse
F0018,film,2026-09-17,Tournefeuille,Utopia Tournefeuille,L126,https://toulouse.cinemas-utopia.org/film/?id=13474,toulouse
F0043,film,2026-09-17,Tournefeuille,Utopia Tournefeuille,L126,https://toulouse.cinemas-utopia.org/film/?id=13923,toulouse
F0045,film,2026-09-17,Tournefeuille,Utopia Tournefeuille,L126,https://toulouse.cinemas-utopia.org/film/?id=13956,toulouse
F0012,film,2026-09-17,Tournefeuille,Utopia Tournefeuille,L126,https://toulouse.cinemas-utopia.org/film/?id=13805,toulouse
F0025,film,2026-09-17,Tournefeuille,Utopia Tournefeuille,L126,https://toulouse.cinemas-utopia.org/film/?id=13808,toulouse
F0039,film,2026-09-17,Tournefeuille,Utopia Tournefeuille,L126,https://toulouse.cinemas-utopia.org/film/?id=13809,toulouse
F0036,film,2026-09-17,Tournefeuille,Utopia Tournefeuille,L126,https://toulouse.cinemas-utopia.org/film/?id=13475,toulouse
F0023,film,2026-09-17,Tournefeuille,Utopia Tournefeuille,L126,https://toulouse.cinemas-utopia.org/film/?id=11952,toulouse
F0300,film,2026-09-17,Toulouse,Le Cratère,L128,https://www.cinemalecratere.fr/evenements/fifigrot-2026,toulouse
F0070,film,2026-09-17,Toulouse,Le Cratère,L128,"https://relay.mvtx.us/ticketing/dbz?code_theater=P0056&gid_entity=movie.movie._.289867&tags=Localization.Version.Original,Format.Projection.Digital&perfd=20260917&perft=10:00&code=VO",toulouse
F0074,film,2026-09-17,Toulouse,Le Cratère,L128,"https://relay.mvtx.us/ticketing/dbz?code_theater=P0056&gid_entity=movie.movie._.282094&tags=Localization.Version.Original,Format.Projection.Digital&perfd=20260917&perft=12:05&code=VO",toulouse
F0061,film,2026-09-17,Toulouse,Le Cratère,L128,"https://relay.mvtx.us/ticketing/dbz?code_theater=P0056&gid_entity=movie.movie._.305836&tags=Localization.Version.Original,Format.Projection.Digital&perfd=20260917&perft=13:45&code=VO",toulouse
F0053,film,2026-09-17,Toulouse,Le Cratère,L128,"https://relay.mvtx.us/ticketing/dbz?code_theater=P0056&gid_entity=movie.movie._.316460&tags=Localization.Version.Original,Format.Projection.Digital&perfd=20260917&perft=15:30&code=VO",toulouse
F0224,film,2026-09-17,Toulouse,Le Cratère,L128,"https://relay.mvtx.us/ticketing/dbz?code_theater=P0056&gid_entity=movie.movie._.17&tags=Localization.Version.Original,Showtime.Event.Headline,Format.Projection.Digital&perfd=20260917&perft=17:45&code=VO; HEADLINE",toulouse
F0194,film,2026-09-17,Toulouse,Le Cratère,L128,"https://relay.mvtx.us/ticketing/dbz?code_theater=P0056&gid_entity=movie.movie._.216951&tags=Localization.Version.Original,Showtime.Event.Headline,Format.Projection.Digital&perfd=20260917&perft=20:00&code=VO; HEADLINE",toulouse
F0253,film,2026-09-17,Toulouse,Cinémathèque de Toulouse,L131,https://www.lacinemathequedetoulouse.com/programmation/agenda,toulouse
F0254,film,2026-09-17,Toulouse,Cinémathèque de Toulouse,L131,https://www.lacinemathequedetoulouse.com/programmation/projections/37264,toulouse
F0286,film,2026-09-17,Toulouse,Cinémathèque de Toulouse,L131,https://www.lacinemathequedetoulouse.com/programmation/agenda,toulouse
F0288,film,2026-09-17,Toulouse,Cinémathèque de Toulouse,L131,https://www.lacinemathequedetoulouse.com/programmation/projections/37225,toulouse
F0185,film,2026-09-17,Toulouse,Cinémathèque de Toulouse,L131,"https://relay.mvtx.us/ticketing/dbz?code_theater=P0062&gid_entity=movie.movie._.2890&tags=Showtime.Accessibility.Subtitled,Localization.Version.Original,Format.Projection.Digital&perfd=20260917&perft=20:00&code=VO; SUBTITLE",toulouse
F0433,film,2026-09-17,Toulouse,Cinémathèque de Toulouse,L131,https://www.lacinemathequedetoulouse.com/programmation/agenda,toulouse
F0432,film,2026-09-17,Toulouse,Cinémathèque de Toulouse,L131,"https://relay.mvtx.us/ticketing/dbz?code_theater=P0062&gid_entity=movie.movie._.50410&tags=Showtime.Accessibility.Subtitled,Localization.Version.Original,Format.Projection.Digital&perfd=20260917&perft=21:00&code=VO; SUBTITLE",toulouse
A0144,live,2026-09-17,Toulouse,Couvent / Cloître des Jacobins,L134,https://www.radiofrance.fr/francemusique/evenements/festival-festival-piano-jacobins-du-8-au-30-septembre-2026-6541388,toulouse
F0057,film,2026-09-17,Labège,Pathé Toulouse Labège,L138,,toulouse
F0441,film,2026-09-17,Blagnac,CGR Blagnac,L139,"https://relay.mvtx.us/ticketing/dbz?code_theater=P0692&gid_entity=movie.movie._.1000046254&tags=Localization.Language.French,Showtime.Accessibility.Accessible&perfd=20260917&perft=20:00&code=Accès PMR; VF;",toulouse
F0171,film,2026-09-17,Toulouse,American Cosmograph,L141,https://american-cosmograph.fr/,toulouse
F0265,film,2026-09-17,Toulouse,UGC Montaudran,L142,"https://relay.mvtx.us/ticketing/dbz?code_theater=W3140&gid_entity=movie.movie._.30033&tags=Showtime.Accessibility.Accessible,Localization.Subtitle.French,Localization.Version.Original,Format.Projection.Digital&perfd=20260917&perft=20:30&code=PMR; 2D; VO; ",toulouse
F0013,film,2026-09-17,Ramonville-Saint-Agne,L'Autan,L143,"https://relay.mvtx.us/ticketing/dbz?code_theater=P0881&gid_entity=movie.movie._.1000024105&tags=Localization.Language.French,Showtime.Accessibility.Accessible,Format.Projection.Digital&perfd=20260917&perft=17:00&code=VF; DISABLED ACCESS",toulouse
F0062,film,2026-09-17,Ramonville-Saint-Agne,L'Autan,L143,"https://relay.mvtx.us/ticketing/dbz?code_theater=P0881&gid_entity=movie.movie._.1000029301&tags=Showtime.Accessibility.Subtitled,Localization.Version.Original,Showtime.Accessibility.Accessible,Format.Projection.Digital&perfd=20260917&perft=21:00&code=VO; SUBTITLE; DISABLED ACCESS",toulouse
F0003,film,2026-09-17,Plaisance-du-Touch,Ecran7 Plaisance,L145,"https://relay.mvtx.us/ticketing/dbz?code_theater=P0918&gid_entity=movie.movie._.1000014969&tags=Localization.Language.French,Showtime.Accessibility.Dubbed,Format.Projection.Digital,Showtime.Accessibility.Accessible&perfd=20260917&perft=13:45",toulouse
F0041,film,2026-09-17,Plaisance-du-Touch,Ecran7 Plaisance,L145,"https://relay.mvtx.us/ticketing/dbz?code_theater=P0918&gid_entity=movie.movie._.323826&tags=Localization.Language.French,Format.Projection.Digital,Showtime.Accessibility.Accessible&perfd=20260917&perft=13:45",toulouse
F0042,film,2026-09-17,Plaisance-du-Touch,Ecran7 Plaisance,L145,"https://relay.mvtx.us/ticketing/dbz?code_theater=P0918&gid_entity=movie.movie._.308394&tags=Localization.Version.Original,Format.Projection.Digital,Showtime.Accessibility.Accessible&perfd=20260917&perft=14:00",toulouse
F0012,film,2026-09-17,Plaisance-du-Touch,Ecran7 Plaisance,L145,"https://relay.mvtx.us/ticketing/dbz?code_theater=P0918&gid_entity=movie.movie._.327993&tags=Localization.Language.French,Format.Projection.Digital,Showtime.Accessibility.Accessible&perfd=20260917&perft=15:45",toulouse
F0014,film,2026-09-17,Plaisance-du-Touch,Ecran7 Plaisance,L145,"https://relay.mvtx.us/ticketing/dbz?code_theater=P0918&gid_entity=movie.movie._.316021&tags=Localization.Language.French,Showtime.Accessibility.Dubbed,Format.Projection.Digital,Showtime.Accessibility.Accessible&perfd=20260917&perft=15:45",toulouse
F0005,film,2026-09-17,Plaisance-du-Touch,Ecran7 Plaisance,L145,"https://relay.mvtx.us/ticketing/dbz?code_theater=P0918&gid_entity=movie.movie._.188280&tags=Localization.Version.Original,Format.Projection.Digital,Showtime.Accessibility.Accessible&perfd=20260917&perft=16:00",toulouse
F0001,film,2026-09-17,Plaisance-du-Touch,Ecran7 Plaisance,L145,"https://relay.mvtx.us/ticketing/dbz?code_theater=P0918&gid_entity=movie.movie._.276608&tags=Localization.Version.Original,BoostPos.Image.2D,Format.Projection.Digital,Showtime.Accessibility.Accessible&perfd=20260917&perft=18:15",toulouse
F0011,film,2026-09-17,Plaisance-du-Touch,Ecran7 Plaisance,L145,"https://relay.mvtx.us/ticketing/dbz?code_theater=P0918&gid_entity=movie.movie._.1000002942&tags=Localization.Language.French,Showtime.Accessibility.Dubbed,Format.Projection.Digital,Showtime.Accessibility.Accessible&perfd=20260917&perft=18:30",toulouse
F0002,film,2026-09-17,Plaisance-du-Touch,Ecran7 Plaisance,L145,"https://relay.mvtx.us/ticketing/dbz?code_theater=P0918&gid_entity=movie.movie._.1000013045&tags=Localization.Language.French,Showtime.Accessibility.Dubbed,Format.Projection.Digital,Showtime.Accessibility.Accessible&perfd=20260917&perft=20:30",toulouse
F0380,film,2026-09-17,Plaisance-du-Touch,Ecran7 Plaisance,L145,"https://relay.mvtx.us/ticketing/dbz?code_theater=P0918&gid_entity=movie.movie._.4327&tags=Localization.Language.French,Format.Projection.Digital,Showtime.Accessibility.Accessible&perfd=20260917&perft=21:00",toulouse
F0006,film,2026-09-17,Plaisance-du-Touch,Ecran7 Plaisance,L145,"https://relay.mvtx.us/ticketing/dbz?code_theater=P0918&gid_entity=movie.movie._.314503&tags=Localization.Language.French,Showtime.Accessibility.Dubbed,Format.Projection.Digital,Showtime.Accessibility.Accessible&perfd=20260917&perft=21:00",toulouse
A0363,live,2026-09-17,Lasserre-Pradère,Café associatif Le Buv'Art,L153,https://foyerrurallasserrepradere.fr/agenda/agenda-culturel-le-buvart/apero-entreelles,toulouse
A0019,live,2026-09-18,Toulouse,Théâtre Les 3 T,L047,https://new.3tcafetheatre.com/spectacle/les-clotildes-amour-ex-et-alibi/,toulouse
A0288,live,2026-09-18,Toulouse,Théâtre Les 3 T,L047,https://new.3tcafetheatre.com/spectacle/vacances-de-reve/,toulouse
A0145,live,2026-09-18,Toulouse,Théâtre Les 3 T,L047,https://new.3tcafetheatre.com/spectacle/kody-evolue/,toulouse
A0146,live,2026-09-18,Toulouse,Le Taquin,L075,https://billetterie.festik.net/le-taquin/product/la-mossa--et--solluna-festival-occitania/,toulouse
A0147,live,2026-09-18,Toulouse,Le Rex,L076,https://www.lerextoulouse.com/fr/programmation/,toulouse
A0148,live,2026-09-18,Toulouse,Le Rex,L076,https://www.lerextoulouse.com/fr/programmation/,toulouse
A0364,live,2026-09-18,Toulouse,Le Rex,L076,https://www.lerextoulouse.com/fr/programmation/noise-party-mourir-et-urge/,toulouse
A0365,live,2026-09-18,Toulouse,Le Rex,L076,https://www.lerextoulouse.com/fr/programmation/shelter-disco/,toulouse
A0431,live,2026-09-18,Toulouse,Le Bijou,L078,https://www.le-bijou.net/event-details/melba-telma,toulouse
A0149,live,2026-09-18,Ramonville-Saint-Agne,Le Bikini,L083,https://lebikini.com/2026/09/18/the-young-gods,toulouse
A0366,live,2026-09-18,Ramonville-Saint-Agne,Le Bikini,L083,https://lebikini.com/2026/09/18/meet-the-beat-avalon-major7-djantrix-x-noize-hu-bee,toulouse
A0261,live,2026-09-18,Toulouse,Les Jardins de Candie,L092,https://lesjardinsdecandie.com/,toulouse
A0149,live,2026-09-18,Ramonville-Saint-Agne,Le Petit Bikini,L093,https://lebikini.com/2026/09/18/the-young-gods,toulouse
A0366,live,2026-09-18,Ramonville-Saint-Agne,Le Petit Bikini,L093,https://lebikini.com/2026/09/18/meet-the-beat-avalon-major7-djantrix-x-noize-hu-bee,toulouse
F0033,film,2026-09-18,Toulouse,Utopia Borderouge,L125,https://toulouse.cinemas-utopia.org/film/?id=13754,toulouse
F0037,film,2026-09-18,Toulouse,Utopia Borderouge,L125,https://toulouse.cinemas-utopia.org/film/?id=13251,toulouse
F0046,film,2026-09-18,Toulouse,Utopia Borderouge,L125,https://toulouse.cinemas-utopia.org/film?id=13251,toulouse
F0018,film,2026-09-18,Toulouse,Utopia Borderouge,L125,https://toulouse.cinemas-utopia.org/film/?id=13474,toulouse
F0013,film,2026-09-18,Toulouse,Utopia Borderouge,L125,https://toulouse.cinemas-utopia.org/film/?id=13459,toulouse
F0034,film,2026-09-18,Toulouse,Utopia Borderouge,L125,https://toulouse.cinemas-utopia.org/film/?id=13462,toulouse
F0044,film,2026-09-18,Toulouse,Utopia Borderouge,L125,https://toulouse.cinemas-utopia.org/film?id=13462,toulouse
F0026,film,2026-09-18,Toulouse,Utopia Borderouge,L125,https://toulouse.cinemas-utopia.org/film/?id=13696,toulouse
F0010,film,2026-09-18,Toulouse,Utopia Borderouge,L125,https://toulouse.cinemas-utopia.org/film/?id=13449,toulouse
F0012,film,2026-09-18,Toulouse,Utopia Borderouge,L125,https://toulouse.cinemas-utopia.org/film/?id=13805,toulouse
F0006,film,2026-09-18,Toulouse,Utopia Borderouge,L125,https://toulouse.cinemas-utopia.org/film/?id=14045,toulouse
F0059,film,2026-09-18,Toulouse,Utopia Borderouge,L125,https://toulouse.cinemas-utopia.org/film/?id=13931,toulouse
F0083,film,2026-09-18,Toulouse,Utopia Borderouge,L125,https://toulouse.cinemas-utopia.org/film?id=13931&src=evnmnt8247,toulouse
F0005,film,2026-09-18,Toulouse,Utopia Borderouge,L125,https://toulouse.cinemas-utopia.org/film/?id=13457,toulouse
F0027,film,2026-09-18,Toulouse,Utopia Borderouge,L125,https://toulouse.cinemas-utopia.org/film/?id=13806,toulouse
F0036,film,2026-09-18,Tournefeuille,Utopia Tournefeuille,L126,https://toulouse.cinemas-utopia.org/film/?id=13475,toulouse
F0043,film,2026-09-18,Tournefeuille,Utopia Tournefeuille,L126,https://toulouse.cinemas-utopia.org/film/?id=13923,toulouse
F0045,film,2026-09-18,Tournefeuille,Utopia Tournefeuille,L126,https://toulouse.cinemas-utopia.org/film/?id=13956,toulouse
F0012,film,2026-09-18,Tournefeuille,Utopia Tournefeuille,L126,https://toulouse.cinemas-utopia.org/film/?id=13805,toulouse
F0039,film,2026-09-18,Tournefeuille,Utopia Tournefeuille,L126,https://toulouse.cinemas-utopia.org/film/?id=13809,toulouse
F0018,film,2026-09-18,Tournefeuille,Utopia Tournefeuille,L126,https://toulouse.cinemas-utopia.org/film/?id=13474,toulouse
F0005,film,2026-09-18,Tournefeuille,Utopia Tournefeuille,L126,https://toulouse.cinemas-utopia.org/film/?id=13457,toulouse
F0048,film,2026-09-18,Tournefeuille,Utopia Tournefeuille,L126,https://toulouse.cinemas-utopia.org/film/?id=13955,toulouse
F0022,film,2026-09-18,Tournefeuille,Utopia Tournefeuille,L126,https://toulouse.cinemas-utopia.org/film/?id=13949,toulouse
F0059,film,2026-09-18,Tournefeuille,Utopia Tournefeuille,L126,https://toulouse.cinemas-utopia.org/film/?id=13931,toulouse
F0083,film,2026-09-18,Tournefeuille,Utopia Tournefeuille,L126,https://toulouse.cinemas-utopia.org/film?id=13931&src=evnmnt7800,toulouse
F0047,film,2026-09-18,Tournefeuille,Utopia Tournefeuille,L126,https://toulouse.cinemas-utopia.org/film/?id=13952,toulouse
F0422,film,2026-09-18,Tournefeuille,Utopia Tournefeuille,L126,https://toulouse.cinemas-utopia.org/film/?id=13963,toulouse
F0025,film,2026-09-18,Tournefeuille,Utopia Tournefeuille,L126,https://toulouse.cinemas-utopia.org/film/?id=13808,toulouse
F0082,film,2026-09-18,Toulouse,Le Cratère,L128,"https://relay.mvtx.us/ticketing/dbz?code_theater=P0056&gid_entity=movie.movie._.325471&tags=Localization.Version.Original,Format.Projection.Digital&perfd=20260918&perft=10:00&code=VO",toulouse
F0070,film,2026-09-18,Toulouse,Le Cratère,L128,"https://relay.mvtx.us/ticketing/dbz?code_theater=P0056&gid_entity=movie.movie._.289867&tags=Localization.Version.Original,Format.Projection.Digital&perfd=20260918&perft=13:15&code=VO",toulouse
F0042,film,2026-09-18,Toulouse,Le Cratère,L128,"https://relay.mvtx.us/ticketing/dbz?code_theater=P0056&gid_entity=movie.movie._.308394&tags=Localization.Version.Original,Format.Projection.Digital&perfd=20260918&perft=15:20&code=VO",toulouse
F0035,film,2026-09-18,Toulouse,Le Cratère,L128,"https://relay.mvtx.us/ticketing/dbz?code_theater=P0056&gid_entity=movie.movie._.1000019327&tags=Showtime.Accessibility.Subtitled,Localization.Version.Original,Showtime.Accessibility.OpenCaption,Format.Projection.Digital&perfd=20260918&perft=17:00&code=VO; SUBTITLE; SUBTITLE OCAP",toulouse
F0275,film,2026-09-18,Toulouse,Le Cratère,L128,"https://relay.mvtx.us/ticketing/dbz?code_theater=P0056&gid_entity=movie.movie._.115256&tags=Localization.Version.Original,Showtime.Event.OnlySession,Showtime.Event.Headline,Format.Projection.Digital&perfd=20260918&perft=18:30&code=VO; ONLY SESSION; HEADLINE",toulouse
F0416,film,2026-09-18,Toulouse,Le Cratère,L128,https://www.cinemalecratere.fr/films/ce-n-est-pas-l-homosexuel-qui-est-pervers-mais-la-societe-dans-laquelle-il-vit,toulouse
F0172,film,2026-09-18,Toulouse,Le Cratère,L128,"https://relay.mvtx.us/ticketing/dbz?code_theater=P0056&gid_entity=movie.movie._.111&tags=Localization.Version.Original,Showtime.Event.OnlySession,Showtime.Event.Headline,Format.Projection.Digital&perfd=20260918&perft=20:00&code=VO; ONLY SESSION; HEADLINE",toulouse
F0387,film,2026-09-18,Toulouse,Cinémathèque de Toulouse,L131,https://www.lacinemathequedetoulouse.com/programmation/agenda,toulouse
F0388,film,2026-09-18,Toulouse,Cinémathèque de Toulouse,L131,https://www.lacinemathequedetoulouse.com/programmation/projections/37251,toulouse
F0343,film,2026-09-18,Toulouse,Cinémathèque de Toulouse,L131,"https://relay.mvtx.us/ticketing/dbz?code_theater=P0062&gid_entity=movie.movie._.44305&tags=Showtime.Accessibility.Subtitled,Localization.Version.Original,Format.Projection.Digital&perfd=20260918&perft=19:00&code=VO; SUBTITLE",toulouse
F0222,film,2026-09-18,Toulouse,Cinémathèque de Toulouse,L131,https://www.lacinemathequedetoulouse.com/programmation/agenda,toulouse
F0223,film,2026-09-18,Toulouse,Cinémathèque de Toulouse,L131,https://www.lacinemathequedetoulouse.com/programmation/projections/37227,toulouse
A0149,live,2026-09-18,Blagnac,Poney Club,L132,https://lebikini.com/2026/09/18/the-young-gods,toulouse
A0366,live,2026-09-18,Blagnac,Poney Club,L132,https://lebikini.com/2026/09/18/meet-the-beat-avalon-major7-djantrix-x-noize-hu-bee,toulouse
A0150,live,2026-09-18,Toulouse,Couvent / Cloître des Jacobins,L134,https://www.radiofrance.fr/francemusique/evenements/festival-festival-piano-jacobins-du-8-au-30-septembre-2026-6541388,toulouse
F0104,film,2026-09-18,Blagnac,CGR Blagnac,L139,"https://relay.mvtx.us/ticketing/dbz?code_theater=P0692&gid_entity=movie.movie._.29173&tags=Localization.Language.French,Showtime.Accessibility.Accessible&perfd=20260918&perft=22:15&code=Accès PMR; VF;",toulouse
F0421,film,2026-09-18,Fenouillet,Kinepolis Fenouillet,L140,https://relay.mvtx.us/ticketing/dbz?code_theater=W3115&gid_entity=movie.movie._.1000018854&tags=Format.Projection.Digital&perfd=20260918&perft=20:30&code=Version Francaise; 2D,toulouse
F0436,film,2026-09-18,Toulouse,American Cosmograph,L141,https://american-cosmograph.fr/,toulouse
F0210,film,2026-09-18,Ramonville-Saint-Agne,L'Autan,L143,"https://relay.mvtx.us/ticketing/dbz?code_theater=P0881&gid_entity=movie.movie._.1000022312&tags=Localization.Language.French,Showtime.Accessibility.Accessible,Format.Projection.Digital&perfd=20260918&perft=15:00&code=VF; DISABLED ACCESS",toulouse
F0099,film,2026-09-18,Ramonville-Saint-Agne,L'Autan,L143,"https://relay.mvtx.us/ticketing/dbz?code_theater=P0881&gid_entity=movie.movie._.1000019673&tags=Showtime.Accessibility.Subtitled,Localization.Version.Original,Showtime.Accessibility.Accessible,Format.Projection.Digital&perfd=20260918&perft=17:30&code=VO; SUBTITLE; DISABLED ACCESS",toulouse
F0013,film,2026-09-18,Ramonville-Saint-Agne,L'Autan,L143,"https://relay.mvtx.us/ticketing/dbz?code_theater=P0881&gid_entity=movie.movie._.1000024105&tags=Showtime.Accessibility.Subtitled,Showtime.Accessibility.OpenCaption,Showtime.Accessibility.VisionImpaired,Localization.Language.French,Showtime.Accessibility.Accessible,Format.Projection.Digital&perfd=20260918&perft=20:00&code=SUBTITLE; SUBTITLE OCAP; VI; VF; DISABLED ACCESS",toulouse
F0366,film,2026-09-18,Colomiers,Véo Grand Central Colomiers,L144,"https://relay.mvtx.us/ticketing/dbz?code_theater=P6864&gid_entity=movie.movie._.19395&tags=Localization.Version.Original,Format.Projection.Digital&perfd=20260918&perft=21:00",toulouse
F0012,film,2026-09-18,Plaisance-du-Touch,Ecran7 Plaisance,L145,"https://relay.mvtx.us/ticketing/dbz?code_theater=P0918&gid_entity=movie.movie._.327993&tags=Localization.Language.French,Format.Projection.Digital,Showtime.Accessibility.Accessible&perfd=20260918&perft=13:45",toulouse
F0014,film,2026-09-18,Plaisance-du-Touch,Ecran7 Plaisance,L145,"https://relay.mvtx.us/ticketing/dbz?code_theater=P0918&gid_entity=movie.movie._.316021&tags=Localization.Language.French,Showtime.Accessibility.Dubbed,Format.Projection.Digital,Showtime.Accessibility.Accessible&perfd=20260918&perft=13:45",toulouse
F0041,film,2026-09-18,Plaisance-du-Touch,Ecran7 Plaisance,L145,"https://relay.mvtx.us/ticketing/dbz?code_theater=P0918&gid_entity=movie.movie._.323826&tags=Localization.Language.French,Format.Projection.Digital,Showtime.Accessibility.Accessible&perfd=20260918&perft=14:00",toulouse
F0006,film,2026-09-18,Plaisance-du-Touch,Ecran7 Plaisance,L145,"https://relay.mvtx.us/ticketing/dbz?code_theater=P0918&gid_entity=movie.movie._.314503&tags=Localization.Language.French,Showtime.Accessibility.Dubbed,Format.Projection.Digital,Showtime.Accessibility.Accessible&perfd=20260918&perft=16:00",toulouse
F0011,film,2026-09-18,Plaisance-du-Touch,Ecran7 Plaisance,L145,"https://relay.mvtx.us/ticketing/dbz?code_theater=P0918&gid_entity=movie.movie._.1000002942&tags=Localization.Language.French,Showtime.Accessibility.Dubbed,Format.Projection.Digital,Showtime.Accessibility.Accessible&perfd=20260918&perft=16:15",toulouse
F0042,film,2026-09-18,Plaisance-du-Touch,Ecran7 Plaisance,L145,"https://relay.mvtx.us/ticketing/dbz?code_theater=P0918&gid_entity=movie.movie._.308394&tags=Localization.Version.Original,Format.Projection.Digital,Showtime.Accessibility.Accessible&perfd=20260918&perft=16:30",toulouse
F0005,film,2026-09-18,Plaisance-du-Touch,Ecran7 Plaisance,L145,"https://relay.mvtx.us/ticketing/dbz?code_theater=P0918&gid_entity=movie.movie._.188280&tags=Localization.Version.Original,Format.Projection.Digital,Showtime.Accessibility.Accessible&perfd=20260918&perft=18:00",toulouse
F0001,film,2026-09-18,Plaisance-du-Touch,Ecran7 Plaisance,L145,"https://relay.mvtx.us/ticketing/dbz?code_theater=P0918&gid_entity=movie.movie._.276608&tags=Localization.Language.French,Showtime.Accessibility.Dubbed,BoostPos.Image.2D,Format.Projection.Digital,Showtime.Accessibility.Accessible&perfd=20260918&perft=18:15",toulouse
F0264,film,2026-09-18,Plaisance-du-Touch,Ecran7 Plaisance,L145,"https://relay.mvtx.us/ticketing/dbz?code_theater=P0918&gid_entity=movie.movie._.27061&tags=Localization.Language.French,Showtime.Accessibility.Dubbed,Format.Projection.Digital,Showtime.Accessibility.Accessible&perfd=20260918&perft=20:15",toulouse
F0298,film,2026-09-18,Plaisance-du-Touch,Ecran7 Plaisance,L145,"https://relay.mvtx.us/ticketing/dbz?code_theater=P0918&gid_entity=movie.movie._.218954&tags=Localization.Language.French,Showtime.Accessibility.Dubbed,Format.Projection.Digital,Showtime.Accessibility.Accessible&perfd=20260918&perft=20:45",toulouse
F0003,film,2026-09-18,Plaisance-du-Touch,Ecran7 Plaisance,L145,"https://relay.mvtx.us/ticketing/dbz?code_theater=P0918&gid_entity=movie.movie._.1000014969&tags=Localization.Language.French,Showtime.Accessibility.Dubbed,Format.Projection.Digital,Showtime.Accessibility.Accessible&perfd=20260918&perft=21:00",toulouse
A0367,live,2026-09-18,Lasserre-Pradère,Café associatif Le Buv'Art,L153,https://foyerrurallasserrepradere.fr/agenda/agenda-culturel-le-buvart/apres-midi-recreative-des-ainees,toulouse
A0368,live,2026-09-18,Lasserre-Pradère,Café associatif Le Buv'Art,L153,https://foyerrurallasserrepradere.fr/agenda/agenda-culturel-le-buvart/comment-reduire-lutilisation-de-notre-voiture-individuelle,toulouse
A0296,live,2026-09-18,Lasserre-Pradère,Café associatif Le Buv'Art,L153,https://foyerrurallasserrepradere.fr/agenda/agenda-culturel-le-buvart/,toulouse
A0369,live,2026-09-18,Lasserre-Pradère,Café associatif Le Buv'Art,L153,https://foyerrurallasserrepradere.fr/agenda/agenda-culturel-le-buvart/concert-1351729,toulouse
A0015,live,2026-09-19,Toulouse,Théâtre Les 3 T,L047,https://new.3tcafetheatre.com/spectacle/la-bonne-surprise/,toulouse
A0289,live,2026-09-19,Toulouse,Théâtre Les 3 T,L047,https://new.3tcafetheatre.com/spectacle/une-semaine-pas-plus/,toulouse
A0297,live,2026-09-19,Toulouse,Théâtre Les 3 T,L047,https://new.3tcafetheatre.com/spectacle/le-meilleur-de-lhomme-cest-sa-femme/,toulouse
A0152,live,2026-09-19,Toulouse,Théâtre Les 3 T,L047,https://new.3tcafetheatre.com/spectacle/les-bonobos/,toulouse
A0298,live,2026-09-19,Toulouse,Théâtre de Poche,L055,https://theatredepochetoulouse.fr/la-programmation-2/septembre/divagueries-sentimentales/,toulouse
A0299,live,2026-09-19,Toulouse,Le Taquin,L075,https://billetterie.festik.net/le-taquin/product/irina-gonzalez-jam-latina-2-destination-bresil,toulouse
A0370,live,2026-09-19,Toulouse,Le Rex,L076,https://www.lerextoulouse.com/fr/programmation/rave-90-s/,toulouse
A0432,live,2026-09-19,Toulouse,Le Bijou,L078,https://www.le-bijou.net/event-details/ukulele-boboys-10-ans-melopee-2,toulouse
A0371,live,2026-09-19,Ramonville-Saint-Agne,Le Bikini,L083,https://lebikini.com/2026/09/19/karnage-grand-opening,toulouse
A0261,live,2026-09-19,Toulouse,Les Jardins de Candie,L092,https://lesjardinsdecandie.com/,toulouse
A0371,live,2026-09-19,Ramonville-Saint-Agne,Le Petit Bikini,L093,https://lebikini.com/2026/09/19/karnage-grand-opening,toulouse
F0010,film,2026-09-19,Toulouse,Utopia Borderouge,L125,https://toulouse.cinemas-utopia.org/film/?id=13449,toulouse
F0033,film,2026-09-19,Toulouse,Utopia Borderouge,L125,https://toulouse.cinemas-utopia.org/film/?id=13754,toulouse
F0068,film,2026-09-19,Toulouse,Utopia Borderouge,L125,https://toulouse.cinemas-utopia.org/film/?id=14060,toulouse
F0012,film,2026-09-19,Toulouse,Utopia Borderouge,L125,https://toulouse.cinemas-utopia.org/film/?id=13805,toulouse
F0018,film,2026-09-19,Toulouse,Utopia Borderouge,L125,https://toulouse.cinemas-utopia.org/film/?id=13474,toulouse
F0027,film,2026-09-19,Toulouse,Utopia Borderouge,L125,https://toulouse.cinemas-utopia.org/film/?id=13806,toulouse
F0013,film,2026-09-19,Toulouse,Utopia Borderouge,L125,https://toulouse.cinemas-utopia.org/film/?id=13459,toulouse
F0005,film,2026-09-19,Toulouse,Utopia Borderouge,L125,https://toulouse.cinemas-utopia.org/film/?id=13457,toulouse
F0055,film,2026-09-19,Toulouse,Utopia Borderouge,L125,https://toulouse.cinemas-utopia.org/film/?id=13957,toulouse
F0002,film,2026-09-19,Toulouse,Utopia Borderouge,L125,https://toulouse.cinemas-utopia.org/film/?id=13767,toulouse
F0026,film,2026-09-19,Toulouse,Utopia Borderouge,L125,https://toulouse.cinemas-utopia.org/film/?id=13696,toulouse
F0364,film,2026-09-19,Toulouse,Utopia Borderouge,L125,https://toulouse.cinemas-utopia.org/film/?id=11963,toulouse
F0365,film,2026-09-19,Toulouse,Utopia Borderouge,L125,https://toulouse.cinemas-utopia.org/film?id=11963&src=evnmnt8262,toulouse
F0006,film,2026-09-19,Toulouse,Utopia Borderouge,L125,https://toulouse.cinemas-utopia.org/film/?id=14045,toulouse
F0043,film,2026-09-19,Tournefeuille,Utopia Tournefeuille,L126,https://toulouse.cinemas-utopia.org/film/?id=13923,toulouse
F0025,film,2026-09-19,Tournefeuille,Utopia Tournefeuille,L126,https://toulouse.cinemas-utopia.org/film/?id=13808,toulouse
F0018,film,2026-09-19,Tournefeuille,Utopia Tournefeuille,L126,https://toulouse.cinemas-utopia.org/film/?id=13474,toulouse
F0039,film,2026-09-19,Tournefeuille,Utopia Tournefeuille,L126,https://toulouse.cinemas-utopia.org/film/?id=13809,toulouse
F0045,film,2026-09-19,Tournefeuille,Utopia Tournefeuille,L126,https://toulouse.cinemas-utopia.org/film/?id=13956,toulouse
F0048,film,2026-09-19,Tournefeuille,Utopia Tournefeuille,L126,https://toulouse.cinemas-utopia.org/film/?id=13955,toulouse
F0055,film,2026-09-19,Tournefeuille,Utopia Tournefeuille,L126,https://toulouse.cinemas-utopia.org/film/?id=13957,toulouse
F0091,film,2026-09-19,Tournefeuille,Utopia Tournefeuille,L126,https://toulouse.cinemas-utopia.org/film/?id=13962,toulouse
F0092,film,2026-09-19,Tournefeuille,Utopia Tournefeuille,L126,"https://relay.mvtx.us/ticketing/dbz?code_theater=P3404&gid_entity=movie.movie._.1000041095&tags=Localization.Language.French,Format.Projection.Digital&perfd=20260919&perft=15:45&code=VF",toulouse
F0005,film,2026-09-19,Tournefeuille,Utopia Tournefeuille,L126,https://toulouse.cinemas-utopia.org/film/?id=13457,toulouse
F0013,film,2026-09-19,Tournefeuille,Utopia Tournefeuille,L126,https://toulouse.cinemas-utopia.org/film/?id=13459,toulouse
F0267,film,2026-09-19,Tournefeuille,Utopia Tournefeuille,L126,https://toulouse.cinemas-utopia.org/film/?id=7501,toulouse
F0036,film,2026-09-19,Tournefeuille,Utopia Tournefeuille,L126,https://toulouse.cinemas-utopia.org/film/?id=13475,toulouse
F0022,film,2026-09-19,Tournefeuille,Utopia Tournefeuille,L126,https://toulouse.cinemas-utopia.org/film/?id=13949,toulouse
F0002,film,2026-09-19,Tournefeuille,Utopia Tournefeuille,L126,https://toulouse.cinemas-utopia.org/film/?id=13767,toulouse
F0012,film,2026-09-19,Tournefeuille,Utopia Tournefeuille,L126,https://toulouse.cinemas-utopia.org/film/?id=13805,toulouse
F0005,film,2026-09-19,Toulouse,Le Cratère,L128,"https://relay.mvtx.us/ticketing/dbz?code_theater=P0056&gid_entity=movie.movie._.188280&tags=Localization.Version.Original,Format.Projection.Digital&perfd=20260919&perft=11:00&code=VO",toulouse
F0194,film,2026-09-19,Toulouse,Le Cratère,L128,"https://relay.mvtx.us/ticketing/dbz?code_theater=P0056&gid_entity=movie.movie._.216951&tags=Localization.Version.Original,Showtime.Event.Headline,Format.Projection.Digital&perfd=20260919&perft=14:00&code=VO; HEADLINE",toulouse
F0224,film,2026-09-19,Toulouse,Le Cratère,L128,"https://relay.mvtx.us/ticketing/dbz?code_theater=P0056&gid_entity=movie.movie._.17&tags=Localization.Version.Original,Showtime.Event.OnlySession,Showtime.Event.Headline,Format.Projection.Digital&perfd=20260919&perft=17:30&code=VO; ONLY SESSION; HEADLINE",toulouse
F0233,film,2026-09-19,Toulouse,Cinémathèque de Toulouse,L131,https://www.lacinemathequedetoulouse.com/programmation/agenda,toulouse
F0232,film,2026-09-19,Toulouse,Cinémathèque de Toulouse,L131,"https://relay.mvtx.us/ticketing/dbz?code_theater=P0062&gid_entity=movie.movie._.14790&tags=Localization.Language.French,Format.Projection.Digital&perfd=20260919&perft=16:00&code=VF",toulouse
F0287,film,2026-09-19,Toulouse,Cinémathèque de Toulouse,L131,https://www.lacinemathequedetoulouse.com/programmation/agenda,toulouse
A0300,live,2026-09-19,Toulouse,Cinémathèque de Toulouse,L131,https://www.lacinemathequedetoulouse.com/programmation/agenda,toulouse
F0289,film,2026-09-19,Toulouse,Cinémathèque de Toulouse,L131,https://www.lacinemathequedetoulouse.com/programmation/projections/37226,toulouse
F0185,film,2026-09-19,Toulouse,Cinémathèque de Toulouse,L131,"https://relay.mvtx.us/ticketing/dbz?code_theater=P0062&gid_entity=movie.movie._.2890&tags=Showtime.Accessibility.Subtitled,Localization.Language.French,Format.Projection.Digital&perfd=20260919&perft=18:00&code=SUBTITLE; MUTED; VF",toulouse
F0438,film,2026-09-19,Toulouse,Cinémathèque de Toulouse,L131,https://www.lacinemathequedetoulouse.com/programmation/agenda,toulouse
F0439,film,2026-09-19,Toulouse,Cinémathèque de Toulouse,L131,https://www.lacinemathequedetoulouse.com/programmation/projections/37273,toulouse
F0247,film,2026-09-19,Toulouse,Cinémathèque de Toulouse,L131,https://www.lacinemathequedetoulouse.com/programmation/agenda,toulouse
F0246,film,2026-09-19,Toulouse,Cinémathèque de Toulouse,L131,"https://relay.mvtx.us/ticketing/dbz?code_theater=P0062&gid_entity=movie.movie._.1719&tags=Showtime.Accessibility.Subtitled,Localization.Version.Original,Format.Projection.Digital&perfd=20260919&perft=21:00&code=VO; SUBTITLE",toulouse
A0371,live,2026-09-19,Blagnac,Poney Club,L132,https://lebikini.com/2026/09/19/karnage-grand-opening,toulouse
F0104,film,2026-09-19,Blagnac,CGR Blagnac,L139,"https://relay.mvtx.us/ticketing/dbz?code_theater=P0692&gid_entity=movie.movie._.29173&tags=Localization.Language.French,Showtime.Accessibility.Accessible&perfd=20260919&perft=17:45&code=Accès PMR; VF;",toulouse
F0017,film,2026-09-19,Ramonville-Saint-Agne,L'Autan,L143,"https://relay.mvtx.us/ticketing/dbz?code_theater=P0881&gid_entity=movie.movie._.314942&tags=Localization.Language.French,Showtime.Accessibility.Accessible,Format.Projection.Digital&perfd=20260919&perft=15:30&code=VF; DISABLED ACCESS",toulouse
F0062,film,2026-09-19,Ramonville-Saint-Agne,L'Autan,L143,"https://relay.mvtx.us/ticketing/dbz?code_theater=P0881&gid_entity=movie.movie._.1000029301&tags=Showtime.Accessibility.Subtitled,Localization.Version.Original,Showtime.Accessibility.Accessible,Format.Projection.Digital&perfd=20260919&perft=18:00&code=VO; SUBTITLE; DISABLED ACCESS",toulouse
F0005,film,2026-09-19,Ramonville-Saint-Agne,L'Autan,L143,"https://relay.mvtx.us/ticketing/dbz?code_theater=P0881&gid_entity=movie.movie._.188280&tags=Showtime.Accessibility.Subtitled,Localization.Version.Original,Showtime.Accessibility.Accessible,Format.Projection.Digital&perfd=20260919&perft=20:30&code=VO; SUBTITLE; DISABLED ACCESS",toulouse
F0007,film,2026-09-19,Plaisance-du-Touch,Ecran7 Plaisance,L145,"https://relay.mvtx.us/ticketing/dbz?code_theater=P0918&gid_entity=movie.movie._.257425&tags=Localization.Language.French,Showtime.Accessibility.Dubbed,Format.Projection.Digital,Showtime.Accessibility.Accessible&perfd=20260919&perft=13:30",toulouse
F0005,film,2026-09-19,Plaisance-du-Touch,Ecran7 Plaisance,L145,"https://relay.mvtx.us/ticketing/dbz?code_theater=P0918&gid_entity=movie.movie._.188280&tags=Localization.Version.Original,Format.Projection.Digital,Showtime.Accessibility.Accessible&perfd=20260919&perft=13:45",toulouse
F0011,film,2026-09-19,Plaisance-du-Touch,Ecran7 Plaisance,L145,"https://relay.mvtx.us/ticketing/dbz?code_theater=P0918&gid_entity=movie.movie._.1000002942&tags=Localization.Language.French,Showtime.Accessibility.Dubbed,Format.Projection.Digital,Showtime.Accessibility.Accessible&perfd=20260919&perft=13:45",toulouse
F0014,film,2026-09-19,Plaisance-du-Touch,Ecran7 Plaisance,L145,"https://relay.mvtx.us/ticketing/dbz?code_theater=P0918&gid_entity=movie.movie._.316021&tags=Localization.Language.French,Showtime.Accessibility.Dubbed,Format.Projection.Digital,Showtime.Accessibility.Accessible&perfd=20260919&perft=15:30",toulouse
F0041,film,2026-09-19,Plaisance-du-Touch,Ecran7 Plaisance,L145,"https://relay.mvtx.us/ticketing/dbz?code_theater=P0918&gid_entity=movie.movie._.323826&tags=Localization.Language.French,Format.Projection.Digital,Showtime.Accessibility.Accessible&perfd=20260919&perft=16:30",toulouse
F0340,film,2026-09-19,Plaisance-du-Touch,Ecran7 Plaisance,L145,"https://relay.mvtx.us/ticketing/dbz?code_theater=P0918&gid_entity=movie.movie._.1000028176&tags=Localization.Version.Original,BoostPos.Autres.EntractePlayItAgain,Format.Projection.Digital,Showtime.Accessibility.Accessible&perfd=20260919&perft=18:00",toulouse
F0012,film,2026-09-19,Plaisance-du-Touch,Ecran7 Plaisance,L145,"https://relay.mvtx.us/ticketing/dbz?code_theater=P0918&gid_entity=movie.movie._.327993&tags=Localization.Language.French,Format.Projection.Digital,Showtime.Accessibility.Accessible&perfd=20260919&perft=18:00",toulouse
F0003,film,2026-09-19,Plaisance-du-Touch,Ecran7 Plaisance,L145,"https://relay.mvtx.us/ticketing/dbz?code_theater=P0918&gid_entity=movie.movie._.1000014969&tags=Localization.Language.French,Showtime.Accessibility.Dubbed,Format.Projection.Digital,Showtime.Accessibility.Accessible&perfd=20260919&perft=18:30",toulouse
F0001,film,2026-09-19,Plaisance-du-Touch,Ecran7 Plaisance,L145,"https://relay.mvtx.us/ticketing/dbz?code_theater=P0918&gid_entity=movie.movie._.276608&tags=Localization.Language.French,Showtime.Accessibility.Dubbed,BoostPos.Image.2D,Format.Projection.Digital,Showtime.Accessibility.Accessible&perfd=20260919&perft=20:45",toulouse
A0301,live,2026-09-19,Toulouse,Archives départementales de la Haute-Garonne,L149,https://www.archives.haute-garonne.fr/,toulouse
A0372,live,2026-09-19,Lasserre-Pradère,Café associatif Le Buv'Art,L153,https://foyerrurallasserrepradere.fr/agenda/agenda-culturel-le-buvart/debout-avec-le-buvart,toulouse
A0373,live,2026-09-19,Lasserre-Pradère,Café associatif Le Buv'Art,L153,https://foyerrurallasserrepradere.fr/agenda/agenda-culturel-le-buvart/theatre-avec-lagit-a-18h30-dans-la-cour-du-buvart,toulouse
A0154,live,2026-09-20,Toulouse,Le Rex,L076,https://www.lerextoulouse.com/fr/programmation/,toulouse
A0374,live,2026-09-20,Toulouse,Le Rex,L076,https://www.lerextoulouse.com/fr/programmation/einar-solberg-et-guest/,toulouse
A0375,live,2026-09-20,Ramonville-Saint-Agne,Le Bikini,L083,https://lebikini.com/2026/09/20/27eme-convention-du-disque-de-toulouse,toulouse
A0375,live,2026-09-20,Ramonville-Saint-Agne,Le Petit Bikini,L093,https://lebikini.com/2026/09/20/27eme-convention-du-disque-de-toulouse,toulouse
F0027,film,2026-09-20,Toulouse,Utopia Borderouge,L125,https://toulouse.cinemas-utopia.org/film/?id=13806,toulouse
F0037,film,2026-09-20,Toulouse,Utopia Borderouge,L125,https://toulouse.cinemas-utopia.org/film/?id=13251,toulouse
F0046,film,2026-09-20,Toulouse,Utopia Borderouge,L125,https://toulouse.cinemas-utopia.org/film?id=13251,toulouse
F0040,film,2026-09-20,Toulouse,Utopia Borderouge,L125,https://toulouse.cinemas-utopia.org/film/?id=13042,toulouse
F0010,film,2026-09-20,Toulouse,Utopia Borderouge,L125,https://toulouse.cinemas-utopia.org/film/?id=13449,toulouse
F0013,film,2026-09-20,Toulouse,Utopia Borderouge,L125,https://toulouse.cinemas-utopia.org/film/?id=13459,toulouse
F0018,film,2026-09-20,Toulouse,Utopia Borderouge,L125,https://toulouse.cinemas-utopia.org/film/?id=13474,toulouse
F0002,film,2026-09-20,Toulouse,Utopia Borderouge,L125,https://toulouse.cinemas-utopia.org/film/?id=13767,toulouse
F0055,film,2026-09-20,Toulouse,Utopia Borderouge,L125,https://toulouse.cinemas-utopia.org/film/?id=13957,toulouse
F0005,film,2026-09-20,Toulouse,Utopia Borderouge,L125,https://toulouse.cinemas-utopia.org/film/?id=13457,toulouse
F0006,film,2026-09-20,Toulouse,Utopia Borderouge,L125,https://toulouse.cinemas-utopia.org/film/?id=14045,toulouse
F0034,film,2026-09-20,Toulouse,Utopia Borderouge,L125,https://toulouse.cinemas-utopia.org/film/?id=13462,toulouse
F0044,film,2026-09-20,Toulouse,Utopia Borderouge,L125,https://toulouse.cinemas-utopia.org/film?id=13462,toulouse
F0026,film,2026-09-20,Toulouse,Utopia Borderouge,L125,https://toulouse.cinemas-utopia.org/film/?id=13696,toulouse
F0012,film,2026-09-20,Toulouse,Utopia Borderouge,L125,https://toulouse.cinemas-utopia.org/film/?id=13805,toulouse
F0091,film,2026-09-20,Tournefeuille,Utopia Tournefeuille,L126,https://toulouse.cinemas-utopia.org/film/?id=13962,toulouse
F0092,film,2026-09-20,Tournefeuille,Utopia Tournefeuille,L126,"https://relay.mvtx.us/ticketing/dbz?code_theater=P3404&gid_entity=movie.movie._.1000041095&tags=Localization.Language.French,Format.Projection.Digital&perfd=20260920&perft=10:30&code=VF",toulouse
F0005,film,2026-09-20,Tournefeuille,Utopia Tournefeuille,L126,https://toulouse.cinemas-utopia.org/film/?id=13457,toulouse
F0012,film,2026-09-20,Tournefeuille,Utopia Tournefeuille,L126,https://toulouse.cinemas-utopia.org/film/?id=13805,toulouse
F0055,film,2026-09-20,Tournefeuille,Utopia Tournefeuille,L126,https://toulouse.cinemas-utopia.org/film/?id=13957,toulouse
F0045,film,2026-09-20,Tournefeuille,Utopia Tournefeuille,L126,https://toulouse.cinemas-utopia.org/film/?id=13956,toulouse
F0048,film,2026-09-20,Tournefeuille,Utopia Tournefeuille,L126,https://toulouse.cinemas-utopia.org/film/?id=13955,toulouse
F0018,film,2026-09-20,Tournefeuille,Utopia Tournefeuille,L126,https://toulouse.cinemas-utopia.org/film/?id=13474,toulouse
F0047,film,2026-09-20,Tournefeuille,Utopia Tournefeuille,L126,https://toulouse.cinemas-utopia.org/film/?id=13952,toulouse
F0034,film,2026-09-20,Tournefeuille,Utopia Tournefeuille,L126,https://toulouse.cinemas-utopia.org/film/?id=13462,toulouse
F0013,film,2026-09-20,Tournefeuille,Utopia Tournefeuille,L126,https://toulouse.cinemas-utopia.org/film/?id=13459,toulouse
F0015,film,2026-09-20,Tournefeuille,Utopia Tournefeuille,L126,"https://relay.mvtx.us/ticketing/dbz?code_theater=P3404&gid_entity=movie.movie._.294281&tags=Localization.Language.French,Format.Projection.Digital&perfd=20260920&perft=15:45&code=VF",toulouse
F0044,film,2026-09-20,Tournefeuille,Utopia Tournefeuille,L126,https://toulouse.cinemas-utopia.org/film?id=13462,toulouse
F0043,film,2026-09-20,Tournefeuille,Utopia Tournefeuille,L126,https://toulouse.cinemas-utopia.org/film/?id=13923,toulouse
F0010,film,2026-09-20,Tournefeuille,Utopia Tournefeuille,L126,https://toulouse.cinemas-utopia.org/film/?id=13449,toulouse
F0022,film,2026-09-20,Tournefeuille,Utopia Tournefeuille,L126,https://toulouse.cinemas-utopia.org/film/?id=13949,toulouse
F0025,film,2026-09-20,Tournefeuille,Utopia Tournefeuille,L126,https://toulouse.cinemas-utopia.org/film/?id=13808,toulouse
F0036,film,2026-09-20,Tournefeuille,Utopia Tournefeuille,L126,https://toulouse.cinemas-utopia.org/film/?id=13475,toulouse
F0035,film,2026-09-20,Toulouse,Le Cratère,L128,"https://relay.mvtx.us/ticketing/dbz?code_theater=P0056&gid_entity=movie.movie._.1000019327&tags=Localization.Version.Original,Format.Projection.Digital&perfd=20260920&perft=10:00&code=VO",toulouse
F0042,film,2026-09-20,Toulouse,Le Cratère,L128,"https://relay.mvtx.us/ticketing/dbz?code_theater=P0056&gid_entity=movie.movie._.308394&tags=Localization.Version.Original,Format.Projection.Digital&perfd=20260920&perft=11:35&code=VO",toulouse
F0005,film,2026-09-20,Toulouse,Le Cratère,L128,"https://relay.mvtx.us/ticketing/dbz?code_theater=P0056&gid_entity=movie.movie._.188280&tags=Localization.Version.Original,Format.Projection.Digital&perfd=20260920&perft=13:15&code=VO",toulouse
F0172,film,2026-09-20,Toulouse,Le Cratère,L128,"https://relay.mvtx.us/ticketing/dbz?code_theater=P0056&gid_entity=movie.movie._.111&tags=Localization.Version.Original,Showtime.Event.Headline,Format.Projection.Digital&perfd=20260920&perft=16:00&code=VO; HEADLINE",toulouse
F0411,film,2026-09-20,Toulouse,Le Cratère,L128,https://www.cinemalecratere.fr/films/cacahuete-l-aventure-scandaleuse,toulouse
F0415,film,2026-09-20,Toulouse,Le Cratère,L128,https://www.cinemalecratere.fr/films/brosser-son-crocodile,toulouse
F0100,film,2026-09-20,Toulouse,Cinémathèque de Toulouse,L131,https://www.lacinemathequedetoulouse.com/programmation/projections/37289,toulouse
F0369,film,2026-09-20,Toulouse,Cinémathèque de Toulouse,L131,https://www.lacinemathequedetoulouse.com/programmation/agenda,toulouse
F0370,film,2026-09-20,Toulouse,Cinémathèque de Toulouse,L131,"https://relay.mvtx.us/ticketing/dbz?code_theater=P0062&gid_entity=movie.movie._.317811&tags=Localization.Language.French,Format.Projection.Digital&perfd=20260920&perft=16:00&code=VF",toulouse
F0338,film,2026-09-20,Toulouse,Cinémathèque de Toulouse,L131,https://www.lacinemathequedetoulouse.com/programmation/agenda,toulouse
F0339,film,2026-09-20,Toulouse,Cinémathèque de Toulouse,L131,https://www.lacinemathequedetoulouse.com/programmation/projections/37233,toulouse
F0249,film,2026-09-20,Toulouse,Cinémathèque de Toulouse,L131,https://www.lacinemathequedetoulouse.com/programmation/agenda,toulouse
F0250,film,2026-09-20,Toulouse,Cinémathèque de Toulouse,L131,https://www.lacinemathequedetoulouse.com/programmation/projections/37274,toulouse
A0375,live,2026-09-20,Blagnac,Poney Club,L132,https://lebikini.com/2026/09/20/27eme-convention-du-disque-de-toulouse,toulouse
F0272,film,2026-09-20,Labège,Pathé Toulouse Labège,L138,,toulouse
F0323,film,2026-09-20,Blagnac,CGR Blagnac,L139,"https://relay.mvtx.us/ticketing/dbz?code_theater=P0692&gid_entity=movie.movie._.1000000085&tags=Localization.Language.French,Showtime.Accessibility.Accessible,Auditorium.Experience.Ice&perfd=20260920&perft=17:50&code=Accès PMR; ICE; VF;",toulouse
F0104,film,2026-09-20,Blagnac,CGR Blagnac,L139,"https://relay.mvtx.us/ticketing/dbz?code_theater=P0692&gid_entity=movie.movie._.29173&tags=Localization.Language.French,Showtime.Accessibility.Accessible&perfd=20260920&perft=20:00&code=Accès PMR; VF;",toulouse
F0018,film,2026-09-20,Toulouse,American Cosmograph,L141,https://american-cosmograph.fr/,toulouse
F0373,film,2026-09-20,Toulouse,UGC Montaudran,L142,"https://relay.mvtx.us/ticketing/dbz?code_theater=W3140&gid_entity=movie.movie._.10862&tags=Showtime.Accessibility.Accessible,Localization.Version.French,Format.Projection.Digital&perfd=20260920&perft=11:00&code=apd06a; PMR; 2D; Les Pestacles UGC; VF; ",toulouse
F0299,film,2026-09-20,Toulouse,UGC Montaudran,L142,https://www.ugc.fr/film.html?id=4301&cinemaId=56,toulouse
F0104,film,2026-09-20,Toulouse,UGC Montaudran,L142,"https://relay.mvtx.us/ticketing/dbz?code_theater=W3140&gid_entity=movie.movie._.29173&tags=Showtime.Accessibility.Accessible,Localization.Subtitle.French,Localization.Version.Original,Format.Projection.Digital&perfd=20260920&perft=18:00&code=PMR; 2D; VO; ",toulouse
F0009,film,2026-09-20,Ramonville-Saint-Agne,L'Autan,L143,"https://relay.mvtx.us/ticketing/dbz?code_theater=P0881&gid_entity=movie.movie._.320681&tags=Localization.Language.French,Showtime.Accessibility.Accessible,Format.Projection.Digital&perfd=20260920&perft=15:00&code=VF; DISABLED ACCESS",toulouse
F0017,film,2026-09-20,Ramonville-Saint-Agne,L'Autan,L143,"https://relay.mvtx.us/ticketing/dbz?code_theater=P0881&gid_entity=movie.movie._.314942&tags=Localization.Language.French,Showtime.Accessibility.Accessible,Format.Projection.Digital&perfd=20260920&perft=15:00&code=VF; DISABLED ACCESS",toulouse
F0005,film,2026-09-20,Ramonville-Saint-Agne,L'Autan,L143,"https://relay.mvtx.us/ticketing/dbz?code_theater=P0881&gid_entity=movie.movie._.188280&tags=Showtime.Accessibility.Subtitled,Localization.Version.Original,Showtime.Accessibility.Accessible,Format.Projection.Digital&perfd=20260920&perft=17:30&code=VO; SUBTITLE; DISABLED ACCESS",toulouse
F0099,film,2026-09-20,Ramonville-Saint-Agne,L'Autan,L143,"https://relay.mvtx.us/ticketing/dbz?code_theater=P0881&gid_entity=movie.movie._.1000019673&tags=Showtime.Accessibility.Subtitled,Localization.Version.Original,Showtime.Accessibility.Accessible,Format.Projection.Digital&perfd=20260920&perft=20:30&code=VO; SUBTITLE; DISABLED ACCESS",toulouse
F0011,film,2026-09-20,Plaisance-du-Touch,Ecran7 Plaisance,L145,"https://relay.mvtx.us/ticketing/dbz?code_theater=P0918&gid_entity=movie.movie._.1000002942&tags=Localization.Language.French,Showtime.Accessibility.Dubbed,Format.Projection.Digital,Showtime.Accessibility.Accessible&perfd=20260920&perft=11:00",toulouse
F0007,film,2026-09-20,Plaisance-du-Touch,Ecran7 Plaisance,L145,"https://relay.mvtx.us/ticketing/dbz?code_theater=P0918&gid_entity=movie.movie._.257425&tags=Localization.Language.French,Showtime.Accessibility.Dubbed,Format.Projection.Digital,Showtime.Accessibility.Accessible&perfd=20260920&perft=11:00",toulouse
F0042,film,2026-09-20,Plaisance-du-Touch,Ecran7 Plaisance,L145,"https://relay.mvtx.us/ticketing/dbz?code_theater=P0918&gid_entity=movie.movie._.308394&tags=Localization.Version.Original,Format.Projection.Digital,Showtime.Accessibility.Accessible&perfd=20260920&perft=11:00",toulouse
F0001,film,2026-09-20,Plaisance-du-Touch,Ecran7 Plaisance,L145,"https://relay.mvtx.us/ticketing/dbz?code_theater=P0918&gid_entity=movie.movie._.276608&tags=Localization.Language.French,Showtime.Accessibility.Dubbed,BoostPos.Image.2D,Format.Projection.Digital,Showtime.Accessibility.Accessible&perfd=20260920&perft=13:30",toulouse
F0041,film,2026-09-20,Plaisance-du-Touch,Ecran7 Plaisance,L145,"https://relay.mvtx.us/ticketing/dbz?code_theater=P0918&gid_entity=movie.movie._.323826&tags=Localization.Language.French,Format.Projection.Digital,Showtime.Accessibility.Accessible&perfd=20260920&perft=13:30",toulouse
F0331,film,2026-09-20,Plaisance-du-Touch,Ecran7 Plaisance,L145,"https://relay.mvtx.us/ticketing/dbz?code_theater=P0918&gid_entity=movie.movie._.11674&tags=Localization.Language.French,Showtime.Accessibility.Dubbed,BoostPos.Autres.Cg,Format.Projection.Digital,Showtime.Accessibility.Accessible&perfd=20260920&perft=15:45",toulouse
F0002,film,2026-09-20,Plaisance-du-Touch,Ecran7 Plaisance,L145,"https://relay.mvtx.us/ticketing/dbz?code_theater=P0918&gid_entity=movie.movie._.1000013045&tags=Localization.Language.French,Showtime.Accessibility.Dubbed,Format.Projection.Digital,Showtime.Accessibility.Accessible&perfd=20260920&perft=17:30",toulouse
F0003,film,2026-09-20,Plaisance-du-Touch,Ecran7 Plaisance,L145,"https://relay.mvtx.us/ticketing/dbz?code_theater=P0918&gid_entity=movie.movie._.1000014969&tags=Localization.Language.French,Showtime.Accessibility.Dubbed,Format.Projection.Digital,Showtime.Accessibility.Accessible&perfd=20260920&perft=17:45",toulouse
F0006,film,2026-09-20,Plaisance-du-Touch,Ecran7 Plaisance,L145,"https://relay.mvtx.us/ticketing/dbz?code_theater=P0918&gid_entity=movie.movie._.314503&tags=Localization.Language.French,Showtime.Accessibility.Dubbed,Format.Projection.Digital,Showtime.Accessibility.Accessible&perfd=20260920&perft=18:15",toulouse
F0005,film,2026-09-20,Plaisance-du-Touch,Ecran7 Plaisance,L145,"https://relay.mvtx.us/ticketing/dbz?code_theater=P0918&gid_entity=movie.movie._.188280&tags=Localization.Version.Original,Format.Projection.Digital,Showtime.Accessibility.Accessible&perfd=20260920&perft=20:00",toulouse
F0012,film,2026-09-20,Plaisance-du-Touch,Ecran7 Plaisance,L145,"https://relay.mvtx.us/ticketing/dbz?code_theater=P0918&gid_entity=movie.movie._.327993&tags=Localization.Language.French,Format.Projection.Digital,Showtime.Accessibility.Accessible&perfd=20260920&perft=20:15",toulouse
F0014,film,2026-09-20,Plaisance-du-Touch,Ecran7 Plaisance,L145,"https://relay.mvtx.us/ticketing/dbz?code_theater=P0918&gid_entity=movie.movie._.316021&tags=Localization.Version.Original,Format.Projection.Digital,Showtime.Accessibility.Accessible&perfd=20260920&perft=20:45",toulouse
F0107,film,2026-09-20,Muret,Véo Muret,L147,"https://relay.mvtx.us/ticketing/dbz?code_theater=W3161&gid_entity=movie.movie._.321790&tags=Localization.Language.French,Format.Projection.Digital&perfd=20260920&perft=16:00",toulouse
A0302,live,2026-09-20,Toulouse,COMDT (Centre occitan des musiques et danses traditionnelles),L151,https://www.comdt.org/evenement/journee-portes-ouvertes-sortie-de-residence-tolosa-trobadors/,toulouse
A0433,live,2026-09-20,Toulouse,COMDT (Centre occitan des musiques et danses traditionnelles),L151,https://www.comdt.org/evenement/journee-portes-ouvertes-sortie-de-residence-tolosa-trobadors/,toulouse
A0155,live,2026-09-21,Toulouse,Chapelle des Carmélites,L071,https://monuments.toulouse.fr/saison-musicale-toulouse/,toulouse
F0033,film,2026-09-21,Toulouse,Utopia Borderouge,L125,https://toulouse.cinemas-utopia.org/film/?id=13754,toulouse
F0012,film,2026-09-21,Toulouse,Utopia Borderouge,L125,https://toulouse.cinemas-utopia.org/film/?id=13805,toulouse
F0037,film,2026-09-21,Toulouse,Utopia Borderouge,L125,https://toulouse.cinemas-utopia.org/film/?id=13251,toulouse
F0046,film,2026-09-21,Toulouse,Utopia Borderouge,L125,https://toulouse.cinemas-utopia.org/film?id=13251,toulouse
F0018,film,2026-09-21,Toulouse,Utopia Borderouge,L125,https://toulouse.cinemas-utopia.org/film/?id=13474,toulouse
F0068,film,2026-09-21,Toulouse,Utopia Borderouge,L125,https://toulouse.cinemas-utopia.org/film/?id=14060,toulouse
F0034,film,2026-09-21,Toulouse,Utopia Borderouge,L125,https://toulouse.cinemas-utopia.org/film/?id=13462,toulouse
F0044,film,2026-09-21,Toulouse,Utopia Borderouge,L125,https://toulouse.cinemas-utopia.org/film?id=13462,toulouse
F0027,film,2026-09-21,Toulouse,Utopia Borderouge,L125,https://toulouse.cinemas-utopia.org/film/?id=13806,toulouse
F0006,film,2026-09-21,Toulouse,Utopia Borderouge,L125,https://toulouse.cinemas-utopia.org/film/?id=14045,toulouse
F0010,film,2026-09-21,Toulouse,Utopia Borderouge,L125,https://toulouse.cinemas-utopia.org/film/?id=13449,toulouse
F0002,film,2026-09-21,Toulouse,Utopia Borderouge,L125,https://toulouse.cinemas-utopia.org/film/?id=13767,toulouse
F0005,film,2026-09-21,Toulouse,Utopia Borderouge,L125,https://toulouse.cinemas-utopia.org/film/?id=13457,toulouse
F0043,film,2026-09-21,Tournefeuille,Utopia Tournefeuille,L126,https://toulouse.cinemas-utopia.org/film/?id=13923,toulouse
F0047,film,2026-09-21,Tournefeuille,Utopia Tournefeuille,L126,https://toulouse.cinemas-utopia.org/film/?id=13952,toulouse
F0013,film,2026-09-21,Tournefeuille,Utopia Tournefeuille,L126,https://toulouse.cinemas-utopia.org/film/?id=13459,toulouse
F0018,film,2026-09-21,Tournefeuille,Utopia Tournefeuille,L126,https://toulouse.cinemas-utopia.org/film/?id=13474,toulouse
F0045,film,2026-09-21,Tournefeuille,Utopia Tournefeuille,L126,https://toulouse.cinemas-utopia.org/film/?id=13956,toulouse
F0012,film,2026-09-21,Tournefeuille,Utopia Tournefeuille,L126,https://toulouse.cinemas-utopia.org/film/?id=13805,toulouse
F0036,film,2026-09-21,Tournefeuille,Utopia Tournefeuille,L126,https://toulouse.cinemas-utopia.org/film/?id=13475,toulouse
F0048,film,2026-09-21,Tournefeuille,Utopia Tournefeuille,L126,https://toulouse.cinemas-utopia.org/film/?id=13955,toulouse
F0023,film,2026-09-21,Tournefeuille,Utopia Tournefeuille,L126,https://toulouse.cinemas-utopia.org/film/?id=11952,toulouse
F0022,film,2026-09-21,Tournefeuille,Utopia Tournefeuille,L126,https://toulouse.cinemas-utopia.org/film/?id=13949,toulouse
F0039,film,2026-09-21,Tournefeuille,Utopia Tournefeuille,L126,https://toulouse.cinemas-utopia.org/film/?id=13809,toulouse
F0005,film,2026-09-21,Tournefeuille,Utopia Tournefeuille,L126,https://toulouse.cinemas-utopia.org/film/?id=13457,toulouse
F0261,film,2026-09-21,Tournefeuille,Utopia Tournefeuille,L126,https://toulouse.cinemas-utopia.org/film/?id=2132,toulouse
F0053,film,2026-09-21,Toulouse,Le Cratère,L128,"https://relay.mvtx.us/ticketing/dbz?code_theater=P0056&gid_entity=movie.movie._.316460&tags=Localization.Version.Original,Format.Projection.Digital&perfd=20260921&perft=10:00&code=VO",toulouse
F0061,film,2026-09-21,Toulouse,Le Cratère,L128,"https://relay.mvtx.us/ticketing/dbz?code_theater=P0056&gid_entity=movie.movie._.305836&tags=Localization.Version.Original,Format.Projection.Digital&perfd=20260921&perft=12:05&code=VO",toulouse
F0035,film,2026-09-21,Toulouse,Le Cratère,L128,"https://relay.mvtx.us/ticketing/dbz?code_theater=P0056&gid_entity=movie.movie._.1000019327&tags=Localization.Version.Original,Format.Projection.Digital&perfd=20260921&perft=13:45&code=VO",toulouse
F0074,film,2026-09-21,Toulouse,Le Cratère,L128,"https://relay.mvtx.us/ticketing/dbz?code_theater=P0056&gid_entity=movie.movie._.282094&tags=Localization.Version.Original,Format.Projection.Digital&perfd=20260921&perft=15:20&code=VO",toulouse
F0005,film,2026-09-21,Toulouse,Le Cratère,L128,"https://relay.mvtx.us/ticketing/dbz?code_theater=P0056&gid_entity=movie.movie._.188280&tags=Localization.Version.Original,Format.Projection.Digital&perfd=20260921&perft=17:00&code=VO",toulouse
F0040,film,2026-09-21,Toulouse,Le Cratère,L128,"https://relay.mvtx.us/ticketing/dbz?code_theater=P0056&gid_entity=movie.movie._.310112&tags=Localization.Version.Original,Format.Projection.Digital&perfd=20260921&perft=19:35&code=VO",toulouse
F0070,film,2026-09-21,Toulouse,Le Cratère,L128,"https://relay.mvtx.us/ticketing/dbz?code_theater=P0056&gid_entity=movie.movie._.289867&tags=Localization.Version.Original,Format.Projection.Digital&perfd=20260921&perft=21:10&code=VO",toulouse
F0401,film,2026-09-21,Labège,Pathé Toulouse Labège,L138,,toulouse
F0099,film,2026-09-21,Ramonville-Saint-Agne,L'Autan,L143,"https://relay.mvtx.us/ticketing/dbz?code_theater=P0881&gid_entity=movie.movie._.1000019673&tags=Showtime.Accessibility.Subtitled,Localization.Version.Original,Showtime.Accessibility.Accessible,Format.Projection.Digital&perfd=20260921&perft=17:30&code=VO; SUBTITLE; DISABLED ACCESS",toulouse
F0013,film,2026-09-21,Ramonville-Saint-Agne,L'Autan,L143,"https://relay.mvtx.us/ticketing/dbz?code_theater=P0881&gid_entity=movie.movie._.1000024105&tags=Localization.Language.French,Showtime.Accessibility.Accessible,Format.Projection.Digital&perfd=20260921&perft=20:00&code=VF; DISABLED ACCESS",toulouse
F0003,film,2026-09-21,Plaisance-du-Touch,Ecran7 Plaisance,L145,"https://relay.mvtx.us/ticketing/dbz?code_theater=P0918&gid_entity=movie.movie._.1000014969&tags=Localization.Language.French,Showtime.Accessibility.Dubbed,Format.Projection.Digital,Showtime.Accessibility.Accessible&perfd=20260921&perft=13:30",toulouse
F0006,film,2026-09-21,Plaisance-du-Touch,Ecran7 Plaisance,L145,"https://relay.mvtx.us/ticketing/dbz?code_theater=P0918&gid_entity=movie.movie._.314503&tags=Localization.Language.French,Showtime.Accessibility.Dubbed,Format.Projection.Digital,Showtime.Accessibility.Accessible&perfd=20260921&perft=13:45",toulouse
F0041,film,2026-09-21,Plaisance-du-Touch,Ecran7 Plaisance,L145,"https://relay.mvtx.us/ticketing/dbz?code_theater=P0918&gid_entity=movie.movie._.323826&tags=Localization.Language.French,Format.Projection.Digital,Showtime.Accessibility.Accessible&perfd=20260921&perft=13:45",toulouse
F0001,film,2026-09-21,Plaisance-du-Touch,Ecran7 Plaisance,L145,"https://relay.mvtx.us/ticketing/dbz?code_theater=P0918&gid_entity=movie.movie._.276608&tags=Localization.Language.French,Showtime.Accessibility.Dubbed,BoostPos.Image.2D,Format.Projection.Digital,Showtime.Accessibility.Accessible&perfd=20260921&perft=15:45",toulouse
F0005,film,2026-09-21,Plaisance-du-Touch,Ecran7 Plaisance,L145,"https://relay.mvtx.us/ticketing/dbz?code_theater=P0918&gid_entity=movie.movie._.188280&tags=Localization.Version.Original,Format.Projection.Digital,Showtime.Accessibility.Accessible&perfd=20260921&perft=15:45",toulouse
F0012,film,2026-09-21,Plaisance-du-Touch,Ecran7 Plaisance,L145,"https://relay.mvtx.us/ticketing/dbz?code_theater=P0918&gid_entity=movie.movie._.327993&tags=Localization.Language.French,Format.Projection.Digital,Showtime.Accessibility.Accessible&perfd=20260921&perft=15:45",toulouse
F0014,film,2026-09-21,Plaisance-du-Touch,Ecran7 Plaisance,L145,"https://relay.mvtx.us/ticketing/dbz?code_theater=P0918&gid_entity=movie.movie._.316021&tags=Localization.Language.French,Showtime.Accessibility.Dubbed,Format.Projection.Digital,Showtime.Accessibility.Accessible&perfd=20260921&perft=18:30",toulouse
F0042,film,2026-09-21,Plaisance-du-Touch,Ecran7 Plaisance,L145,"https://relay.mvtx.us/ticketing/dbz?code_theater=P0918&gid_entity=movie.movie._.308394&tags=Localization.Version.Original,Format.Projection.Digital,Showtime.Accessibility.Accessible&perfd=20260921&perft=18:30",toulouse
F0368,film,2026-09-21,Plaisance-du-Touch,Ecran7 Plaisance,L145,"https://relay.mvtx.us/ticketing/dbz?code_theater=P0918&gid_entity=movie.movie._.22758&tags=Localization.Language.French,Format.Projection.Digital,Showtime.Accessibility.Accessible&perfd=20260921&perft=20:30",toulouse
F0002,film,2026-09-21,Plaisance-du-Touch,Ecran7 Plaisance,L145,"https://relay.mvtx.us/ticketing/dbz?code_theater=P0918&gid_entity=movie.movie._.1000013045&tags=Localization.Version.Original,Format.Projection.Digital,Showtime.Accessibility.Accessible&perfd=20260921&perft=20:30",toulouse
F0011,film,2026-09-21,Plaisance-du-Touch,Ecran7 Plaisance,L145,"https://relay.mvtx.us/ticketing/dbz?code_theater=P0918&gid_entity=movie.movie._.1000002942&tags=Localization.Language.French,Showtime.Accessibility.Dubbed,Format.Projection.Digital,Showtime.Accessibility.Accessible&perfd=20260921&perft=21:00",toulouse
A0002,live,2026-09-22,Toulouse,Théâtre Les 3 T,L047,https://new.3tcafetheatre.com/spectacle/les-faux-british/,toulouse
A0156,live,2026-09-22,Toulouse,Auditorium Saint-Pierre des Cuisines,L072,https://www.radiofrance.fr/francemusique/evenements/festival-festival-piano-jacobins-du-8-au-30-septembre-2026-6541388,toulouse
A0434,live,2026-09-22,Toulouse,Le Bijou,L078,https://www.le-bijou.net/event-details/osons-le-tremplin-soiree-de-selection-31,toulouse
F0033,film,2026-09-22,Toulouse,Utopia Borderouge,L125,https://toulouse.cinemas-utopia.org/film/?id=13754,toulouse
F0006,film,2026-09-22,Toulouse,Utopia Borderouge,L125,https://toulouse.cinemas-utopia.org/film/?id=14045,toulouse
F0018,film,2026-09-22,Toulouse,Utopia Borderouge,L125,https://toulouse.cinemas-utopia.org/film/?id=13474,toulouse
F0027,film,2026-09-22,Toulouse,Utopia Borderouge,L125,https://toulouse.cinemas-utopia.org/film/?id=13806,toulouse
F0012,film,2026-09-22,Toulouse,Utopia Borderouge,L125,https://toulouse.cinemas-utopia.org/film/?id=13805,toulouse
F0005,film,2026-09-22,Toulouse,Utopia Borderouge,L125,https://toulouse.cinemas-utopia.org/film/?id=13457,toulouse
F0002,film,2026-09-22,Toulouse,Utopia Borderouge,L125,https://toulouse.cinemas-utopia.org/film/?id=13767,toulouse
F0010,film,2026-09-22,Toulouse,Utopia Borderouge,L125,https://toulouse.cinemas-utopia.org/film/?id=13449,toulouse
F0034,film,2026-09-22,Toulouse,Utopia Borderouge,L125,https://toulouse.cinemas-utopia.org/film/?id=13462,toulouse
F0044,film,2026-09-22,Toulouse,Utopia Borderouge,L125,https://toulouse.cinemas-utopia.org/film?id=13462,toulouse
F0013,film,2026-09-22,Toulouse,Utopia Borderouge,L125,https://toulouse.cinemas-utopia.org/film/?id=13459,toulouse
F0285,film,2026-09-22,Toulouse,Utopia Borderouge,L125,https://toulouse.cinemas-utopia.org/film/?id=14071,toulouse
F0068,film,2026-09-22,Toulouse,Utopia Borderouge,L125,https://toulouse.cinemas-utopia.org/film/?id=14060,toulouse
F0025,film,2026-09-22,Tournefeuille,Utopia Tournefeuille,L126,https://toulouse.cinemas-utopia.org/film/?id=13808,toulouse
F0005,film,2026-09-22,Tournefeuille,Utopia Tournefeuille,L126,https://toulouse.cinemas-utopia.org/film/?id=13457,toulouse
F0039,film,2026-09-22,Tournefeuille,Utopia Tournefeuille,L126,https://toulouse.cinemas-utopia.org/film/?id=13809,toulouse
F0045,film,2026-09-22,Tournefeuille,Utopia Tournefeuille,L126,https://toulouse.cinemas-utopia.org/film/?id=13956,toulouse
F0022,film,2026-09-22,Tournefeuille,Utopia Tournefeuille,L126,https://toulouse.cinemas-utopia.org/film/?id=13949,toulouse
F0047,film,2026-09-22,Tournefeuille,Utopia Tournefeuille,L126,https://toulouse.cinemas-utopia.org/film/?id=13952,toulouse
F0043,film,2026-09-22,Tournefeuille,Utopia Tournefeuille,L126,https://toulouse.cinemas-utopia.org/film/?id=13923,toulouse
F0037,film,2026-09-22,Tournefeuille,Utopia Tournefeuille,L126,https://toulouse.cinemas-utopia.org/film/?id=13251,toulouse
F0020,film,2026-09-22,Tournefeuille,Utopia Tournefeuille,L126,"https://relay.mvtx.us/ticketing/dbz?code_theater=P3404&gid_entity=movie.movie._.294280&tags=Localization.Language.French,Format.Projection.Digital&perfd=20260922&perft=17:00&code=VF",toulouse
F0046,film,2026-09-22,Tournefeuille,Utopia Tournefeuille,L126,https://toulouse.cinemas-utopia.org/film?id=13251,toulouse
F0036,film,2026-09-22,Tournefeuille,Utopia Tournefeuille,L126,https://toulouse.cinemas-utopia.org/film/?id=13475,toulouse
F0048,film,2026-09-22,Tournefeuille,Utopia Tournefeuille,L126,https://toulouse.cinemas-utopia.org/film/?id=13955,toulouse
F0023,film,2026-09-22,Tournefeuille,Utopia Tournefeuille,L126,https://toulouse.cinemas-utopia.org/film/?id=11952,toulouse
F0012,film,2026-09-22,Tournefeuille,Utopia Tournefeuille,L126,https://toulouse.cinemas-utopia.org/film/?id=13805,toulouse
F0018,film,2026-09-22,Tournefeuille,Utopia Tournefeuille,L126,https://toulouse.cinemas-utopia.org/film/?id=13474,toulouse
F0053,film,2026-09-22,Toulouse,Le Cratère,L128,"https://relay.mvtx.us/ticketing/dbz?code_theater=P0056&gid_entity=movie.movie._.316460&tags=Localization.Version.Original,Format.Projection.Digital&perfd=20260922&perft=10:00&code=VO",toulouse
F0010,film,2026-09-22,Toulouse,Le Cratère,L128,"https://relay.mvtx.us/ticketing/dbz?code_theater=P0056&gid_entity=movie.movie._.1000037046&tags=Localization.Version.Original,Format.Projection.Digital&perfd=20260922&perft=12:05&code=VO",toulouse
F0026,film,2026-09-22,Toulouse,Le Cratère,L128,"https://relay.mvtx.us/ticketing/dbz?code_theater=P0056&gid_entity=movie.movie._.1000041528&tags=Showtime.Accessibility.Subtitled,Localization.Version.Original,Showtime.Accessibility.OpenCaption,Format.Projection.Digital&perfd=20260922&perft=13:25&code=VO; SUBTITLE; SUBTITLE OCAP",toulouse
F0111,film,2026-09-22,Toulouse,Le Cratère,L128,"https://relay.mvtx.us/ticketing/dbz?code_theater=P0056&gid_entity=movie.movie._.271212&tags=Localization.Version.Original,Format.Projection.Digital&perfd=20260922&perft=14:55&code=VO",toulouse
F0088,film,2026-09-22,Toulouse,Le Cratère,L128,"https://relay.mvtx.us/ticketing/dbz?code_theater=P0056&gid_entity=movie.movie._.1000003998&tags=Localization.Version.Original,Format.Projection.Digital&perfd=20260922&perft=18:10&code=VO",toulouse
F0013,film,2026-09-22,Toulouse,Le Cratère,L128,"https://relay.mvtx.us/ticketing/dbz?code_theater=P0056&gid_entity=movie.movie._.1000024105&tags=Localization.Version.Original,Format.Projection.Digital&perfd=20260922&perft=20:00&code=VO",toulouse
F0277,film,2026-09-22,Toulouse,Cinémathèque de Toulouse,L131,https://www.lacinemathequedetoulouse.com/programmation/agenda,toulouse
F0278,film,2026-09-22,Toulouse,Cinémathèque de Toulouse,L131,https://www.lacinemathequedetoulouse.com/programmation/projections/37235,toulouse
F0390,film,2026-09-22,Toulouse,Cinémathèque de Toulouse,L131,"https://relay.mvtx.us/ticketing/dbz?code_theater=P0062&gid_entity=movie.movie._.53024&tags=Showtime.Accessibility.Subtitled,Localization.Version.Original,Format.Projection.Digital&perfd=20260922&perft=19:00&code=VO; SUBTITLE",toulouse
F0431,film,2026-09-22,Toulouse,Cinémathèque de Toulouse,L131,https://www.lacinemathequedetoulouse.com/programmation/projections/37295,toulouse
F0270,film,2026-09-22,Toulouse,Cinémathèque de Toulouse,L131,https://www.lacinemathequedetoulouse.com/programmation/agenda,toulouse
F0176,film,2026-09-22,Toulouse,Cinémathèque de Toulouse,L131,https://www.lacinemathequedetoulouse.com/programmation/projections/37250,toulouse
F0175,film,2026-09-22,Toulouse,Cinémathèque de Toulouse,L131,"https://relay.mvtx.us/ticketing/dbz?code_theater=P0062&gid_entity=movie.movie._.22015&tags=Showtime.Accessibility.Subtitled,Localization.Version.Original,Format.Projection.Digital&perfd=20260922&perft=21:00&code=VO; SUBTITLE",toulouse
F0104,film,2026-09-22,Fenouillet,Kinepolis Fenouillet,L140,https://relay.mvtx.us/ticketing/dbz?code_theater=W3115&gid_entity=movie.movie._.29173&tags=Format.Projection.Digital&perfd=20260922&perft=20:30&code=Version Francaise; 2D,toulouse
F0210,film,2026-09-22,Ramonville-Saint-Agne,L'Autan,L143,"https://relay.mvtx.us/ticketing/dbz?code_theater=P0881&gid_entity=movie.movie._.1000022312&tags=Showtime.Accessibility.Subtitled,Showtime.Accessibility.OpenCaption,Showtime.Accessibility.VisionImpaired,Localization.Language.French,Showtime.Accessibility.Accessible,Format.Projection.Digital&perfd=20260922&perft=15:00&code=SUBTITLE; SUBTITLE OCAP; VI; VF; DISABLED ACCESS",toulouse
F0005,film,2026-09-22,Ramonville-Saint-Agne,L'Autan,L143,"https://relay.mvtx.us/ticketing/dbz?code_theater=P0881&gid_entity=movie.movie._.188280&tags=Showtime.Accessibility.Subtitled,Localization.Version.Original,Showtime.Accessibility.Accessible,Format.Projection.Digital&perfd=20260922&perft=18:00&code=VO; SUBTITLE; DISABLED ACCESS",toulouse
F0062,film,2026-09-22,Ramonville-Saint-Agne,L'Autan,L143,"https://relay.mvtx.us/ticketing/dbz?code_theater=P0881&gid_entity=movie.movie._.1000029301&tags=Showtime.Accessibility.Subtitled,Localization.Version.Original,Showtime.Accessibility.Accessible,Format.Projection.Digital&perfd=20260922&perft=21:00&code=VO; SUBTITLE; DISABLED ACCESS",toulouse
F0002,film,2026-09-22,Plaisance-du-Touch,Ecran7 Plaisance,L145,"https://relay.mvtx.us/ticketing/dbz?code_theater=P0918&gid_entity=movie.movie._.1000013045&tags=Localization.Language.French,Showtime.Accessibility.Dubbed,BoostPos.XpEtLabels.DerniereSeance,Format.Projection.Digital,Showtime.Accessibility.Accessible&perfd=20260922&perft=13:30",toulouse
F0014,film,2026-09-22,Plaisance-du-Touch,Ecran7 Plaisance,L145,"https://relay.mvtx.us/ticketing/dbz?code_theater=P0918&gid_entity=movie.movie._.316021&tags=Localization.Language.French,Showtime.Accessibility.Dubbed,BoostPos.XpEtLabels.DerniereSeance,Format.Projection.Digital,Showtime.Accessibility.Accessible&perfd=20260922&perft=13:30",toulouse
F0005,film,2026-09-22,Plaisance-du-Touch,Ecran7 Plaisance,L145,"https://relay.mvtx.us/ticketing/dbz?code_theater=P0918&gid_entity=movie.movie._.188280&tags=Localization.Version.Original,Format.Projection.Digital,Showtime.Accessibility.Accessible&perfd=20260922&perft=13:45",toulouse
F0041,film,2026-09-22,Plaisance-du-Touch,Ecran7 Plaisance,L145,"https://relay.mvtx.us/ticketing/dbz?code_theater=P0918&gid_entity=movie.movie._.323826&tags=Localization.Language.French,Format.Projection.Digital,Showtime.Accessibility.Accessible&perfd=20260922&perft=16:15",toulouse
F0011,film,2026-09-22,Plaisance-du-Touch,Ecran7 Plaisance,L145,"https://relay.mvtx.us/ticketing/dbz?code_theater=P0918&gid_entity=movie.movie._.1000002942&tags=Localization.Language.French,Showtime.Accessibility.Dubbed,BoostPos.XpEtLabels.DerniereSeance,Format.Projection.Digital,Showtime.Accessibility.Accessible&perfd=20260922&perft=16:30",toulouse
F0042,film,2026-09-22,Plaisance-du-Touch,Ecran7 Plaisance,L145,"https://relay.mvtx.us/ticketing/dbz?code_theater=P0918&gid_entity=movie.movie._.308394&tags=Localization.Version.Original,Format.Projection.Digital,Showtime.Accessibility.Accessible&perfd=20260922&perft=16:45",toulouse
F0012,film,2026-09-22,Plaisance-du-Touch,Ecran7 Plaisance,L145,"https://relay.mvtx.us/ticketing/dbz?code_theater=P0918&gid_entity=movie.movie._.327993&tags=Localization.Language.French,BoostPos.XpEtLabels.DerniereSeance,Format.Projection.Digital,Showtime.Accessibility.Accessible&perfd=20260922&perft=18:15",toulouse
F0003,film,2026-09-22,Plaisance-du-Touch,Ecran7 Plaisance,L145,"https://relay.mvtx.us/ticketing/dbz?code_theater=P0918&gid_entity=movie.movie._.1000014969&tags=Localization.Version.Original,Format.Projection.Digital,Showtime.Accessibility.Accessible&perfd=20260922&perft=18:30",toulouse
F0006,film,2026-09-22,Plaisance-du-Touch,Ecran7 Plaisance,L145,"https://relay.mvtx.us/ticketing/dbz?code_theater=P0918&gid_entity=movie.movie._.314503&tags=Localization.Language.French,Showtime.Accessibility.Dubbed,BoostPos.XpEtLabels.DerniereSeance,Format.Projection.Digital,Showtime.Accessibility.Accessible&perfd=20260922&perft=18:30",toulouse
F0001,film,2026-09-22,Plaisance-du-Touch,Ecran7 Plaisance,L145,"https://relay.mvtx.us/ticketing/dbz?code_theater=P0918&gid_entity=movie.movie._.276608&tags=Localization.Language.French,Showtime.Accessibility.Dubbed,BoostPos.Image.2D,BoostPos.XpEtLabels.DerniereSeance,Format.Projection.Digital,Showtime.Accessibility.Accessible&perfd=20260922&perft=20:45",toulouse
A0376,live,2026-09-22,Lasserre-Pradère,Café associatif Le Buv'Art,L153,https://foyerrurallasserrepradere.fr/agenda/agenda-culturel-le-buvart/les-ateliers-du-village-art-floral-4586753,toulouse
A0002,live,2026-09-23,Toulouse,Théâtre Les 3 T,L047,https://new.3tcafetheatre.com/spectacle/les-faux-british/,toulouse
A0157,live,2026-09-23,Toulouse,Théâtre Les 3 T,L047,https://new.3tcafetheatre.com/spectacle/aero-malgre-lui/,toulouse
A0158,live,2026-09-23,Toulouse,Le Taquin,L075,https://billetterie.festik.net/le-taquin/product/valentin-pommeray-trio,toulouse
A0435,live,2026-09-23,Toulouse,Le Bijou,L078,https://www.le-bijou.net/event-details/les-acides-74,toulouse
A0256,live,2026-09-23,Toulouse,Les Jardins de Candie,L092,https://lesjardinsdecandie.com/,toulouse
F0010,film,2026-09-23,Toulouse,Utopia Borderouge,L125,https://toulouse.cinemas-utopia.org/film/?id=13449,toulouse
F0012,film,2026-09-23,Toulouse,Utopia Borderouge,L125,https://toulouse.cinemas-utopia.org/film/?id=13805,toulouse
F0025,film,2026-09-23,Toulouse,Utopia Borderouge,L125,https://toulouse.cinemas-utopia.org/film/?id=13808,toulouse
F0018,film,2026-09-23,Toulouse,Utopia Borderouge,L125,https://toulouse.cinemas-utopia.org/film/?id=13474,toulouse
F0036,film,2026-09-23,Toulouse,Utopia Borderouge,L125,https://toulouse.cinemas-utopia.org/film/?id=13475,toulouse
F0027,film,2026-09-23,Toulouse,Utopia Borderouge,L125,https://toulouse.cinemas-utopia.org/film/?id=13806,toulouse
F0055,film,2026-09-23,Toulouse,Utopia Borderouge,L125,https://toulouse.cinemas-utopia.org/film/?id=13957,toulouse
F0068,film,2026-09-23,Toulouse,Utopia Borderouge,L125,https://toulouse.cinemas-utopia.org/film/?id=14060,toulouse
F0047,film,2026-09-23,Toulouse,Utopia Borderouge,L125,https://toulouse.cinemas-utopia.org/film/?id=13952,toulouse
F0002,film,2026-09-23,Toulouse,Utopia Borderouge,L125,https://toulouse.cinemas-utopia.org/film/?id=13767,toulouse
F0006,film,2026-09-23,Toulouse,Utopia Borderouge,L125,https://toulouse.cinemas-utopia.org/film/?id=14045,toulouse
F0059,film,2026-09-23,Toulouse,Utopia Borderouge,L125,https://toulouse.cinemas-utopia.org/film/?id=13931,toulouse
F0083,film,2026-09-23,Toulouse,Utopia Borderouge,L125,https://toulouse.cinemas-utopia.org/film?id=13931,toulouse
F0005,film,2026-09-23,Toulouse,Utopia Borderouge,L125,https://toulouse.cinemas-utopia.org/film/?id=13457,toulouse
F0066,film,2026-09-23,Tournefeuille,Utopia Tournefeuille,L126,"https://relay.mvtx.us/ticketing/dbz?code_theater=P3404&gid_entity=movie.movie._.1000026622&tags=Localization.Subtitle.French,Localization.Version.Original,Format.Projection.Digital&perfd=20260923&perft=14:00&code=VO",toulouse
F0018,film,2026-09-23,Tournefeuille,Utopia Tournefeuille,L126,"https://relay.mvtx.us/ticketing/dbz?code_theater=P3404&gid_entity=movie.movie._.327941&tags=Localization.Language.French,Format.Projection.Digital&perfd=20260923&perft=14:15&code=VF",toulouse
F0057,film,2026-09-23,Tournefeuille,Utopia Tournefeuille,L126,"https://relay.mvtx.us/ticketing/dbz?code_theater=P3404&gid_entity=movie.movie._.1000026039&tags=Localization.Language.French,Format.Projection.Digital&perfd=20260923&perft=14:20&code=VF",toulouse
F0048,film,2026-09-23,Tournefeuille,Utopia Tournefeuille,L126,"https://relay.mvtx.us/ticketing/dbz?code_theater=P3404&gid_entity=movie.movie._.317219&tags=Localization.Subtitle.French,Localization.Version.Original,Format.Projection.Digital&perfd=20260923&perft=15:00&code=VO",toulouse
F0168,film,2026-09-23,Tournefeuille,Utopia Tournefeuille,L126,https://toulouse.cinemas-utopia.org/film?id=12938,toulouse
F0055,film,2026-09-23,Tournefeuille,Utopia Tournefeuille,L126,"https://relay.mvtx.us/ticketing/dbz?code_theater=P3404&gid_entity=movie.movie._.1000023495&tags=Localization.Language.French,Format.Projection.Digital&perfd=20260923&perft=16:30&code=VF",toulouse
F0043,film,2026-09-23,Tournefeuille,Utopia Tournefeuille,L126,"https://relay.mvtx.us/ticketing/dbz?code_theater=P3404&gid_entity=movie.movie._.324014&tags=Localization.Language.French,Format.Projection.Digital&perfd=20260923&perft=16:40&code=VF",toulouse
F0045,film,2026-09-23,Tournefeuille,Utopia Tournefeuille,L126,"https://relay.mvtx.us/ticketing/dbz?code_theater=P3404&gid_entity=movie.movie._.1000043221&tags=Localization.Language.French,Format.Projection.Digital&perfd=20260923&perft=17:15&code=VF",toulouse
F0022,film,2026-09-23,Tournefeuille,Utopia Tournefeuille,L126,"https://relay.mvtx.us/ticketing/dbz?code_theater=P3404&gid_entity=movie.movie._.300784&tags=Localization.Language.French,Format.Projection.Digital&perfd=20260923&perft=17:30&code=VF",toulouse
F0036,film,2026-09-23,Tournefeuille,Utopia Tournefeuille,L126,"https://relay.mvtx.us/ticketing/dbz?code_theater=P3404&gid_entity=movie.movie._.318226&tags=Localization.Subtitle.French,Localization.Version.Original,Format.Projection.Digital&perfd=20260923&perft=18:20&code=VO",toulouse
F0059,film,2026-09-23,Tournefeuille,Utopia Tournefeuille,L126,https://toulouse.cinemas-utopia.org/film/?id=13931,toulouse
F0083,film,2026-09-23,Tournefeuille,Utopia Tournefeuille,L126,https://toulouse.cinemas-utopia.org/film?id=13931&src=evnmnt7801,toulouse
F0429,film,2026-09-23,Toulouse,Le Cratère,L128,https://www.cinemalecratere.fr/evenements/soiree-fin-dete,toulouse
F0143,film,2026-09-23,Toulouse,Le Cratère,L128,"https://relay.mvtx.us/ticketing/dbz?code_theater=P0056&gid_entity=movie.movie._.293636&tags=Localization.Version.Original,Format.Projection.Digital&perfd=20260923&perft=14:00&code=VO",toulouse
F0139,film,2026-09-23,Toulouse,Le Cratère,L128,"https://relay.mvtx.us/ticketing/dbz?code_theater=P0056&gid_entity=movie.movie._.1000035100&tags=Localization.Version.Original,Format.Projection.Digital&perfd=20260923&perft=15:40&code=VO",toulouse
F0012,film,2026-09-23,Toulouse,Le Cratère,L128,"https://relay.mvtx.us/ticketing/dbz?code_theater=P0056&gid_entity=movie.movie._.327993&tags=Localization.Version.Original,Format.Projection.Digital&perfd=20260923&perft=17:00&code=VO",toulouse
F0382,film,2026-09-23,Toulouse,Le Cratère,L128,"https://relay.mvtx.us/ticketing/dbz?code_theater=P0056&gid_entity=movie.movie._.257754&tags=Localization.Version.Original,Showtime.Event.OnlySession,Showtime.Event.Headline,Format.Projection.Digital&perfd=20260923&perft=19:30&code=VO; ONLY SESSION; HEADLINE",toulouse
F0243,film,2026-09-23,Toulouse,Le Cratère,L128,https://www.cinemalecratere.fr/films/licorice-pizza,toulouse
F0301,film,2026-09-23,Toulouse,Le Cratère,L128,"https://relay.mvtx.us/ticketing/dbz?code_theater=P0056&gid_entity=movie.movie._.289988&tags=Localization.Version.Original,Showtime.Event.OnlySession,Showtime.Event.Headline,Format.Projection.Digital&perfd=20260923&perft=22:15&code=VO; ONLY SESSION; HEADLINE",toulouse
F0362,film,2026-09-23,Toulouse,Cinémathèque de Toulouse,L131,https://www.lacinemathequedetoulouse.com/programmation/agenda,toulouse
F0363,film,2026-09-23,Toulouse,Cinémathèque de Toulouse,L131,"https://relay.mvtx.us/ticketing/dbz?code_theater=P0062&gid_entity=movie.movie._.295140&tags=Showtime.Accessibility.Subtitled,Localization.Version.Original,Format.Projection.Digital&perfd=20260923&perft=16:30&code=VO; SUBTITLE",toulouse
F0205,film,2026-09-23,Toulouse,Cinémathèque de Toulouse,L131,https://www.lacinemathequedetoulouse.com/programmation/agenda,toulouse
F0204,film,2026-09-23,Toulouse,Cinémathèque de Toulouse,L131,"https://relay.mvtx.us/ticketing/dbz?code_theater=P0062&gid_entity=movie.movie._.52143&tags=Showtime.Accessibility.Subtitled,Localization.Version.Original,Format.Projection.Digital&perfd=20260923&perft=19:00&code=VO; SUBTITLE",toulouse
F0207,film,2026-09-23,Toulouse,Cinémathèque de Toulouse,L131,https://www.lacinemathequedetoulouse.com/programmation/agenda,toulouse
F0208,film,2026-09-23,Toulouse,Cinémathèque de Toulouse,L131,https://www.lacinemathequedetoulouse.com/programmation/projections/37229,toulouse
F0060,film,2026-09-23,Toulouse,Pathé Toulouse Wilson,L137,,toulouse
F0060,film,2026-09-23,Labège,Pathé Toulouse Labège,L138,,toulouse
F0032,film,2026-09-23,Blagnac,CGR Blagnac,L139,"https://relay.mvtx.us/ticketing/dbz?code_theater=P0692&gid_entity=movie.movie._.1000051238&tags=Localization.Language.French,Showtime.Accessibility.Accessible,Auditorium.Experience.Ice,Format.Projection.3d&perfd=20260923&perft=10:30&code=3D; Accès PMR; ICE; VF;",toulouse
F0060,film,2026-09-23,Fenouillet,Kinepolis Fenouillet,L140,"https://relay.mvtx.us/ticketing/dbz?code_theater=W3115&gid_entity=movie.movie._.232669&tags=Auditorium.Experience.ScreenX,Format.Projection.Digital&perfd=20260923&perft=19:40&code=Version Francaise; Screen X 2D",toulouse
F0032,film,2026-09-23,Fenouillet,Kinepolis Fenouillet,L140,"https://relay.mvtx.us/ticketing/dbz?code_theater=W3115&gid_entity=movie.movie._.1000051238&tags=Auditorium.Experience.ScreenX,Format.Projection.Digital&perfd=20260923&perft=19:40&code=Version Francaise; Screen X 2D",toulouse
F0060,film,2026-09-23,Toulouse,UGC Montaudran,L142,"https://relay.mvtx.us/ticketing/dbz?code_theater=W3140&gid_entity=movie.movie._.232669&tags=Auditorium.Experience.InfinityVision,Showtime.Accessibility.Accessible,Localization.Version.French,Format.Projection.Digital&perfd=20260923&perft=16:00&code=AUDIO; SME; PMR; 2D; Infinity Vision; VF; ",toulouse
F0032,film,2026-09-23,Toulouse,UGC Montaudran,L142,"https://relay.mvtx.us/ticketing/dbz?code_theater=W3140&gid_entity=movie.movie._.1000051238&tags=Auditorium.Experience.InfinityVision,Showtime.Accessibility.Accessible,Localization.Version.French,Format.Projection.Digital&perfd=20260923&perft=16:00&code=AUDIO; SME; PMR; 2D; Infinity Vision; VF; ",toulouse
F0005,film,2026-09-23,Ramonville-Saint-Agne,L'Autan,L143,"https://relay.mvtx.us/ticketing/dbz?code_theater=P0881&gid_entity=movie.movie._.188280&tags=Showtime.Accessibility.Subtitled,Localization.Version.Original,Showtime.Accessibility.Accessible,Format.Projection.Digital&perfd=20260923&perft=18:00&code=VO; SUBTITLE; DISABLED ACCESS",toulouse
A0288,live,2026-09-24,Toulouse,Théâtre Les 3 T,L047,https://new.3tcafetheatre.com/spectacle/vacances-de-reve/,toulouse
A0304,live,2026-09-24,Toulouse,Théâtre Les 3 T,L047,https://new.3tcafetheatre.com/spectacle/le-grand-hotel/,toulouse
A0160,live,2026-09-24,Toulouse,Le Taquin,L075,https://www.le-taquin.fr/concerts-a-venir/,toulouse
A0436,live,2026-09-24,Toulouse,Le Bijou,L078,https://www.le-bijou.net/event-details/san-nom-1,toulouse
A0161,live,2026-09-24,Toulouse,Le Metronum,L082,https://lemetronum.fr/,toulouse
A0162,live,2026-09-24,Toulouse,Le Metronum,L082,https://lemetronum.fr/,toulouse
A0437,live,2026-09-24,Toulouse,Le Metronum,L082,https://lemetronum.fr/evenement/labess-tiwiza/,toulouse
A0377,live,2026-09-24,Blagnac,Guinguette d’Odyssud,L094,,toulouse
F0005,film,2026-09-24,Toulouse,Utopia Borderouge,L125,https://toulouse.cinemas-utopia.org/film?id=188280,toulouse
F0002,film,2026-09-24,Toulouse,Utopia Borderouge,L125,https://toulouse.cinemas-utopia.org/film?id=1000013045,toulouse
F0044,film,2026-09-24,Toulouse,Utopia Borderouge,L125,https://toulouse.cinemas-utopia.org/film?id=13462,toulouse
F0034,film,2026-09-24,Toulouse,Utopia Borderouge,L125,https://toulouse.cinemas-utopia.org/film?id=294281,toulouse
F0059,film,2026-09-24,Toulouse,Utopia Borderouge,L125,https://toulouse.cinemas-utopia.org/film?id=1000048319,toulouse
F0083,film,2026-09-24,Toulouse,Utopia Borderouge,L125,https://toulouse.cinemas-utopia.org/film?id=13931,toulouse
F0018,film,2026-09-24,Toulouse,Utopia Borderouge,L125,https://toulouse.cinemas-utopia.org/film?id=327941,toulouse
F0047,film,2026-09-24,Toulouse,Utopia Borderouge,L125,https://toulouse.cinemas-utopia.org/film?id=319893,toulouse
F0012,film,2026-09-24,Toulouse,Utopia Borderouge,L125,https://toulouse.cinemas-utopia.org/film?id=327993,toulouse
F0027,film,2026-09-24,Toulouse,Utopia Borderouge,L125,https://toulouse.cinemas-utopia.org/film?id=318365,toulouse
F0036,film,2026-09-24,Toulouse,Utopia Borderouge,L125,https://toulouse.cinemas-utopia.org/film?id=318226,toulouse
F0013,film,2026-09-24,Toulouse,Utopia Borderouge,L125,https://toulouse.cinemas-utopia.org/film?id=1000024105,toulouse
F0332,film,2026-09-24,Toulouse,Utopia Borderouge,L125,https://toulouse.cinemas-utopia.org/film?id=1000048944,toulouse
F0025,film,2026-09-24,Toulouse,Utopia Borderouge,L125,https://toulouse.cinemas-utopia.org/film?id=1000022260,toulouse
F0059,film,2026-09-24,Tournefeuille,Utopia Tournefeuille,L126,"https://relay.mvtx.us/ticketing/dbz?code_theater=P3404&gid_entity=movie.movie._.1000048319&tags=Localization.Language.French,Format.Projection.Digital&perfd=20260924&perft=13:30&code=VF",toulouse
F0018,film,2026-09-24,Tournefeuille,Utopia Tournefeuille,L126,"https://relay.mvtx.us/ticketing/dbz?code_theater=P3404&gid_entity=movie.movie._.327941&tags=Localization.Language.French,Format.Projection.Digital&perfd=20260924&perft=13:40&code=VF",toulouse
F0043,film,2026-09-24,Tournefeuille,Utopia Tournefeuille,L126,"https://relay.mvtx.us/ticketing/dbz?code_theater=P3404&gid_entity=movie.movie._.324014&tags=Localization.Language.French,Format.Projection.Digital&perfd=20260924&perft=13:50&code=VF",toulouse
F0036,film,2026-09-24,Tournefeuille,Utopia Tournefeuille,L126,https://relay.mvtx.us/ticketing/dbz?code_theater=P3404&gid_entity=movie.movie._.318226&tags=Format.Projection.Digital&perfd=20260924&perft=14:00,toulouse
F0057,film,2026-09-24,Tournefeuille,Utopia Tournefeuille,L126,"https://relay.mvtx.us/ticketing/dbz?code_theater=P3404&gid_entity=movie.movie._.1000026039&tags=Localization.Language.French,Format.Projection.Digital&perfd=20260924&perft=15:30&code=VF",toulouse
F0005,film,2026-09-24,Tournefeuille,Utopia Tournefeuille,L126,"https://relay.mvtx.us/ticketing/dbz?code_theater=P3404&gid_entity=movie.movie._.188280&tags=Localization.Subtitle.French,Localization.Version.Original,Format.Projection.Digital&perfd=20260924&perft=15:40&code=VO",toulouse
F0066,film,2026-09-24,Tournefeuille,Utopia Tournefeuille,L126,"https://relay.mvtx.us/ticketing/dbz?code_theater=P3404&gid_entity=movie.movie._.1000026622&tags=Localization.Subtitle.French,Localization.Version.Original,Format.Projection.Digital&perfd=20260924&perft=16:00&code=VO",toulouse
F0012,film,2026-09-24,Tournefeuille,Utopia Tournefeuille,L126,"https://relay.mvtx.us/ticketing/dbz?code_theater=P3404&gid_entity=movie.movie._.327993&tags=Localization.Language.French,Format.Projection.Digital&perfd=20260924&perft=16:10&code=VF",toulouse
F0045,film,2026-09-24,Tournefeuille,Utopia Tournefeuille,L126,"https://relay.mvtx.us/ticketing/dbz?code_theater=P3404&gid_entity=movie.movie._.1000043221&tags=Localization.Language.French,Format.Projection.Digital&perfd=20260924&perft=17:35&code=VF",toulouse
F0047,film,2026-09-24,Tournefeuille,Utopia Tournefeuille,L126,"https://relay.mvtx.us/ticketing/dbz?code_theater=P3404&gid_entity=movie.movie._.319893&tags=Localization.Subtitle.French,Localization.Version.Original,Format.Projection.Digital&perfd=20260924&perft=18:30&code=VO",toulouse
F0048,film,2026-09-24,Tournefeuille,Utopia Tournefeuille,L126,"https://relay.mvtx.us/ticketing/dbz?code_theater=P3404&gid_entity=movie.movie._.317219&tags=Localization.Subtitle.French,Localization.Version.Original,Format.Projection.Digital&perfd=20260924&perft=18:40&code=VO",toulouse
F0022,film,2026-09-24,Tournefeuille,Utopia Tournefeuille,L126,"https://relay.mvtx.us/ticketing/dbz?code_theater=P3404&gid_entity=movie.movie._.300784&tags=Localization.Language.French,Format.Projection.Digital&perfd=20260924&perft=19:30&code=VF",toulouse
F0279,film,2026-09-24,Tournefeuille,Utopia Tournefeuille,L126,https://toulouse.cinemas-utopia.org/film?id=,toulouse
F0026,film,2026-09-24,Toulouse,Le Cratère,L128,"https://relay.mvtx.us/ticketing/dbz?code_theater=P0056&gid_entity=movie.movie._.1000041528&tags=Localization.Version.Original,Format.Projection.Digital&perfd=20260924&perft=16:00&code=VO",toulouse
F0035,film,2026-09-24,Toulouse,Le Cratère,L128,"https://relay.mvtx.us/ticketing/dbz?code_theater=P0056&gid_entity=movie.movie._.1000019327&tags=Localization.Version.Original,Format.Projection.Digital&perfd=20260924&perft=17:30&code=VO",toulouse
F0155,film,2026-09-24,Toulouse,Le Cratère,L128,"https://relay.mvtx.us/ticketing/dbz?code_theater=P0056&gid_entity=movie.movie._.1000028076&tags=Localization.Version.Original,Format.Projection.Digital&perfd=20260924&perft=19:05&code=VO",toulouse
F0028,film,2026-09-24,Toulouse,Le Cratère,L128,"https://relay.mvtx.us/ticketing/dbz?code_theater=P0056&gid_entity=movie.movie._.1000039625&tags=Localization.Version.Original,Format.Projection.Digital&perfd=20260924&perft=20:30&code=VO",toulouse
F0352,film,2026-09-24,Toulouse,Cinémathèque de Toulouse,L131,"https://relay.mvtx.us/ticketing/dbz?code_theater=P0062&gid_entity=movie.movie._.2541&tags=Showtime.Accessibility.Subtitled,Localization.Version.Original,Format.Projection.Digital&perfd=20260924&perft=19:00&code=VO; SUBTITLE",toulouse
F0353,film,2026-09-24,Toulouse,Cinémathèque de Toulouse,L131,https://www.lacinemathequedetoulouse.com/programmation/projections/37238,toulouse
F0211,film,2026-09-24,Toulouse,Cinémathèque de Toulouse,L131,"https://relay.mvtx.us/ticketing/dbz?code_theater=P0062&gid_entity=movie.movie._.109502&tags=Showtime.Accessibility.Subtitled,Localization.Version.Original,Format.Projection.Digital&perfd=20260924&perft=20:00&code=VO; SUBTITLE",toulouse
F0212,film,2026-09-24,Toulouse,Cinémathèque de Toulouse,L131,https://www.lacinemathequedetoulouse.com/programmation/projections/37270,toulouse
F0346,film,2026-09-24,Toulouse,Cinémathèque de Toulouse,L131,"https://relay.mvtx.us/ticketing/dbz?code_theater=P0062&gid_entity=movie.movie._.1030&tags=Showtime.Accessibility.Subtitled,Localization.Version.Original,Format.Projection.Digital&perfd=20260924&perft=21:00&code=VO; SUBTITLE",toulouse
F0348,film,2026-09-24,Toulouse,Cinémathèque de Toulouse,L131,https://www.lacinemathequedetoulouse.com/programmation/projections/37246,toulouse
F0079,film,2026-09-24,Toulouse,Pathé Toulouse Wilson,L137,,toulouse
F0079,film,2026-09-24,Labège,Pathé Toulouse Labège,L138,,toulouse
F0032,film,2026-09-24,Blagnac,CGR Blagnac,L139,"https://relay.mvtx.us/ticketing/dbz?code_theater=P0692&gid_entity=movie.movie._.1000051238&tags=Localization.Language.French,Showtime.Accessibility.Accessible,Auditorium.Experience.Ice,Format.Projection.3d&perfd=20260924&perft=10:30&code=3D; Accès PMR; ICE; VF;",toulouse
F0079,film,2026-09-24,Blagnac,CGR Blagnac,L139,"https://relay.mvtx.us/ticketing/dbz?code_theater=P0692&gid_entity=movie.movie._.1000042175&tags=Localization.Language.French,Showtime.Accessibility.Accessible,Auditorium.Experience.DolbyAtmos&perfd=20260924&perft=20:00&code=Accès PMR; Dolby Atmos; VF;",toulouse
F0079,film,2026-09-24,Fenouillet,Kinepolis Fenouillet,L140,https://relay.mvtx.us/ticketing/dbz?code_theater=W3115&gid_entity=movie.movie._.1000042175&tags=Format.Projection.Digital&perfd=20260924&perft=20:00&code=Version Francaise; 2D,toulouse
F0057,film,2026-09-24,Toulouse,American Cosmograph,L141,https://american-cosmograph.fr/,toulouse
F0079,film,2026-09-24,Toulouse,UGC Montaudran,L142,"https://relay.mvtx.us/ticketing/dbz?code_theater=W3140&gid_entity=movie.movie._.1000042175&tags=Showtime.Accessibility.Accessible,Localization.Version.French,Format.Projection.Digital&perfd=20260924&perft=19:30&code=PMR; 2D; Seance speciale; VF; ",toulouse
F0060,film,2026-09-24,Toulouse,UGC Montaudran,L142,"https://relay.mvtx.us/ticketing/dbz?code_theater=W3140&gid_entity=movie.movie._.232669&tags=Auditorium.Experience.InfinityVision,Showtime.Accessibility.Accessible,Localization.Version.French,Format.Projection.Digital&perfd=20260924&perft=19:45&code=AUDIO; SME; PMR; 2D; Infinity Vision; VF; ",toulouse
F0032,film,2026-09-24,Toulouse,UGC Montaudran,L142,"https://relay.mvtx.us/ticketing/dbz?code_theater=W3140&gid_entity=movie.movie._.1000051238&tags=Auditorium.Experience.InfinityVision,Showtime.Accessibility.Accessible,Localization.Version.French,Format.Projection.Digital&perfd=20260924&perft=19:45&code=AUDIO; SME; PMR; 2D; Infinity Vision; VF; ",toulouse
F0440,film,2026-09-24,Toulouse,UGC Montaudran,L142,"https://relay.mvtx.us/ticketing/dbz?code_theater=W3140&gid_entity=movie.movie._.224882&tags=Showtime.Accessibility.Accessible,Localization.Subtitle.French,Localization.Version.Original,Format.Projection.Digital&perfd=20260924&perft=20:30&code=PMR; 2D; VO; ",toulouse
F0012,film,2026-09-24,Ramonville-Saint-Agne,L'Autan,L143,https://cine-autan-ramonville.fr/movie/1480,toulouse
F0080,film,2026-09-24,Ramonville-Saint-Agne,L'Autan,L143,https://cine-autan-ramonville.fr/movie/1481,toulouse
F0079,film,2026-09-24,Colomiers,Véo Grand Central Colomiers,L144,"https://relay.mvtx.us/ticketing/dbz?code_theater=P6864&gid_entity=movie.movie._.1000042175&tags=Localization.Language.French,Format.Projection.Digital,Format.Sound.71&perfd=20260924&perft=21:00",toulouse
F0079,film,2026-09-24,Muret,Véo Muret,L147,"https://relay.mvtx.us/ticketing/dbz?code_theater=W3161&gid_entity=movie.movie._.1000042175&tags=Localization.Language.French,Format.Projection.Digital&perfd=20260924&perft=20:40",toulouse
A0275,live,2026-09-25,Toulouse,Théâtre Les 3 T,L047,https://new.3tcafetheatre.com/spectacle/a-vies-contraires/,toulouse
A0285,live,2026-09-25,Toulouse,Théâtre Les 3 T,L047,https://new.3tcafetheatre.com/spectacle/psy-sex-and-fun/,toulouse
A0163,live,2026-09-25,Toulouse,Théâtre Les 3 T,L047,https://new.3tcafetheatre.com/spectacle/gabrielle-giraud-au-naturel/,toulouse
A0164,live,2026-09-25,Toulouse,Théâtre Les 3 T,L047,https://new.3tcafetheatre.com/spectacle/lisa-perrio-cest-complique-je-texpliquerai/,toulouse
A0378,live,2026-09-25,Toulouse,Auditorium Saint-Pierre des Cuisines,L072,http://conservatoire.toulouse.fr/presentation-de-saison-suivie-du-conte-dhiver-de-w-shakespeare/,toulouse
A0165,live,2026-09-25,Toulouse,Le Taquin,L075,https://www.le-taquin.fr/concerts-a-venir/,toulouse
A0166,live,2026-09-25,Toulouse,Le Rex,L076,https://www.lerextoulouse.com/fr/programmation/,toulouse
A0167,live,2026-09-25,Toulouse,Le Rex,L076,https://www.lerextoulouse.com/fr/programmation/,toulouse
A0379,live,2026-09-25,Toulouse,Le Rex,L076,https://www.lerextoulouse.com/fr/programmation/light-asylum-potochkine/,toulouse
A0380,live,2026-09-25,Toulouse,Le Rex,L076,https://www.lerextoulouse.com/fr/programmation/belfield-x-plein-phare-inv-kirk/,toulouse
A0059,live,2026-09-25,Toulouse,Le Bijou,L078,https://www.le-bijou.net/event-details/mel-2,toulouse
A0168,live,2026-09-25,Toulouse,Salle Nougaro,L081,https://www.sallenougaro.com/programmation/,toulouse
A0169,live,2026-09-25,Toulouse,Le Metronum,L082,https://lemetronum.fr/,toulouse
A0170,live,2026-09-25,Toulouse,Le Metronum,L082,https://lemetronum.fr/,toulouse
A0438,live,2026-09-25,Toulouse,Le Metronum,L082,https://lemetronum.fr/evenement/zinee/,toulouse
A0381,live,2026-09-25,Ramonville-Saint-Agne,Le Bikini,L083,https://lebikini.com/2026/09/25/2much-kander-linds-lobsta-b-riana-holley-zelva,toulouse
A0381,live,2026-09-25,Ramonville-Saint-Agne,Le Petit Bikini,L093,https://lebikini.com/2026/09/25/2much-kander-linds-lobsta-b-riana-holley-zelva,toulouse
A0378,live,2026-09-25,Toulouse,CRR – Espace Varèse,L122,http://conservatoire.toulouse.fr/presentation-de-saison-suivie-du-conte-dhiver-de-w-shakespeare/,toulouse
F0083,film,2026-09-25,Toulouse,Utopia Borderouge,L125,https://toulouse.cinemas-utopia.org/film?id=13931,toulouse
F0010,film,2026-09-25,Toulouse,Utopia Borderouge,L125,https://toulouse.cinemas-utopia.org/film?id=1000037046,toulouse
F0059,film,2026-09-25,Toulouse,Utopia Borderouge,L125,https://toulouse.cinemas-utopia.org/film?id=1000048319,toulouse
F0040,film,2026-09-25,Toulouse,Utopia Borderouge,L125,https://toulouse.cinemas-utopia.org/film?id=310112,toulouse
F0012,film,2026-09-25,Toulouse,Utopia Borderouge,L125,https://toulouse.cinemas-utopia.org/film?id=327993,toulouse
F0018,film,2026-09-25,Toulouse,Utopia Borderouge,L125,https://toulouse.cinemas-utopia.org/film?id=327941,toulouse
F0046,film,2026-09-25,Toulouse,Utopia Borderouge,L125,https://toulouse.cinemas-utopia.org/film?id=13251,toulouse
F0037,film,2026-09-25,Toulouse,Utopia Borderouge,L125,https://toulouse.cinemas-utopia.org/film?id=294280,toulouse
F0027,film,2026-09-25,Toulouse,Utopia Borderouge,L125,https://toulouse.cinemas-utopia.org/film?id=318365,toulouse
F0068,film,2026-09-25,Toulouse,Utopia Borderouge,L125,https://toulouse.cinemas-utopia.org/film?id=3690,toulouse
F0025,film,2026-09-25,Toulouse,Utopia Borderouge,L125,https://toulouse.cinemas-utopia.org/film?id=1000022260,toulouse
F0047,film,2026-09-25,Toulouse,Utopia Borderouge,L125,https://toulouse.cinemas-utopia.org/film?id=319893,toulouse
F0036,film,2026-09-25,Toulouse,Utopia Borderouge,L125,https://toulouse.cinemas-utopia.org/film?id=318226,toulouse
F0002,film,2026-09-25,Toulouse,Utopia Borderouge,L125,https://toulouse.cinemas-utopia.org/film?id=1000013045,toulouse
F0006,film,2026-09-25,Toulouse,Utopia Borderouge,L125,https://toulouse.cinemas-utopia.org/film?id=314503,toulouse
F0018,film,2026-09-25,Tournefeuille,Utopia Tournefeuille,L126,"https://relay.mvtx.us/ticketing/dbz?code_theater=P3404&gid_entity=movie.movie._.327941&tags=Localization.Language.French,Format.Projection.Digital&perfd=20260925&perft=13:30&code=VF",toulouse
F0005,film,2026-09-25,Tournefeuille,Utopia Tournefeuille,L126,"https://relay.mvtx.us/ticketing/dbz?code_theater=P3404&gid_entity=movie.movie._.188280&tags=Localization.Subtitle.French,Localization.Version.Original,Format.Projection.Digital&perfd=20260925&perft=13:40&code=VO",toulouse
F0057,film,2026-09-25,Tournefeuille,Utopia Tournefeuille,L126,"https://relay.mvtx.us/ticketing/dbz?code_theater=P3404&gid_entity=movie.movie._.1000026039&tags=Localization.Language.French,Format.Projection.Digital&perfd=20260925&perft=13:45&code=VF",toulouse
F0043,film,2026-09-25,Tournefeuille,Utopia Tournefeuille,L126,"https://relay.mvtx.us/ticketing/dbz?code_theater=P3404&gid_entity=movie.movie._.324014&tags=Localization.Language.French,Format.Projection.Digital&perfd=20260925&perft=14:00&code=VF",toulouse
F0045,film,2026-09-25,Tournefeuille,Utopia Tournefeuille,L126,"https://relay.mvtx.us/ticketing/dbz?code_theater=P3404&gid_entity=movie.movie._.1000043221&tags=Localization.Language.French,Format.Projection.Digital&perfd=20260925&perft=15:30&code=VF",toulouse
F0048,film,2026-09-25,Tournefeuille,Utopia Tournefeuille,L126,"https://relay.mvtx.us/ticketing/dbz?code_theater=P3404&gid_entity=movie.movie._.317219&tags=Localization.Subtitle.French,Localization.Version.Original,Format.Projection.Digital&perfd=20260925&perft=15:50&code=VO",toulouse
F0023,film,2026-09-25,Tournefeuille,Utopia Tournefeuille,L126,"https://relay.mvtx.us/ticketing/dbz?code_theater=P3404&gid_entity=movie.movie._.1000019852&tags=Localization.Subtitle.French,Localization.Version.Original,Format.Projection.Digital&perfd=20260925&perft=16:15&code=VO",toulouse
F0066,film,2026-09-25,Tournefeuille,Utopia Tournefeuille,L126,"https://relay.mvtx.us/ticketing/dbz?code_theater=P3404&gid_entity=movie.movie._.1000026622&tags=Localization.Subtitle.French,Localization.Version.Original,Format.Projection.Digital&perfd=20260925&perft=16:30&code=VO",toulouse
F0025,film,2026-09-25,Tournefeuille,Utopia Tournefeuille,L126,"https://relay.mvtx.us/ticketing/dbz?code_theater=P3404&gid_entity=movie.movie._.1000022260&tags=Localization.Subtitle.French,Localization.Version.Original,Format.Projection.Digital&perfd=20260925&perft=18:00&code=VO",toulouse
F0059,film,2026-09-25,Tournefeuille,Utopia Tournefeuille,L126,"https://relay.mvtx.us/ticketing/dbz?code_theater=P3404&gid_entity=movie.movie._.1000048319&tags=Localization.Language.French,Format.Projection.Digital&perfd=20260925&perft=19:00&code=VF",toulouse
F0396,film,2026-09-25,Tournefeuille,Utopia Tournefeuille,L126,https://toulouse.cinemas-utopia.org/film?id=local_7807&src=evnmnt7806,toulouse
F0397,film,2026-09-25,Tournefeuille,Utopia Tournefeuille,L126,https://toulouse.cinemas-utopia.org/film?id=,toulouse
F0012,film,2026-09-25,Tournefeuille,Utopia Tournefeuille,L126,"https://relay.mvtx.us/ticketing/dbz?code_theater=P3404&gid_entity=movie.movie._.327993&tags=Localization.Language.French,Format.Projection.Digital&perfd=20260925&perft=20:40&code=VF",toulouse
F0028,film,2026-09-25,Toulouse,Le Cratère,L128,"https://relay.mvtx.us/ticketing/dbz?code_theater=P0056&gid_entity=movie.movie._.1000039625&tags=Localization.Version.Original,Format.Projection.Digital&perfd=20260925&perft=16:30&code=VO",toulouse
F0042,film,2026-09-25,Toulouse,Le Cratère,L128,"https://relay.mvtx.us/ticketing/dbz?code_theater=P0056&gid_entity=movie.movie._.308394&tags=Localization.Version.Original,Format.Projection.Digital&perfd=20260925&perft=18:20&code=VO",toulouse
F0452,film,2026-09-25,Toulouse,Le Cratère,L128,"https://relay.mvtx.us/ticketing/dbz?code_theater=P0056&gid_entity=movie.movie._.323031&tags=Localization.Version.Original,Showtime.Event.OnlySession,Showtime.Event.Headline,Format.Projection.Digital&perfd=20260925&perft=20:00&code=VO; ONLY SESSION; HEADLINE",toulouse
F0297,film,2026-09-25,Toulouse,Le Cratère,L128,https://www.cinemalecratere.fr/films/a-bicyclette,toulouse
F0228,film,2026-09-25,Toulouse,Cinémathèque de Toulouse,L131,"https://relay.mvtx.us/ticketing/dbz?code_theater=P0062&gid_entity=movie.movie._.29958&tags=Showtime.Accessibility.Subtitled,Localization.Version.Original,Format.Projection.Digital&perfd=20260925&perft=19:00&code=VO; SUBTITLE",toulouse
F0229,film,2026-09-25,Toulouse,Cinémathèque de Toulouse,L131,https://www.lacinemathequedetoulouse.com/programmation/projections/37258,toulouse
F0273,film,2026-09-25,Toulouse,Cinémathèque de Toulouse,L131,"https://relay.mvtx.us/ticketing/dbz?code_theater=P0062&gid_entity=movie.movie._.586&tags=Showtime.Accessibility.Subtitled,Localization.Version.Original,Format.Projection.Digital&perfd=20260925&perft=20:00&code=VO; SUBTITLE",toulouse
F0274,film,2026-09-25,Toulouse,Cinémathèque de Toulouse,L131,https://www.lacinemathequedetoulouse.com/programmation/projections/37234,toulouse
F0230,film,2026-09-25,Toulouse,Cinémathèque de Toulouse,L131,"https://relay.mvtx.us/ticketing/dbz?code_theater=P0062&gid_entity=movie.movie._.41046&tags=Showtime.Accessibility.Subtitled,Localization.Version.Original,Format.Projection.Digital&perfd=20260925&perft=21:00&code=VO; SUBTITLE",toulouse
F0231,film,2026-09-25,Toulouse,Cinémathèque de Toulouse,L131,https://www.lacinemathequedetoulouse.com/programmation/projections/37261,toulouse
A0381,live,2026-09-25,Blagnac,Poney Club,L132,https://lebikini.com/2026/09/25/2much-kander-linds-lobsta-b-riana-holley-zelva,toulouse
F0060,film,2026-09-25,Labège,Pathé Toulouse Labège,L138,https://s.pathe.fr/en/V3364S188824/booking,toulouse
F0196,film,2026-09-25,Labège,Pathé Toulouse Labège,L138,https://s.pathe.fr/en/V3364S188825/booking,toulouse
F0032,film,2026-09-25,Blagnac,CGR Blagnac,L139,"https://relay.mvtx.us/ticketing/dbz?code_theater=P0692&gid_entity=movie.movie._.1000051238&tags=Localization.Language.French,Showtime.Accessibility.Accessible,Auditorium.Experience.Ice&perfd=20260925&perft=10:30&code=Accès PMR; ICE; VF;",toulouse
F0196,film,2026-09-25,Blagnac,CGR Blagnac,L139,"https://relay.mvtx.us/ticketing/dbz?code_theater=P0692&gid_entity=movie.movie._.1000032855&tags=Localization.Language.French,Showtime.Accessibility.Accessible&perfd=20260925&perft=20:00&code=Accès PMR; VF;",toulouse
F0060,film,2026-09-25,Fenouillet,Kinepolis Fenouillet,L140,"https://relay.mvtx.us/ticketing/dbz?code_theater=W3115&gid_entity=movie.movie._.232669&tags=Auditorium.Experience.ScreenX,Format.Projection.Digital&perfd=20260925&perft=19:35&code=Version Francaise; Screen X 2D",toulouse
F0032,film,2026-09-25,Fenouillet,Kinepolis Fenouillet,L140,"https://relay.mvtx.us/ticketing/dbz?code_theater=W3115&gid_entity=movie.movie._.1000051238&tags=Auditorium.Experience.ScreenX,Format.Projection.Digital&perfd=20260925&perft=19:35&code=Version Francaise; Screen X 2D",toulouse
F0060,film,2026-09-25,Toulouse,UGC Montaudran,L142,"https://relay.mvtx.us/ticketing/dbz?code_theater=W3140&gid_entity=movie.movie._.232669&tags=Auditorium.Experience.InfinityVision,Showtime.Accessibility.Accessible,Localization.Version.French,Format.Projection.Digital&perfd=20260925&perft=16:30&code=AUDIO; SME; PMR; 2D; Infinity Vision; VF; ",toulouse
F0032,film,2026-09-25,Toulouse,UGC Montaudran,L142,"https://relay.mvtx.us/ticketing/dbz?code_theater=W3140&gid_entity=movie.movie._.1000051238&tags=Auditorium.Experience.InfinityVision,Showtime.Accessibility.Accessible,Localization.Version.French,Format.Projection.Digital&perfd=20260925&perft=16:30&code=AUDIO; SME; PMR; 2D; Infinity Vision; VF; ",toulouse
F0071,film,2026-09-25,Ramonville-Saint-Agne,L'Autan,L143,https://cine-autan-ramonville.fr/movie/1461,toulouse
F0005,film,2026-09-25,Ramonville-Saint-Agne,L'Autan,L143,https://cine-autan-ramonville.fr/movie/1478,toulouse
F0028,film,2026-09-25,Ramonville-Saint-Agne,L'Autan,L143,https://cine-autan-ramonville.fr/movie/1482,toulouse
F0177,film,2026-09-25,Muret,Véo Muret,L147,"https://relay.mvtx.us/ticketing/dbz?code_theater=W3161&gid_entity=movie.movie._.8270&tags=Localization.Version.Original,Format.Projection.Digital&perfd=20260925&perft=20:40",toulouse
A0439,live,2026-09-25,Lasserre-Pradère,Café associatif Le Buv'Art,L153,https://foyerrurallasserrepradere.fr/agenda/agenda-culturel-le-buvart/vernissage-exposition-larche-des-bambins,toulouse
A0016,live,2026-09-26,Toulouse,Théâtre Les 3 T,L047,https://new.3tcafetheatre.com/spectacle/les-femmes-ont-toujours-raison-les-hommes-nont-jamais-tort/,toulouse
A0306,live,2026-09-26,Toulouse,Théâtre Les 3 T,L047,https://new.3tcafetheatre.com/spectacle/les-monologues-du-vagin/,toulouse
A0307,live,2026-09-26,Toulouse,Théâtre Les 3 T,L047,https://new.3tcafetheatre.com/spectacle/le-prenom/,toulouse
A0308,live,2026-09-26,Toulouse,Théâtre Les 3 T,L047,https://new.3tcafetheatre.com/spectacle/trop-parfaite/,toulouse
A0174,live,2026-09-26,Toulouse,Le Taquin,L075,https://billetterie.festik.net/le-taquin/product/mowgli--et--naamloze,toulouse
A0440,live,2026-09-26,Toulouse,Le Rex,L076,https://www.lerextoulouse.com/fr/programmation/banger-1/,toulouse
A0441,live,2026-09-26,Toulouse,Le Bijou,L078,https://www.le-bijou.net/event-details/la-scene-ouverte-du-bijou-15,toulouse
A0175,live,2026-09-26,Toulouse,La Cabane (Cartoucherie),L080,https://halles-cartoucherie.fr/la-cabane/,toulouse
A0176,live,2026-09-26,Toulouse,Le Metronum,L082,https://lemetronum.fr/,toulouse
A0177,live,2026-09-26,Toulouse,Le Metronum,L082,https://lemetronum.fr/,toulouse
A0178,live,2026-09-26,Toulouse,Le Metronum,L082,https://lemetronum.fr/,toulouse
A0442,live,2026-09-26,Toulouse,Le Metronum,L082,https://lemetronum.fr/evenement/paloma-colombe-la-louuve-shahzenxxx/,toulouse
F0025,film,2026-09-26,Toulouse,Utopia Borderouge,L125,https://toulouse.cinemas-utopia.org/film?id=1000022260,toulouse
F0018,film,2026-09-26,Toulouse,Utopia Borderouge,L125,https://toulouse.cinemas-utopia.org/film?id=327941,toulouse
F0036,film,2026-09-26,Toulouse,Utopia Borderouge,L125,https://toulouse.cinemas-utopia.org/film?id=318226,toulouse
F0002,film,2026-09-26,Toulouse,Utopia Borderouge,L125,https://toulouse.cinemas-utopia.org/film?id=1000013045,toulouse
F0013,film,2026-09-26,Toulouse,Utopia Borderouge,L125,https://toulouse.cinemas-utopia.org/film?id=1000024105,toulouse
F0046,film,2026-09-26,Toulouse,Utopia Borderouge,L125,https://toulouse.cinemas-utopia.org/film?id=13251,toulouse
F0037,film,2026-09-26,Toulouse,Utopia Borderouge,L125,https://toulouse.cinemas-utopia.org/film?id=13251,toulouse
F0005,film,2026-09-26,Toulouse,Utopia Borderouge,L125,https://toulouse.cinemas-utopia.org/film?id=13457,toulouse
F0055,film,2026-09-26,Toulouse,Utopia Borderouge,L125,https://toulouse.cinemas-utopia.org/film?id=13957,toulouse
F0047,film,2026-09-26,Toulouse,Utopia Borderouge,L125,https://toulouse.cinemas-utopia.org/film?id=13952,toulouse
F0083,film,2026-09-26,Toulouse,Utopia Borderouge,L125,https://toulouse.cinemas-utopia.org/film?id=13931,toulouse
F0059,film,2026-09-26,Toulouse,Utopia Borderouge,L125,https://toulouse.cinemas-utopia.org/film?id=13931,toulouse
F0010,film,2026-09-26,Toulouse,Utopia Borderouge,L125,https://toulouse.cinemas-utopia.org/film?id=13449,toulouse
F0068,film,2026-09-26,Toulouse,Utopia Borderouge,L125,https://toulouse.cinemas-utopia.org/film?id=14060,toulouse
F0006,film,2026-09-26,Toulouse,Utopia Borderouge,L125,https://toulouse.cinemas-utopia.org/film?id=14045,toulouse
F0027,film,2026-09-26,Toulouse,Utopia Borderouge,L125,https://toulouse.cinemas-utopia.org/film?id=13806,toulouse
F0036,film,2026-09-26,Tournefeuille,Utopia Tournefeuille,L126,"https://relay.mvtx.us/ticketing/dbz?code_theater=P3404&gid_entity=movie.movie._.318226&tags=Localization.Subtitle.French,Localization.Version.Original,Format.Projection.Digital&perfd=20260926&perft=13:30&code=VO",toulouse
F0043,film,2026-09-26,Tournefeuille,Utopia Tournefeuille,L126,"https://relay.mvtx.us/ticketing/dbz?code_theater=P3404&gid_entity=movie.movie._.324014&tags=Localization.Language.French,Format.Projection.Digital&perfd=20260926&perft=13:40&code=VF",toulouse
F0018,film,2026-09-26,Tournefeuille,Utopia Tournefeuille,L126,"https://relay.mvtx.us/ticketing/dbz?code_theater=P3404&gid_entity=movie.movie._.327941&tags=Localization.Language.French,Format.Projection.Digital&perfd=20260926&perft=13:45&code=VF",toulouse
F0066,film,2026-09-26,Tournefeuille,Utopia Tournefeuille,L126,https://toulouse.cinemas-utopia.org/film?id=13961&src=evnmnt7795,toulouse
F0168,film,2026-09-26,Tournefeuille,Utopia Tournefeuille,L126,https://toulouse.cinemas-utopia.org/film?id=12938,toulouse
F0020,film,2026-09-26,Tournefeuille,Utopia Tournefeuille,L126,https://relay.mvtx.us/ticketing/dbz?code_theater=P3404&gid_entity=movie.movie._.294280&tags=Format.Projection.Digital&perfd=20260926&perft=15:50,toulouse
F0055,film,2026-09-26,Tournefeuille,Utopia Tournefeuille,L126,"https://relay.mvtx.us/ticketing/dbz?code_theater=P3404&gid_entity=movie.movie._.1000023495&tags=Localization.Language.French,Format.Projection.Digital&perfd=20260926&perft=15:50&code=VF",toulouse
F0037,film,2026-09-26,Tournefeuille,Utopia Tournefeuille,L126,https://toulouse.cinemas-utopia.org/film?id=13251 ,toulouse
F0005,film,2026-09-26,Tournefeuille,Utopia Tournefeuille,L126,"https://relay.mvtx.us/ticketing/dbz?code_theater=P3404&gid_entity=movie.movie._.188280&tags=Localization.Subtitle.French,Localization.Version.Original,Format.Projection.Digital&perfd=20260926&perft=16:40&code=VO",toulouse
F0048,film,2026-09-26,Tournefeuille,Utopia Tournefeuille,L126,"https://relay.mvtx.us/ticketing/dbz?code_theater=P3404&gid_entity=movie.movie._.317219&tags=Localization.Subtitle.French,Localization.Version.Original,Format.Projection.Digital&perfd=20260926&perft=16:45&code=VO",toulouse
F0045,film,2026-09-26,Tournefeuille,Utopia Tournefeuille,L126,"https://relay.mvtx.us/ticketing/dbz?code_theater=P3404&gid_entity=movie.movie._.1000043221&tags=Localization.Language.French,Format.Projection.Digital&perfd=20260926&perft=17:30&code=VF",toulouse
F0059,film,2026-09-26,Tournefeuille,Utopia Tournefeuille,L126,"https://relay.mvtx.us/ticketing/dbz?code_theater=P3404&gid_entity=movie.movie._.1000048319&tags=Localization.Language.French,Format.Projection.Digital&perfd=20260926&perft=18:55&code=VF",toulouse
F0057,film,2026-09-26,Tournefeuille,Utopia Tournefeuille,L126,"https://relay.mvtx.us/ticketing/dbz?code_theater=P3404&gid_entity=movie.movie._.1000026039&tags=Localization.Language.French,Format.Projection.Digital&perfd=20260926&perft=19:00&code=VF",toulouse
F0061,film,2026-09-26,Toulouse,Le Cratère,L128,"https://relay.mvtx.us/ticketing/dbz?code_theater=P0056&gid_entity=movie.movie._.305836&tags=Localization.Version.Original,Format.Projection.Digital&perfd=20260926&perft=10:00&code=VO",toulouse
F0143,film,2026-09-26,Toulouse,Le Cratère,L128,"https://relay.mvtx.us/ticketing/dbz?code_theater=P0056&gid_entity=movie.movie._.293636&tags=Localization.Version.Original,Format.Projection.Digital&perfd=20260926&perft=11:40&code=VO",toulouse
F0040,film,2026-09-26,Toulouse,Le Cratère,L128,"https://relay.mvtx.us/ticketing/dbz?code_theater=P0056&gid_entity=movie.movie._.310112&tags=Localization.Version.Original,Format.Projection.Digital&perfd=20260926&perft=13:20&code=VO",toulouse
F0026,film,2026-09-26,Toulouse,Le Cratère,L128,"https://relay.mvtx.us/ticketing/dbz?code_theater=P0056&gid_entity=movie.movie._.1000041528&tags=Localization.Version.Original,Format.Projection.Digital&perfd=20260926&perft=14:55&code=VO",toulouse
F0147,film,2026-09-26,Toulouse,Le Cratère,L128,"https://relay.mvtx.us/ticketing/dbz?code_theater=P0056&gid_entity=movie.movie._.1000035099&tags=Localization.Language.French,Format.Projection.Digital&perfd=20260926&perft=16:20&code=VF",toulouse
F0012,film,2026-09-26,Toulouse,Le Cratère,L128,"https://relay.mvtx.us/ticketing/dbz?code_theater=P0056&gid_entity=movie.movie._.327993&tags=Localization.Version.Original,Format.Projection.Digital&perfd=20260926&perft=17:15&code=VO",toulouse
F0042,film,2026-09-26,Toulouse,Le Cratère,L128,"https://relay.mvtx.us/ticketing/dbz?code_theater=P0056&gid_entity=movie.movie._.308394&tags=Localization.Version.Original,Format.Projection.Digital&perfd=20260926&perft=19:45&code=VO",toulouse
F0155,film,2026-09-26,Toulouse,Le Cratère,L128,"https://relay.mvtx.us/ticketing/dbz?code_theater=P0056&gid_entity=movie.movie._.1000028076&tags=Localization.Version.Original,Format.Projection.Digital&perfd=20260926&perft=21:25&code=VO",toulouse
F0198,film,2026-09-26,Toulouse,Cinémathèque de Toulouse,L131,"https://relay.mvtx.us/ticketing/dbz?code_theater=P0062&gid_entity=movie.movie._.40133&tags=Localization.Language.French,Format.Projection.Digital&perfd=20260926&perft=16:00&code=VF",toulouse
F0193,film,2026-09-26,Toulouse,Cinémathèque de Toulouse,L131,https://www.lacinemathequedetoulouse.com/programmation/projections/37242,toulouse
F0237,film,2026-09-26,Toulouse,Cinémathèque de Toulouse,L131,"https://relay.mvtx.us/ticketing/dbz?code_theater=P0062&gid_entity=movie.movie._.115013&tags=Showtime.Accessibility.Subtitled,Localization.Version.Original,Format.Projection.Digital&perfd=20260926&perft=19:00&code=VO; SUBTITLE",toulouse
F0238,film,2026-09-26,Toulouse,Cinémathèque de Toulouse,L131,https://www.lacinemathequedetoulouse.com/programmation/projections/37268,toulouse
F0222,film,2026-09-26,Toulouse,Cinémathèque de Toulouse,L131,"https://relay.mvtx.us/ticketing/dbz?code_theater=P0062&gid_entity=movie.movie._.418&tags=Showtime.Accessibility.Subtitled,Localization.Version.Original,Format.Projection.Digital&perfd=20260926&perft=21:00&code=VO; SUBTITLE",toulouse
F0223,film,2026-09-26,Toulouse,Cinémathèque de Toulouse,L131,https://www.lacinemathequedetoulouse.com/programmation/projections/37228,toulouse
F0060,film,2026-09-26,Toulouse,Pathé Toulouse Wilson,L137,https://s.pathe.fr/en/V3358S197320/booking,toulouse
F0060,film,2026-09-26,Labège,Pathé Toulouse Labège,L138,https://s.pathe.fr/en/V3364S189268/booking,toulouse
F0032,film,2026-09-26,Blagnac,CGR Blagnac,L139,"https://relay.mvtx.us/ticketing/dbz?code_theater=P0692&gid_entity=movie.movie._.1000051238&tags=Localization.Language.French,Showtime.Accessibility.Accessible,Auditorium.Experience.Ice,Format.Projection.3d&perfd=20260926&perft=10:30&code=3D; Accès PMR; ICE; VF;",toulouse
F0060,film,2026-09-26,Fenouillet,Kinepolis Fenouillet,L140,"https://relay.mvtx.us/ticketing/dbz?code_theater=W3115&gid_entity=movie.movie._.232669&tags=Auditorium.Experience.ScreenX,Format.Projection.Digital&perfd=20260926&perft=19:35&code=Version Francaise; Screen X 2D",toulouse
F0032,film,2026-09-26,Fenouillet,Kinepolis Fenouillet,L140,"https://relay.mvtx.us/ticketing/dbz?code_theater=W3115&gid_entity=movie.movie._.1000051238&tags=Auditorium.Experience.ScreenX,Format.Projection.Digital&perfd=20260926&perft=19:35&code=Version Francaise; Screen X 2D",toulouse
F0060,film,2026-09-26,Toulouse,UGC Montaudran,L142,"https://relay.mvtx.us/ticketing/dbz?code_theater=W3140&gid_entity=movie.movie._.232669&tags=Auditorium.Experience.InfinityVision,Showtime.Accessibility.Accessible,Localization.Version.French,Format.Projection.Digital&perfd=20260926&perft=16:30&code=AUDIO; SME; PMR; 2D; Infinity Vision; VF; ",toulouse
F0032,film,2026-09-26,Toulouse,UGC Montaudran,L142,"https://relay.mvtx.us/ticketing/dbz?code_theater=W3140&gid_entity=movie.movie._.1000051238&tags=Auditorium.Experience.InfinityVision,Showtime.Accessibility.Accessible,Localization.Version.French,Format.Projection.Digital&perfd=20260926&perft=16:30&code=AUDIO; SME; PMR; 2D; Infinity Vision; VF; ",toulouse
F0123,film,2026-09-26,Ramonville-Saint-Agne,L'Autan,L143,https://cine-autan-ramonville.fr/movie/1483,toulouse
F0028,film,2026-09-26,Ramonville-Saint-Agne,L'Autan,L143,https://cine-autan-ramonville.fr/movie/1482,toulouse
F0005,film,2026-09-26,Ramonville-Saint-Agne,L'Autan,L143,https://cine-autan-ramonville.fr/movie/1478,toulouse
A0179,live,2026-09-27,Toulouse,Le Rex,L076,https://www.lerextoulouse.com/fr/programmation/,toulouse
A0382,live,2026-09-27,Toulouse,Le Rex,L076,https://www.lerextoulouse.com/fr/programmation/forever-nu/,toulouse
A0443,live,2026-09-27,Toulouse,Le Metronum,L082,https://lemetronum.fr/evenement/de-fleur-big-ass-cat-coeur-dartichaut-mafia-matou/,toulouse
F0055,film,2026-09-27,Toulouse,Utopia Borderouge,L125,https://toulouse.cinemas-utopia.org/film?id=13957,toulouse
F0059,film,2026-09-27,Toulouse,Utopia Borderouge,L125,https://toulouse.cinemas-utopia.org/film?id=13931,toulouse
F0027,film,2026-09-27,Toulouse,Utopia Borderouge,L125,https://toulouse.cinemas-utopia.org/film?id=13806,toulouse
F0018,film,2026-09-27,Toulouse,Utopia Borderouge,L125,https://toulouse.cinemas-utopia.org/film?id=13474,toulouse
F0006,film,2026-09-27,Toulouse,Utopia Borderouge,L125,https://toulouse.cinemas-utopia.org/film?id=14045,toulouse
F0036,film,2026-09-27,Toulouse,Utopia Borderouge,L125,https://toulouse.cinemas-utopia.org/film?id=13475,toulouse
F0005,film,2026-09-27,Toulouse,Utopia Borderouge,L125,https://toulouse.cinemas-utopia.org/film?id=13457,toulouse
F0034,film,2026-09-27,Toulouse,Utopia Borderouge,L125,https://toulouse.cinemas-utopia.org/film?id=13462,toulouse
F0047,film,2026-09-27,Toulouse,Utopia Borderouge,L125,https://toulouse.cinemas-utopia.org/film?id=13952,toulouse
F0010,film,2026-09-27,Toulouse,Utopia Borderouge,L125,https://toulouse.cinemas-utopia.org/film?id=13449,toulouse
F0040,film,2026-09-27,Toulouse,Utopia Borderouge,L125,https://toulouse.cinemas-utopia.org/film?id=13042,toulouse
F0012,film,2026-09-27,Toulouse,Utopia Borderouge,L125,https://toulouse.cinemas-utopia.org/film?id=13805,toulouse
F0025,film,2026-09-27,Toulouse,Utopia Borderouge,L125,https://toulouse.cinemas-utopia.org/film?id=13808,toulouse
F0012,film,2026-09-27,Tournefeuille,Utopia Tournefeuille,L126,"https://relay.mvtx.us/ticketing/dbz?code_theater=P3404&gid_entity=movie.movie._.327993&tags=Localization.Language.French,Format.Projection.Digital&perfd=20260927&perft=11:00&code=VF",toulouse
F0168,film,2026-09-27,Tournefeuille,Utopia Tournefeuille,L126,https://toulouse.cinemas-utopia.org/film?id=12938&src=evnmnt7791,toulouse
F0066,film,2026-09-27,Tournefeuille,Utopia Tournefeuille,L126,"https://relay.mvtx.us/ticketing/dbz?code_theater=P3404&gid_entity=movie.movie._.1000026622&tags=Localization.Subtitle.French,Localization.Version.Original,Format.Projection.Digital&perfd=20260927&perft=11:10&code=VO",toulouse
F0043,film,2026-09-27,Tournefeuille,Utopia Tournefeuille,L126,"https://relay.mvtx.us/ticketing/dbz?code_theater=P3404&gid_entity=movie.movie._.324014&tags=Localization.Language.French,Format.Projection.Digital&perfd=20260927&perft=11:15&code=VF",toulouse
F0018,film,2026-09-27,Tournefeuille,Utopia Tournefeuille,L126,"https://relay.mvtx.us/ticketing/dbz?code_theater=P3404&gid_entity=movie.movie._.327941&tags=Localization.Language.French,Format.Projection.Digital&perfd=20260927&perft=12:10&code=VF",toulouse
F0048,film,2026-09-27,Tournefeuille,Utopia Tournefeuille,L126,"https://relay.mvtx.us/ticketing/dbz?code_theater=P3404&gid_entity=movie.movie._.317219&tags=Localization.Subtitle.French,Localization.Version.Original,Format.Projection.Digital&perfd=20260927&perft=13:30&code=VO",toulouse
F0047,film,2026-09-27,Tournefeuille,Utopia Tournefeuille,L126,"https://relay.mvtx.us/ticketing/dbz?code_theater=P3404&gid_entity=movie.movie._.319893&tags=Localization.Subtitle.French,Localization.Version.Original,Format.Projection.Digital&perfd=20260927&perft=13:40&code=VO",toulouse
F0045,film,2026-09-27,Tournefeuille,Utopia Tournefeuille,L126,"https://relay.mvtx.us/ticketing/dbz?code_theater=P3404&gid_entity=movie.movie._.1000043221&tags=Localization.Language.French,Format.Projection.Digital&perfd=20260927&perft=13:45&code=VF",toulouse
F0013,film,2026-09-27,Tournefeuille,Utopia Tournefeuille,L126,https://relay.mvtx.us/ticketing/dbz?code_theater=P3404&gid_entity=movie.movie._.1000024105&tags=Format.Projection.Digital&perfd=20260927&perft=14:15,toulouse
F0015,film,2026-09-27,Tournefeuille,Utopia Tournefeuille,L126,https://relay.mvtx.us/ticketing/dbz?code_theater=P3404&gid_entity=movie.movie._.294281&tags=Format.Projection.Digital&perfd=20260927&perft=15:40,toulouse
F0055,film,2026-09-27,Tournefeuille,Utopia Tournefeuille,L126,"https://relay.mvtx.us/ticketing/dbz?code_theater=P3404&gid_entity=movie.movie._.1000023495&tags=Localization.Language.French,Format.Projection.Digital&perfd=20260927&perft=15:40&code=VF",toulouse
F0034,film,2026-09-27,Tournefeuille,Utopia Tournefeuille,L126,https://toulouse.cinemas-utopia.org/film?id=13462 ,toulouse
F0057,film,2026-09-27,Tournefeuille,Utopia Tournefeuille,L126,"https://relay.mvtx.us/ticketing/dbz?code_theater=P3404&gid_entity=movie.movie._.1000026039&tags=Localization.Language.French,Format.Projection.Digital&perfd=20260927&perft=15:45&code=VF",toulouse
F0010,film,2026-09-27,Tournefeuille,Utopia Tournefeuille,L126,https://relay.mvtx.us/ticketing/dbz?code_theater=P3404&gid_entity=movie.movie._.1000037046&tags=Format.Projection.Digital&perfd=20260927&perft=18:40,toulouse
F0059,film,2026-09-27,Tournefeuille,Utopia Tournefeuille,L126,"https://relay.mvtx.us/ticketing/dbz?code_theater=P3404&gid_entity=movie.movie._.1000048319&tags=Localization.Language.French,Format.Projection.Digital&perfd=20260927&perft=20:30&code=VF",toulouse
F0013,film,2026-09-27,Toulouse,Le Cratère,L128,"https://relay.mvtx.us/ticketing/dbz?code_theater=P0056&gid_entity=movie.movie._.1000024105&tags=Localization.Version.Original,Format.Projection.Digital&perfd=20260927&perft=10:00&code=VO",toulouse
F0062,film,2026-09-27,Toulouse,Le Cratère,L128,"https://relay.mvtx.us/ticketing/dbz?code_theater=P0056&gid_entity=movie.movie._.1000029301&tags=Localization.Version.Original,Format.Projection.Digital&perfd=20260927&perft=13:25&code=VO",toulouse
F0012,film,2026-09-27,Toulouse,Le Cratère,L128,"https://relay.mvtx.us/ticketing/dbz?code_theater=P0056&gid_entity=movie.movie._.327993&tags=Localization.Version.Original,Format.Projection.Digital&perfd=20260927&perft=15:05&code=VO",toulouse
F0042,film,2026-09-27,Toulouse,Le Cratère,L128,"https://relay.mvtx.us/ticketing/dbz?code_theater=P0056&gid_entity=movie.movie._.308394&tags=Localization.Version.Original,Format.Projection.Digital&perfd=20260927&perft=17:35&code=VO",toulouse
F0040,film,2026-09-27,Toulouse,Le Cratère,L128,"https://relay.mvtx.us/ticketing/dbz?code_theater=P0056&gid_entity=movie.movie._.310112&tags=Localization.Version.Original,Format.Projection.Digital&perfd=20260927&perft=19:15&code=VO",toulouse
F0143,film,2026-09-27,Toulouse,Le Cratère,L128,"https://relay.mvtx.us/ticketing/dbz?code_theater=P0056&gid_entity=movie.movie._.293636&tags=Localization.Version.Original,Format.Projection.Digital&perfd=20260927&perft=20:50&code=VO",toulouse
F0188,film,2026-09-27,Toulouse,Cinémathèque de Toulouse,L131,"https://relay.mvtx.us/ticketing/dbz?code_theater=P0062&gid_entity=movie.movie._.31179&tags=Showtime.Accessibility.Subtitled,Localization.Version.Original,Format.Projection.Digital&perfd=20260927&perft=16:00&code=VO; SUBTITLE",toulouse
F0189,film,2026-09-27,Toulouse,Cinémathèque de Toulouse,L131,https://www.lacinemathequedetoulouse.com/programmation/projections/37232,toulouse
F0347,film,2026-09-27,Toulouse,Cinémathèque de Toulouse,L131,https://www.lacinemathequedetoulouse.com/programmation/projections/37278,toulouse
F0232,film,2026-09-27,Toulouse,Cinémathèque de Toulouse,L131,"https://relay.mvtx.us/ticketing/dbz?code_theater=P0062&gid_entity=movie.movie._.14790&tags=Showtime.Accessibility.Subtitled,Localization.Version.Original,Format.Projection.Digital&perfd=20260927&perft=18:00&code=VO; SUBTITLE",toulouse
F0233,film,2026-09-27,Toulouse,Cinémathèque de Toulouse,L131,https://www.lacinemathequedetoulouse.com/programmation/projections/37255,toulouse
F0060,film,2026-09-27,Toulouse,Pathé Toulouse Wilson,L137,https://s.pathe.fr/en/V3358S197321/booking,toulouse
F0060,film,2026-09-27,Labège,Pathé Toulouse Labège,L138,https://s.pathe.fr/en/V3364S189269/booking,toulouse
F0398,film,2026-09-27,Labège,Pathé Toulouse Labège,L138,https://s.pathe.fr/en/V3364S188142/booking,toulouse
F0032,film,2026-09-27,Blagnac,CGR Blagnac,L139,"https://relay.mvtx.us/ticketing/dbz?code_theater=P0692&gid_entity=movie.movie._.1000051238&tags=Localization.Language.French,Showtime.Accessibility.Accessible,Auditorium.Experience.Ice,Format.Projection.3d&perfd=20260927&perft=10:30&code=3D; Accès PMR; ICE; VF;",toulouse
F0293,film,2026-09-27,Blagnac,CGR Blagnac,L139,"https://relay.mvtx.us/ticketing/dbz?code_theater=P0692&gid_entity=movie.movie._.1000019249&tags=Localization.Language.French,Showtime.Accessibility.Accessible&perfd=20260927&perft=11:00&code=Accès PMR; VF;",toulouse
F0148,film,2026-09-27,Blagnac,CGR Blagnac,L139,"https://relay.mvtx.us/ticketing/dbz?code_theater=P0692&gid_entity=movie.movie._.1000031247&tags=Localization.Language.French,Showtime.Accessibility.Accessible&perfd=20260927&perft=16:00&code=Accès PMR; VF;",toulouse
F0089,film,2026-09-27,Fenouillet,Kinepolis Fenouillet,L140,https://relay.mvtx.us/ticketing/dbz?code_theater=W3115&gid_entity=movie.movie._.296642&tags=Format.Projection.Digital&perfd=20260927&perft=10:45&code=Version Francaise; 2D,toulouse
F0355,film,2026-09-27,Toulouse,UGC Montaudran,L142,"https://relay.mvtx.us/ticketing/dbz?code_theater=W3140&gid_entity=movie.movie._.18115&tags=Showtime.Accessibility.Accessible,Localization.Version.French,Format.Projection.Digital&perfd=20260927&perft=11:00&code=apd06a; PMR; 2D; Les Pestacles UGC; VF; ",toulouse
F0032,film,2026-09-27,Toulouse,UGC Montaudran,L142,"https://relay.mvtx.us/ticketing/dbz?code_theater=W3140&gid_entity=movie.movie._.1000051238&tags=Auditorium.Experience.InfinityVision,Showtime.Accessibility.Accessible,Localization.Version.French,Format.Projection.Digital&perfd=20260927&perft=16:00&code=AUDIO; SME; PMR; 2D; Infinity Vision; VF; ",toulouse
F0444,film,2026-09-27,Toulouse,UGC Montaudran,L142,"https://relay.mvtx.us/ticketing/dbz?code_theater=W3140&gid_entity=movie.movie._.14788&tags=Showtime.Accessibility.Accessible,Localization.Subtitle.French,Localization.Version.Original,Format.Projection.Digital&perfd=20260927&perft=18:00&code=PMR; 2D; VO; ",toulouse
F0123,film,2026-09-27,Ramonville-Saint-Agne,L'Autan,L143,"https://relay.mvtx.us/ticketing/dbz?code_theater=P0881&gid_entity=movie.movie._.320561&tags=Localization.Language.French,Showtime.Accessibility.Accessible,Format.Projection.Digital&perfd=20260927&perft=16:00&code=VF; DISABLED ACCESS",toulouse
F0080,film,2026-09-27,Ramonville-Saint-Agne,L'Autan,L143,"https://relay.mvtx.us/ticketing/dbz?code_theater=P0881&gid_entity=movie.movie._.1000017192&tags=Showtime.Accessibility.Subtitled,Localization.Version.Original,Showtime.Accessibility.Accessible,Format.Projection.Digital&perfd=20260927&perft=18:00&code=VO; SUBTITLE; DISABLED ACCESS",toulouse
F0012,film,2026-09-27,Ramonville-Saint-Agne,L'Autan,L143,"https://relay.mvtx.us/ticketing/dbz?code_theater=P0881&gid_entity=movie.movie._.327993&tags=Showtime.Accessibility.Subtitled,Showtime.Accessibility.OpenCaption,Showtime.Accessibility.VisionImpaired,Localization.Language.French,Showtime.Accessibility.Accessible,Format.Projection.Digital&perfd=20260927&perft=20:30&code=SUBTITLE; SUBTITLE OCAP; VI; VF; DISABLED ACCESS",toulouse
A0180,live,2026-09-28,Toulouse,Théâtre Les 3 T,L047,https://new.3tcafetheatre.com/spectacle/kevin-levy-cocu/,toulouse
A0181,live,2026-09-28,Toulouse,Le Rex,L076,https://www.lerextoulouse.com/fr/programmation/,toulouse
A0182,live,2026-09-28,Toulouse,Le Rex,L076,https://www.lerextoulouse.com/fr/programmation/,toulouse
A0183,live,2026-09-28,Toulouse,Le Rex,L076,https://www.lerextoulouse.com/fr/programmation/,toulouse
A0383,live,2026-09-28,Toulouse,Le Rex,L076,https://www.lerextoulouse.com/fr/programmation/xandria-seven-spires-tulip/,toulouse
A0384,live,2026-09-28,Ramonville-Saint-Agne,Le Bikini,L083,https://lebikini.com/2026/09/28/fat-freddy-s-drop,toulouse
A0184,live,2026-09-28,Ramonville-Saint-Agne,Le Bikini,L083,https://lebikini.com/programmation,toulouse
A0384,live,2026-09-28,Ramonville-Saint-Agne,Le Petit Bikini,L093,https://lebikini.com/2026/09/28/fat-freddy-s-drop,toulouse
F0010,film,2026-09-28,Toulouse,Utopia Borderouge,L125,https://toulouse.cinemas-utopia.org/film?id=13449,toulouse
F0047,film,2026-09-28,Toulouse,Utopia Borderouge,L125,https://toulouse.cinemas-utopia.org/film?id=13952,toulouse
F0037,film,2026-09-28,Toulouse,Utopia Borderouge,L125,https://toulouse.cinemas-utopia.org/film?id=13251,toulouse
F0059,film,2026-09-28,Toulouse,Utopia Borderouge,L125,https://toulouse.cinemas-utopia.org/film?id=13931,toulouse
F0013,film,2026-09-28,Toulouse,Utopia Borderouge,L125,https://toulouse.cinemas-utopia.org/film?id=13459,toulouse
F0018,film,2026-09-28,Toulouse,Utopia Borderouge,L125,https://toulouse.cinemas-utopia.org/film?id=13474,toulouse
F0025,film,2026-09-28,Toulouse,Utopia Borderouge,L125,https://toulouse.cinemas-utopia.org/film?id=13808,toulouse
F0002,film,2026-09-28,Toulouse,Utopia Borderouge,L125,https://toulouse.cinemas-utopia.org/film?id=13767,toulouse
F0012,film,2026-09-28,Toulouse,Utopia Borderouge,L125,https://toulouse.cinemas-utopia.org/film?id=13805,toulouse
F0034,film,2026-09-28,Toulouse,Utopia Borderouge,L125,https://toulouse.cinemas-utopia.org/film?id=13462,toulouse
F0005,film,2026-09-28,Toulouse,Utopia Borderouge,L125,https://toulouse.cinemas-utopia.org/film?id=13457,toulouse
F0036,film,2026-09-28,Toulouse,Utopia Borderouge,L125,https://toulouse.cinemas-utopia.org/film?id=13475,toulouse
F0040,film,2026-09-28,Toulouse,Utopia Borderouge,L125,https://toulouse.cinemas-utopia.org/film?id=13042,toulouse
F0043,film,2026-09-28,Tournefeuille,Utopia Tournefeuille,L126,"https://relay.mvtx.us/ticketing/dbz?code_theater=P3404&gid_entity=movie.movie._.324014&tags=Localization.Language.French,Format.Projection.Digital&perfd=20260928&perft=13:30&code=VF",toulouse
F0023,film,2026-09-28,Tournefeuille,Utopia Tournefeuille,L126,"https://relay.mvtx.us/ticketing/dbz?code_theater=P3404&gid_entity=movie.movie._.1000019852&tags=Localization.Subtitle.French,Localization.Version.Original,Format.Projection.Digital&perfd=20260928&perft=14:00&code=VO",toulouse
F0057,film,2026-09-28,Tournefeuille,Utopia Tournefeuille,L126,"https://relay.mvtx.us/ticketing/dbz?code_theater=P3404&gid_entity=movie.movie._.1000026039&tags=Localization.Language.French,Format.Projection.Digital&perfd=20260928&perft=14:25&code=VF",toulouse
F0066,film,2026-09-28,Tournefeuille,Utopia Tournefeuille,L126,"https://relay.mvtx.us/ticketing/dbz?code_theater=P3404&gid_entity=movie.movie._.1000026622&tags=Localization.Subtitle.French,Localization.Version.Original,Format.Projection.Digital&perfd=20260928&perft=15:45&code=VO",toulouse
F0018,film,2026-09-28,Tournefeuille,Utopia Tournefeuille,L126,"https://relay.mvtx.us/ticketing/dbz?code_theater=P3404&gid_entity=movie.movie._.327941&tags=Localization.Language.French,Format.Projection.Digital&perfd=20260928&perft=16:00&code=VF",toulouse
F0045,film,2026-09-28,Tournefeuille,Utopia Tournefeuille,L126,"https://relay.mvtx.us/ticketing/dbz?code_theater=P3404&gid_entity=movie.movie._.1000043221&tags=Localization.Language.French,Format.Projection.Digital&perfd=20260928&perft=16:30&code=VF",toulouse
F0025,film,2026-09-28,Tournefeuille,Utopia Tournefeuille,L126,"https://relay.mvtx.us/ticketing/dbz?code_theater=P3404&gid_entity=movie.movie._.1000022260&tags=Localization.Subtitle.French,Localization.Version.Original,Format.Projection.Digital&perfd=20260928&perft=16:35&code=VO",toulouse
F0047,film,2026-09-28,Tournefeuille,Utopia Tournefeuille,L126,"https://relay.mvtx.us/ticketing/dbz?code_theater=P3404&gid_entity=movie.movie._.319893&tags=Localization.Subtitle.French,Localization.Version.Original,Format.Projection.Digital&perfd=20260928&perft=18:00&code=VO",toulouse
F0048,film,2026-09-28,Tournefeuille,Utopia Tournefeuille,L126,"https://relay.mvtx.us/ticketing/dbz?code_theater=P3404&gid_entity=movie.movie._.317219&tags=Localization.Subtitle.French,Localization.Version.Original,Format.Projection.Digital&perfd=20260928&perft=18:20&code=VO",toulouse
F0036,film,2026-09-28,Tournefeuille,Utopia Tournefeuille,L126,"https://relay.mvtx.us/ticketing/dbz?code_theater=P3404&gid_entity=movie.movie._.318226&tags=Localization.Subtitle.French,Localization.Version.Original,Format.Projection.Digital&perfd=20260928&perft=18:30&code=VO",toulouse
F0059,film,2026-09-28,Tournefeuille,Utopia Tournefeuille,L126,"https://relay.mvtx.us/ticketing/dbz?code_theater=P3404&gid_entity=movie.movie._.1000048319&tags=Localization.Language.French,Format.Projection.Digital&perfd=20260928&perft=19:00&code=VF",toulouse
F0344,film,2026-09-28,Tournefeuille,Utopia Tournefeuille,L126,https://toulouse.cinemas-utopia.org/film?id=11735&src=evnmnt7797,toulouse
F0005,film,2026-09-28,Tournefeuille,Utopia Tournefeuille,L126,https://relay.mvtx.us/ticketing/dbz?code_theater=P3404&gid_entity=movie.movie._.188280&tags=Format.Projection.Digital&perfd=20260928&perft=20:30,toulouse
F0010,film,2026-09-28,Toulouse,Le Cratère,L128,"https://relay.mvtx.us/ticketing/dbz?code_theater=P0056&gid_entity=movie.movie._.1000037046&tags=Localization.Version.Original,Format.Projection.Digital&perfd=20260928&perft=15:45&code=VO",toulouse
F0012,film,2026-09-28,Toulouse,Le Cratère,L128,"https://relay.mvtx.us/ticketing/dbz?code_theater=P0056&gid_entity=movie.movie._.327993&tags=Showtime.Accessibility.Subtitled,Localization.Version.Original,Showtime.Accessibility.OpenCaption,Format.Projection.Digital&perfd=20260928&perft=17:05&code=VO; SUBTITLE; SUBTITLE OCAP",toulouse
F0313,film,2026-09-28,Toulouse,Le Cratère,L128,"https://relay.mvtx.us/ticketing/dbz?code_theater=P0056&gid_entity=movie.movie._.1000007454&tags=Localization.Version.Original,Showtime.Event.OnlySession,Showtime.Event.Headline,Format.Projection.Digital&perfd=20260928&perft=19:30&code=VO; ONLY SESSION; HEADLINE",toulouse
F0417,film,2026-09-28,Toulouse,Le Cratère,L128,https://www.cinemalecratere.fr/films/green-line,toulouse
A0384,live,2026-09-28,Blagnac,Poney Club,L132,https://lebikini.com/2026/09/28/fat-freddy-s-drop,toulouse
F0341,film,2026-09-28,Labège,Pathé Toulouse Labège,L138,https://s.pathe.fr/en/V3364S186459/booking,toulouse
F0032,film,2026-09-28,Blagnac,CGR Blagnac,L139,"https://relay.mvtx.us/ticketing/dbz?code_theater=P0692&gid_entity=movie.movie._.1000051238&tags=Localization.Language.French,Showtime.Accessibility.Accessible,Auditorium.Experience.Ice&perfd=20260928&perft=10:30&code=Accès PMR; ICE; VF;",toulouse
F0032,film,2026-09-28,Toulouse,UGC Montaudran,L142,"https://relay.mvtx.us/ticketing/dbz?code_theater=W3140&gid_entity=movie.movie._.1000051238&tags=Auditorium.Experience.InfinityVision,Showtime.Accessibility.Accessible,Localization.Subtitle.French,Localization.Version.Original,Format.Projection.Digital&perfd=20260928&perft=19:45&code=AUDIO; SME; PMR; 2D; Infinity Vision; VO; ",toulouse
F0028,film,2026-09-28,Ramonville-Saint-Agne,L'Autan,L143,"https://relay.mvtx.us/ticketing/dbz?code_theater=P0881&gid_entity=movie.movie._.1000039625&tags=Showtime.Accessibility.Subtitled,Localization.Version.Original,Showtime.Accessibility.Accessible,Format.Projection.Digital&perfd=20260928&perft=18:30&code=VO; SUBTITLE; DISABLED ACCESS",toulouse
F0071,film,2026-09-28,Ramonville-Saint-Agne,L'Autan,L143,"https://relay.mvtx.us/ticketing/dbz?code_theater=P0881&gid_entity=movie.movie._.1000025598&tags=Localization.Language.French,Showtime.Accessibility.Accessible,Format.Projection.Digital&perfd=20260928&perft=21:00&code=VF; DISABLED ACCESS",toulouse
A0273,live,2026-09-29,Toulouse,Théâtre Les 3 T,L047,https://new.3tcafetheatre.com/spectacle/chers-parents/,toulouse
A0444,live,2026-09-29,Toulouse,Le Bijou,L078,https://www.le-bijou.net/event-details/atelier-decritures-le-lab-des-mots-29-septembre-18h30-20h30,toulouse
A0445,live,2026-09-29,Toulouse,Le Bijou,L078,https://www.le-bijou.net/event-details/chanson-soudaine-14,toulouse
F0018,film,2026-09-29,Toulouse,Utopia Borderouge,L125,https://toulouse.cinemas-utopia.org/film?id=13474,toulouse
F0025,film,2026-09-29,Toulouse,Utopia Borderouge,L125,https://toulouse.cinemas-utopia.org/film?id=13808,toulouse
F0037,film,2026-09-29,Toulouse,Utopia Borderouge,L125,https://toulouse.cinemas-utopia.org/film?id=13251,toulouse
F0013,film,2026-09-29,Toulouse,Utopia Borderouge,L125,https://toulouse.cinemas-utopia.org/film?id=13459,toulouse
F0036,film,2026-09-29,Toulouse,Utopia Borderouge,L125,https://toulouse.cinemas-utopia.org/film?id=13475,toulouse
F0034,film,2026-09-29,Toulouse,Utopia Borderouge,L125,https://toulouse.cinemas-utopia.org/film?id=13462,toulouse
F0010,film,2026-09-29,Toulouse,Utopia Borderouge,L125,https://toulouse.cinemas-utopia.org/film?id=13449,toulouse
F0012,film,2026-09-29,Toulouse,Utopia Borderouge,L125,https://toulouse.cinemas-utopia.org/film?id=13805,toulouse
F0047,film,2026-09-29,Toulouse,Utopia Borderouge,L125,https://toulouse.cinemas-utopia.org/film?id=13952,toulouse
F0006,film,2026-09-29,Toulouse,Utopia Borderouge,L125,https://toulouse.cinemas-utopia.org/film?id=14045,toulouse
F0068,film,2026-09-29,Toulouse,Utopia Borderouge,L125,https://toulouse.cinemas-utopia.org/film?id=14060,toulouse
F0059,film,2026-09-29,Toulouse,Utopia Borderouge,L125,https://toulouse.cinemas-utopia.org/film?id=13931,toulouse
F0059,film,2026-09-29,Tournefeuille,Utopia Tournefeuille,L126,"https://relay.mvtx.us/ticketing/dbz?code_theater=P3404&gid_entity=movie.movie._.1000048319&tags=Localization.Language.French,Format.Projection.Digital&perfd=20260929&perft=14:10&code=VF",toulouse
F0036,film,2026-09-29,Tournefeuille,Utopia Tournefeuille,L126,https://relay.mvtx.us/ticketing/dbz?code_theater=P3404&gid_entity=movie.movie._.318226&tags=Format.Projection.Digital&perfd=20260929&perft=14:20,toulouse
F0022,film,2026-09-29,Tournefeuille,Utopia Tournefeuille,L126,https://relay.mvtx.us/ticketing/dbz?code_theater=P3404&gid_entity=movie.movie._.300784&tags=Format.Projection.Digital&perfd=20260929&perft=14:30,toulouse
F0047,film,2026-09-29,Tournefeuille,Utopia Tournefeuille,L126,https://relay.mvtx.us/ticketing/dbz?code_theater=P3404&gid_entity=movie.movie._.319893&tags=Format.Projection.Digital&perfd=20260929&perft=14:40,toulouse
F0066,film,2026-09-29,Tournefeuille,Utopia Tournefeuille,L126,"https://relay.mvtx.us/ticketing/dbz?code_theater=P3404&gid_entity=movie.movie._.1000026622&tags=Localization.Subtitle.French,Localization.Version.Original,Format.Projection.Digital&perfd=20260929&perft=16:10&code=VO",toulouse
F0057,film,2026-09-29,Tournefeuille,Utopia Tournefeuille,L126,"https://relay.mvtx.us/ticketing/dbz?code_theater=P3404&gid_entity=movie.movie._.1000026039&tags=Localization.Language.French,Format.Projection.Digital&perfd=20260929&perft=16:15&code=VF",toulouse
F0045,film,2026-09-29,Tournefeuille,Utopia Tournefeuille,L126,"https://relay.mvtx.us/ticketing/dbz?code_theater=P3404&gid_entity=movie.movie._.1000043221&tags=Localization.Language.French,Format.Projection.Digital&perfd=20260929&perft=16:20&code=VF",toulouse
F0025,film,2026-09-29,Tournefeuille,Utopia Tournefeuille,L126,https://relay.mvtx.us/ticketing/dbz?code_theater=P3404&gid_entity=movie.movie._.1000022260&tags=Format.Projection.Digital&perfd=20260929&perft=16:40,toulouse
F0023,film,2026-09-29,Tournefeuille,Utopia Tournefeuille,L126,https://relay.mvtx.us/ticketing/dbz?code_theater=P3404&gid_entity=movie.movie._.1000019852&tags=Format.Projection.Digital&perfd=20260929&perft=18:15,toulouse
F0018,film,2026-09-29,Tournefeuille,Utopia Tournefeuille,L126,"https://relay.mvtx.us/ticketing/dbz?code_theater=P3404&gid_entity=movie.movie._.327941&tags=Localization.Language.French,Format.Projection.Digital&perfd=20260929&perft=18:25&code=VF",toulouse
F0048,film,2026-09-29,Tournefeuille,Utopia Tournefeuille,L126,"https://relay.mvtx.us/ticketing/dbz?code_theater=P3404&gid_entity=movie.movie._.317219&tags=Localization.Subtitle.French,Localization.Version.Original,Format.Projection.Digital&perfd=20260929&perft=18:45&code=VO",toulouse
F0043,film,2026-09-29,Tournefeuille,Utopia Tournefeuille,L126,"https://relay.mvtx.us/ticketing/dbz?code_theater=P3404&gid_entity=movie.movie._.324014&tags=Localization.Language.French,Format.Projection.Digital&perfd=20260929&perft=19:00&code=VF",toulouse
F0012,film,2026-09-29,Tournefeuille,Utopia Tournefeuille,L126,"https://relay.mvtx.us/ticketing/dbz?code_theater=P3404&gid_entity=movie.movie._.327993&tags=Localization.Language.French,Format.Projection.Digital&perfd=20260929&perft=20:40&code=VF",toulouse
F0005,film,2026-09-29,Toulouse,Le Cratère,L128,"https://relay.mvtx.us/ticketing/dbz?code_theater=P0056&gid_entity=movie.movie._.188280&tags=Localization.Version.Original,Format.Projection.Digital&perfd=20260929&perft=18:00&code=VO",toulouse
F0028,film,2026-09-29,Toulouse,Le Cratère,L128,"https://relay.mvtx.us/ticketing/dbz?code_theater=P0056&gid_entity=movie.movie._.1000039625&tags=Localization.Version.Original,Format.Projection.Digital&perfd=20260929&perft=20:35&code=VO",toulouse
F0199,film,2026-09-29,Toulouse,Cinémathèque de Toulouse,L131,https://www.lacinemathequedetoulouse.com/programmation/projections/37253,toulouse
F0246,film,2026-09-29,Toulouse,Cinémathèque de Toulouse,L131,"https://relay.mvtx.us/ticketing/dbz?code_theater=P0062&gid_entity=movie.movie._.1719&tags=Showtime.Accessibility.Subtitled,Localization.Version.Original,Format.Projection.Digital&perfd=20260929&perft=19:00&code=VO; SUBTITLE",toulouse
F0247,film,2026-09-29,Toulouse,Cinémathèque de Toulouse,L131,https://www.lacinemathequedetoulouse.com/programmation/projections/37244,toulouse
F0381,film,2026-09-29,Toulouse,Cinémathèque de Toulouse,L131,https://www.lacinemathequedetoulouse.com/programmation/projections/37296,toulouse
F0249,film,2026-09-29,Toulouse,Cinémathèque de Toulouse,L131,"https://relay.mvtx.us/ticketing/dbz?code_theater=P0062&gid_entity=movie.movie._.299413&tags=Showtime.Accessibility.Subtitled,Localization.Version.Original,Format.Projection.Digital&perfd=20260929&perft=21:00&code=VO; SUBTITLE",toulouse
F0250,film,2026-09-29,Toulouse,Cinémathèque de Toulouse,L131,https://www.lacinemathequedetoulouse.com/programmation/projections/37275,toulouse
F0032,film,2026-09-29,Blagnac,CGR Blagnac,L139,"https://relay.mvtx.us/ticketing/dbz?code_theater=P0692&gid_entity=movie.movie._.1000051238&tags=Localization.Language.French,Showtime.Accessibility.Accessible,Auditorium.Experience.Ice,Format.Projection.3d&perfd=20260929&perft=10:30&code=3D; Accès PMR; ICE; VF;",toulouse
F0032,film,2026-09-29,Fenouillet,Kinepolis Fenouillet,L140,"https://relay.mvtx.us/ticketing/dbz?code_theater=W3115&gid_entity=movie.movie._.1000051238&tags=Auditorium.Experience.ScreenX,Format.Projection.Digital&perfd=20260929&perft=19:40&code=Version Francaise; Screen X 2D",toulouse
F0032,film,2026-09-29,Toulouse,UGC Montaudran,L142,"https://relay.mvtx.us/ticketing/dbz?code_theater=W3140&gid_entity=movie.movie._.1000051238&tags=Auditorium.Experience.InfinityVision,Showtime.Accessibility.Accessible,Localization.Version.French,Format.Projection.Digital&perfd=20260929&perft=19:45&code=AUDIO; SME; PMR; 2D; Infinity Vision; VF; ",toulouse
F0028,film,2026-09-29,Ramonville-Saint-Agne,L'Autan,L143,"https://relay.mvtx.us/ticketing/dbz?code_theater=P0881&gid_entity=movie.movie._.1000039625&tags=Showtime.Accessibility.Subtitled,Localization.Version.Original,Showtime.Accessibility.Accessible,Format.Projection.Digital&perfd=20260929&perft=15:30&code=VO; SUBTITLE; DISABLED ACCESS",toulouse
F0080,film,2026-09-29,Ramonville-Saint-Agne,L'Autan,L143,"https://relay.mvtx.us/ticketing/dbz?code_theater=P0881&gid_entity=movie.movie._.1000017192&tags=Showtime.Accessibility.Subtitled,Localization.Version.Original,Showtime.Accessibility.Accessible,Format.Projection.Digital&perfd=20260929&perft=18:00&code=VO; SUBTITLE; DISABLED ACCESS",toulouse
F0005,film,2026-09-29,Ramonville-Saint-Agne,L'Autan,L143,"https://relay.mvtx.us/ticketing/dbz?code_theater=P0881&gid_entity=movie.movie._.188280&tags=Showtime.Accessibility.Subtitled,Localization.Version.Original,Showtime.Accessibility.Accessible,Format.Projection.Digital&perfd=20260929&perft=20:30&code=VO; SUBTITLE; DISABLED ACCESS",toulouse
A0310,live,2026-09-30,Toulouse,Théâtre Les 3 T,L047,https://new.3tcafetheatre.com/spectacle/toc-toc/,toulouse
A0186,live,2026-09-30,Toulouse,Théâtre de Poche,L055,https://theatredepochetoulouse.fr/la-programmation-2/septembre/schooet-des-goguettes/,toulouse
A0187,live,2026-09-30,Toulouse,Le Taquin,L075,https://billetterie.festik.net/le-taquin/product/fibr-4tet,toulouse
A0446,live,2026-09-30,Toulouse,Le Bijou,L078,https://www.le-bijou.net/event-details/fulu,toulouse
A0188,live,2026-09-30,Toulouse,La Cabane (Cartoucherie),L080,https://halles-cartoucherie.fr/la-cabane/,toulouse
F0395,film,2026-09-30,Tournefeuille,Utopia Tournefeuille,L126,https://relay.mvtx.us/ticketing/dbz?code_theater=P3404&gid_entity=movie.movie._.1000026296&tags=Format.Projection.Digital&perfd=20260930&perft=20:00&code=Ciné - Rencontre,toulouse
F0139,film,2026-09-30,Toulouse,Le Cratère,L128,"https://relay.mvtx.us/ticketing/dbz?code_theater=P0056&gid_entity=movie.movie._.1000035100&tags=Localization.Language.French,Format.Projection.Digital&perfd=20260930&perft=14:00&code=VF",toulouse
F0031,film,2026-09-30,Toulouse,Le Cratère,L128,"https://relay.mvtx.us/ticketing/dbz?code_theater=P0056&gid_entity=movie.movie._.314290&tags=Localization.Version.Original,Format.Projection.Digital&perfd=20260930&perft=15:20&code=VO",toulouse
F0022,film,2026-09-30,Toulouse,Le Cratère,L128,"https://relay.mvtx.us/ticketing/dbz?code_theater=P0056&gid_entity=movie.movie._.300784&tags=Showtime.Accessibility.Subtitled,Localization.Version.Original,Showtime.Accessibility.OpenCaption,Format.Projection.Digital&perfd=20260930&perft=17:15&code=VO; SUBTITLE; SUBTITLE OCAP",toulouse
F0155,film,2026-09-30,Toulouse,Le Cratère,L128,"https://relay.mvtx.us/ticketing/dbz?code_theater=P0056&gid_entity=movie.movie._.1000028076&tags=Localization.Version.Original,Format.Projection.Digital&perfd=20260930&perft=18:45&code=VO",toulouse
F0025,film,2026-09-30,Toulouse,Le Cratère,L128,"https://relay.mvtx.us/ticketing/dbz?code_theater=P0056&gid_entity=movie.movie._.1000022260&tags=Localization.Version.Original,Format.Projection.Digital&perfd=20260930&perft=20:10&code=VO",toulouse
F0216,film,2026-09-30,Toulouse,Cinémathèque de Toulouse,L131,"https://relay.mvtx.us/ticketing/dbz?code_theater=P0062&gid_entity=movie.movie._.6168&tags=Showtime.Accessibility.Subtitled,Localization.Version.Original,Format.Projection.Digital&perfd=20260930&perft=16:30&code=VO; SUBTITLE",toulouse
F0217,film,2026-09-30,Toulouse,Cinémathèque de Toulouse,L131,https://www.lacinemathequedetoulouse.com/programmation/projections/37237,toulouse
F0211,film,2026-09-30,Toulouse,Cinémathèque de Toulouse,L131,"https://relay.mvtx.us/ticketing/dbz?code_theater=P0062&gid_entity=movie.movie._.109502&tags=Showtime.Accessibility.Subtitled,Localization.Version.Original,Format.Projection.Digital&perfd=20260930&perft=19:00&code=VO; SUBTITLE",toulouse
F0212,film,2026-09-30,Toulouse,Cinémathèque de Toulouse,L131,https://www.lacinemathequedetoulouse.com/programmation/projections/37271,toulouse
F0253,film,2026-09-30,Toulouse,Cinémathèque de Toulouse,L131,"https://relay.mvtx.us/ticketing/dbz?code_theater=P0062&gid_entity=movie.movie._.55142&tags=Showtime.Accessibility.Subtitled,Localization.Version.Original,Format.Projection.Digital&perfd=20260930&perft=21:00&code=VO; SUBTITLE",toulouse
F0254,film,2026-09-30,Toulouse,Cinémathèque de Toulouse,L131,https://www.lacinemathequedetoulouse.com/programmation/projections/37265,toulouse
F0073,film,2026-09-30,Blagnac,CGR Blagnac,L139,"https://relay.mvtx.us/ticketing/dbz?code_theater=P0692&gid_entity=movie.movie._.55774&tags=Localization.Language.French,Showtime.Accessibility.Accessible,Auditorium.Experience.Ice&perfd=20260930&perft=10:45&code=Accès PMR; ICE; VF;",toulouse
A0311,live,2026-10-01,Toulouse,Halle aux Grains,L070,https://onct.toulouse.fr/tarmo-peltokoski-daniel-lozakovich-6075101/,toulouse
A0189,live,2026-10-01,Toulouse,Le Rex,L076,https://www.lerextoulouse.com/fr/programmation/,toulouse
A0447,live,2026-10-01,Toulouse,Le Metronum,L082,https://lemetronum.fr/evenement/super-parquet-peldrut/,toulouse
F0025,film,2026-10-01,Toulouse,Le Cratère,L128,"https://relay.mvtx.us/ticketing/dbz?code_theater=P0056&gid_entity=movie.movie._.1000022260&tags=Localization.Version.Original,Format.Projection.Digital&perfd=20261001&perft=16:00&code=VO",toulouse
F0031,film,2026-10-01,Toulouse,Le Cratère,L128,"https://relay.mvtx.us/ticketing/dbz?code_theater=P0056&gid_entity=movie.movie._.314290&tags=Localization.Version.Original,Format.Projection.Digital&perfd=20261001&perft=18:05&code=VO",toulouse
F0012,film,2026-10-01,Toulouse,Le Cratère,L128,"https://relay.mvtx.us/ticketing/dbz?code_theater=P0056&gid_entity=movie.movie._.327993&tags=Localization.Version.Original,Format.Projection.Digital&perfd=20261001&perft=20:00&code=VO",toulouse
F0228,film,2026-10-01,Toulouse,Cinémathèque de Toulouse,L131,"https://relay.mvtx.us/ticketing/dbz?code_theater=P0062&gid_entity=movie.movie._.29958&tags=Showtime.Accessibility.Subtitled,Localization.Version.Original,Format.Projection.Digital&perfd=20261001&perft=19:00&code=VO; SUBTITLE",toulouse
F0229,film,2026-10-01,Toulouse,Cinémathèque de Toulouse,L131,https://www.lacinemathequedetoulouse.com/programmation/projections/37259,toulouse
F0207,film,2026-10-01,Toulouse,Cinémathèque de Toulouse,L131,"https://relay.mvtx.us/ticketing/dbz?code_theater=P0062&gid_entity=movie.movie._.2236&tags=Showtime.Accessibility.Subtitled,Localization.Version.Original,Format.Projection.Digital&perfd=20261001&perft=20:00&code=VO; SUBTITLE",toulouse
F0208,film,2026-10-01,Toulouse,Cinémathèque de Toulouse,L131,https://www.lacinemathequedetoulouse.com/programmation/projections/37230,toulouse
F0240,film,2026-10-01,Toulouse,Cinémathèque de Toulouse,L131,"https://relay.mvtx.us/ticketing/dbz?code_theater=P0062&gid_entity=movie.movie._.73176&tags=Showtime.Accessibility.Subtitled,Localization.Version.Original,Format.Projection.Digital&perfd=20261001&perft=21:00&code=VO; SUBTITLE",toulouse
F0241,film,2026-10-01,Toulouse,Cinémathèque de Toulouse,L131,https://www.lacinemathequedetoulouse.com/programmation/projections/37257,toulouse
F0218,film,2026-10-01,Labège,Pathé Toulouse Labège,L138,https://s.pathe.fr/en/V3364S186992/booking,toulouse
A0312,live,2026-10-02,Toulouse,Halle aux Grains,L070,https://lebikini.com/2026/10/02/pierre-emmanuel-barre-la-halle-aux-grains,toulouse
A0448,live,2026-10-02,Toulouse,Le Metronum,L082,https://lemetronum.fr/evenement/puppetmastaz-2/,toulouse
F0263,film,2026-10-02,Tournefeuille,Utopia Tournefeuille,L126,https://toulouse.cinemas-utopia.org/film?id=local_3959&src=evnmnt7781,toulouse
F0022,film,2026-10-02,Toulouse,Le Cratère,L128,"https://relay.mvtx.us/ticketing/dbz?code_theater=P0056&gid_entity=movie.movie._.300784&tags=Localization.Version.Original,Format.Projection.Digital&perfd=20261002&perft=16:45&code=VO",toulouse
F0028,film,2026-10-02,Toulouse,Le Cratère,L128,"https://relay.mvtx.us/ticketing/dbz?code_theater=P0056&gid_entity=movie.movie._.1000039625&tags=Localization.Version.Original,Format.Projection.Digital&perfd=20261002&perft=18:10&code=VO",toulouse
F0283,film,2026-10-02,Toulouse,Le Cratère,L128,"https://relay.mvtx.us/ticketing/dbz?code_theater=P0056&gid_entity=movie.movie._.292429&tags=Localization.Version.Original,Showtime.Event.OnlySession,Showtime.Event.Headline,Format.Projection.Digital&perfd=20261002&perft=20:00&code=VO; ONLY SESSION; HEADLINE",toulouse
F0412,film,2026-10-02,Toulouse,Le Cratère,L128,https://www.cinemalecratere.fr/films/debout-les-femmes,toulouse
A0190,live,2026-10-03,Toulouse,Le Rex,L076,https://www.lerextoulouse.com/fr/programmation/,toulouse
A0385,live,2026-10-03,Toulouse,Le Rex,L076,https://www.lerextoulouse.com/fr/programmation/talisco/,toulouse
A0386,live,2026-10-03,Toulouse,Le Rex,L076,https://www.lerextoulouse.com/fr/programmation/plein-phare-inv-h-dude-blaze-et-marcel-dk/,toulouse
F0311,film,2026-10-03,Toulouse,Le Cratère,L128,https://www.cinemalecratere.fr/evenements/festival-cinespana-2026,toulouse
F0335,film,2026-10-03,Toulouse,Le Cratère,L128,https://www.cinemalecratere.fr/evenements/jonas-trueba,toulouse
F0127,film,2026-10-03,Toulouse,Le Cratère,L128,"https://relay.mvtx.us/ticketing/dbz?code_theater=P0056&gid_entity=movie.movie._.325965&tags=Localization.Version.Original,Format.Projection.Digital&perfd=20261003&perft=10:00&code=VO",toulouse
F0160,film,2026-10-03,Toulouse,Le Cratère,L128,"https://relay.mvtx.us/ticketing/dbz?code_theater=P0056&gid_entity=movie.movie._.312545&tags=Localization.Version.Original,Format.Projection.Digital&perfd=20261003&perft=12:25&code=VO",toulouse
F0063,film,2026-10-03,Toulouse,Le Cratère,L128,"https://relay.mvtx.us/ticketing/dbz?code_theater=P0056&gid_entity=movie.movie._.1000037432&tags=Localization.Version.Original,Format.Projection.Digital&perfd=20261003&perft=14:20&code=VO",toulouse
F0173,film,2026-10-03,Toulouse,Le Cratère,L128,"https://relay.mvtx.us/ticketing/dbz?code_theater=P0056&gid_entity=movie.movie._.1000025821&tags=Localization.Version.Original,Format.Projection.Digital&perfd=20261003&perft=16:35&code=VO",toulouse
F0086,film,2026-10-03,Toulouse,Le Cratère,L128,"https://relay.mvtx.us/ticketing/dbz?code_theater=P0056&gid_entity=movie.movie._.1000017160&tags=Localization.Version.Original,Format.Projection.Digital&perfd=20261003&perft=18:45&code=VO",toulouse
F0129,film,2026-10-03,Toulouse,Le Cratère,L128,"https://relay.mvtx.us/ticketing/dbz?code_theater=P0056&gid_entity=movie.movie._.304130&tags=Localization.Version.Original,Format.Projection.Digital&perfd=20261003&perft=20:50&code=VO",toulouse
F0137,film,2026-10-03,Toulouse,Pathé Toulouse Wilson,L137,https://s.pathe.fr/en/V3358S183941/booking,toulouse
F0137,film,2026-10-03,Labège,Pathé Toulouse Labège,L138,https://s.pathe.fr/en/V3364S174899/booking,toulouse
F0073,film,2026-10-03,Blagnac,CGR Blagnac,L139,"https://relay.mvtx.us/ticketing/dbz?code_theater=P0692&gid_entity=movie.movie._.55774&tags=Localization.Language.French,Showtime.Accessibility.Accessible,Auditorium.Experience.Ice&perfd=20261003&perft=10:45&code=Accès PMR; ICE; VF;",toulouse
F0151,film,2026-10-04,Toulouse,Le Cratère,L128,"https://relay.mvtx.us/ticketing/dbz?code_theater=P0056&gid_entity=movie.movie._.1000025381&tags=Localization.Version.Original,Format.Projection.Digital&perfd=20261004&perft=10:30&code=VO",toulouse
F0192,film,2026-10-04,Toulouse,Le Cratère,L128,"https://relay.mvtx.us/ticketing/dbz?code_theater=P0056&gid_entity=movie.movie._.1000022263&tags=Localization.Version.Original,Format.Projection.Digital&perfd=20261004&perft=12:00&code=VO",toulouse
F0124,film,2026-10-04,Toulouse,Le Cratère,L128,"https://relay.mvtx.us/ticketing/dbz?code_theater=P0056&gid_entity=movie.movie._.244490&tags=Localization.Version.Original,Showtime.Event.Headline,Format.Projection.Digital&perfd=20261004&perft=14:15&code=VO; HEADLINE",toulouse
F0414,film,2026-10-04,Toulouse,Le Cratère,L128,https://www.cinemalecratere.fr/films/la-reconquista,toulouse
F0163,film,2026-10-04,Toulouse,Le Cratère,L128,"https://relay.mvtx.us/ticketing/dbz?code_theater=P0056&gid_entity=movie.movie._.1000000660&tags=Localization.Version.Original,Showtime.Event.Headline,Format.Projection.Digital&perfd=20261004&perft=16:40&code=VO; HEADLINE",toulouse
F0165,film,2026-10-04,Toulouse,Le Cratère,L128,"https://relay.mvtx.us/ticketing/dbz?code_theater=P0056&gid_entity=movie.movie._.1000004367&tags=Localization.Version.Original,Format.Projection.Digital&perfd=20261004&perft=18:45&code=VO",toulouse
F0178,film,2026-10-04,Toulouse,Le Cratère,L128,"https://relay.mvtx.us/ticketing/dbz?code_theater=P0056&gid_entity=movie.movie._.326227&tags=Localization.Version.Original,Format.Projection.Digital&perfd=20261004&perft=20:40&code=VO",toulouse
F0073,film,2026-10-04,Blagnac,CGR Blagnac,L139,"https://relay.mvtx.us/ticketing/dbz?code_theater=P0692&gid_entity=movie.movie._.55774&tags=Localization.Language.French,Showtime.Accessibility.Accessible,Auditorium.Experience.Ice&perfd=20261004&perft=10:45&code=Accès PMR; ICE; VF;",toulouse
F0086,film,2026-10-05,Toulouse,Le Cratère,L128,"https://relay.mvtx.us/ticketing/dbz?code_theater=P0056&gid_entity=movie.movie._.1000017160&tags=Localization.Version.Original,Format.Projection.Digital&perfd=20261005&perft=12:00&code=VO",toulouse
F0023,film,2026-10-05,Toulouse,Le Cratère,L128,"https://relay.mvtx.us/ticketing/dbz?code_theater=P0056&gid_entity=movie.movie._.1000019852&tags=Localization.Version.Original,Format.Projection.Digital&perfd=20261005&perft=14:10&code=VO",toulouse
F0154,film,2026-10-05,Toulouse,Le Cratère,L128,"https://relay.mvtx.us/ticketing/dbz?code_theater=P0056&gid_entity=movie.movie._.325967&tags=Localization.Version.Original,Format.Projection.Digital&perfd=20261005&perft=16:30&code=VO",toulouse
F0173,film,2026-10-05,Toulouse,Le Cratère,L128,"https://relay.mvtx.us/ticketing/dbz?code_theater=P0056&gid_entity=movie.movie._.1000025821&tags=Localization.Version.Original,Format.Projection.Digital&perfd=20261005&perft=18:30&code=VO",toulouse
F0236,film,2026-10-05,Toulouse,Le Cratère,L128,"https://relay.mvtx.us/ticketing/dbz?code_theater=P0056&gid_entity=movie.movie._.328203&tags=Localization.Version.Original,Format.Projection.Digital&perfd=20261005&perft=20:30&code=VO",toulouse
F0310,film,2026-10-05,Labège,Pathé Toulouse Labège,L138,https://s.pathe.fr/en/V3364S186460/booking,toulouse
F0367,film,2026-10-05,Labège,Pathé Toulouse Labège,L138,https://s.pathe.fr/en/V3364S186461/booking,toulouse
A0191,live,2026-10-06,Toulouse,Le Rex,L076,https://www.lerextoulouse.com/fr/programmation/,toulouse
A0387,live,2026-10-06,Toulouse,Le Rex,L076,https://www.lerextoulouse.com/fr/programmation/primal-fear/,toulouse
F0206,film,2026-10-06,Toulouse,Le Cratère,L128,"https://relay.mvtx.us/ticketing/dbz?code_theater=P0056&gid_entity=movie.movie._.3084&tags=Localization.Version.Original,Format.Projection.Digital&perfd=20261006&perft=19:00&code=VO",toulouse
F0127,film,2026-10-06,Toulouse,Le Cratère,L128,"https://relay.mvtx.us/ticketing/dbz?code_theater=P0056&gid_entity=movie.movie._.325965&tags=Localization.Version.Original,Format.Projection.Digital&perfd=20261006&perft=20:45&code=VO",toulouse
F0269,film,2026-10-06,Fenouillet,Kinepolis Fenouillet,L140,https://relay.mvtx.us/ticketing/dbz?code_theater=W3115&gid_entity=movie.movie._.4966&tags=Format.Projection.Digital&perfd=20261006&perft=20:15&code=Version Francaise; 2D,toulouse
A0449,live,2026-10-07,Toulouse,Le Metronum,L082,https://lemetronum.fr/evenement/gouter-concert-4/,toulouse
A0450,live,2026-10-07,Toulouse,Le Metronum,L082,https://lemetronum.fr/evenement/mirkut-le-grand-ensemble-filos/,toulouse
A0388,live,2026-10-07,Blagnac,Guinguette d’Odyssud,L094,,toulouse
F0236,film,2026-10-07,Toulouse,Le Cratère,L128,"https://relay.mvtx.us/ticketing/dbz?code_theater=P0056&gid_entity=movie.movie._.328203&tags=Localization.Version.Original,Format.Projection.Digital&perfd=20261007&perft=12:00&code=VO",toulouse
F0178,film,2026-10-07,Toulouse,Le Cratère,L128,"https://relay.mvtx.us/ticketing/dbz?code_theater=P0056&gid_entity=movie.movie._.326227&tags=Localization.Version.Original,Format.Projection.Digital&perfd=20261007&perft=14:00&code=VO",toulouse
F0138,film,2026-10-07,Toulouse,Le Cratère,L128,"https://relay.mvtx.us/ticketing/dbz?code_theater=P0056&gid_entity=movie.movie._.1000022999&tags=Localization.Version.Original,Format.Projection.Digital&perfd=20261007&perft=16:25&code=VO",toulouse
F0129,film,2026-10-07,Toulouse,Le Cratère,L128,"https://relay.mvtx.us/ticketing/dbz?code_theater=P0056&gid_entity=movie.movie._.304130&tags=Localization.Version.Original,Format.Projection.Digital&perfd=20261007&perft=18:45&code=VO",toulouse
F0213,film,2026-10-07,Toulouse,Le Cratère,L128,"https://relay.mvtx.us/ticketing/dbz?code_theater=P0056&gid_entity=movie.movie._.1000020167&tags=Localization.Version.Original,Format.Projection.Digital&perfd=20261007&perft=20:45&code=VO",toulouse
A0313,live,2026-10-08,Toulouse,Halle aux Grains,L070,https://onct.toulouse.fr/lio-kuokman-nelson-goerner-4763660/,toulouse
A0192,live,2026-10-08,Toulouse,Le Rex,L076,https://www.lerextoulouse.com/fr/programmation/,toulouse
A0193,live,2026-10-08,Toulouse,Le Rex,L076,https://www.lerextoulouse.com/fr/programmation/,toulouse
A0389,live,2026-10-08,Toulouse,Le Rex,L076,https://www.lerextoulouse.com/fr/programmation/hypno5e-et-hippotraktor/,toulouse
A0451,live,2026-10-08,Toulouse,Le Metronum,L082,https://lemetronum.fr/evenement/blue-jay-mel/,toulouse
F0023,film,2026-10-08,Toulouse,Le Cratère,L128,"https://relay.mvtx.us/ticketing/dbz?code_theater=P0056&gid_entity=movie.movie._.1000019852&tags=Localization.Version.Original,Format.Projection.Digital&perfd=20261008&perft=12:00&code=VO",toulouse
F0154,film,2026-10-08,Toulouse,Le Cratère,L128,"https://relay.mvtx.us/ticketing/dbz?code_theater=P0056&gid_entity=movie.movie._.325967&tags=Localization.Version.Original,Format.Projection.Digital&perfd=20261008&perft=14:10&code=VO",toulouse
F0165,film,2026-10-08,Toulouse,Le Cratère,L128,"https://relay.mvtx.us/ticketing/dbz?code_theater=P0056&gid_entity=movie.movie._.1000004367&tags=Localization.Version.Original,Format.Projection.Digital&perfd=20261008&perft=16:10&code=VO",toulouse
F0063,film,2026-10-08,Toulouse,Le Cratère,L128,"https://relay.mvtx.us/ticketing/dbz?code_theater=P0056&gid_entity=movie.movie._.1000037432&tags=Localization.Version.Original,Format.Projection.Digital&perfd=20261008&perft=18:00&code=VO",toulouse
F0027,film,2026-10-08,Toulouse,Le Cratère,L128,"https://relay.mvtx.us/ticketing/dbz?code_theater=P0056&gid_entity=movie.movie._.318365&tags=Localization.Version.Original,Format.Projection.Digital&perfd=20261008&perft=20:15&code=VO",toulouse
F0242,film,2026-10-08,Toulouse,Pathé Toulouse Wilson,L137,https://s.pathe.fr/en/V3358S196695/booking,toulouse
F0242,film,2026-10-08,Labège,Pathé Toulouse Labège,L138,https://s.pathe.fr/en/V3364S188721/booking,toulouse
A0314,live,2026-10-08,Ramonville-Saint-Agne,Le Kiwi (ARTO),L150,https://kiwiramonville-arto.fr/evenement/cornelius/,toulouse
A0378,live,2026-10-09,Toulouse,Auditorium Saint-Pierre des Cuisines,L072,http://conservatoire.toulouse.fr/presentation-de-saison-suivie-du-conte-dhiver-de-w-shakespeare/,toulouse
A0194,live,2026-10-09,Toulouse,Le Rex,L076,https://www.lerextoulouse.com/fr/programmation/,toulouse
A0390,live,2026-10-09,Toulouse,Le Rex,L076,https://www.lerextoulouse.com/fr/programmation/a6el/,toulouse
A0452,live,2026-10-09,Toulouse,Le Metronum,L082,https://lemetronum.fr/evenement/bianca-costa-2/,toulouse
A0378,live,2026-10-09,Toulouse,CRR – Espace Varèse,L122,http://conservatoire.toulouse.fr/presentation-de-saison-suivie-du-conte-dhiver-de-w-shakespeare/,toulouse
F0127,film,2026-10-09,Toulouse,Le Cratère,L128,"https://relay.mvtx.us/ticketing/dbz?code_theater=P0056&gid_entity=movie.movie._.325965&tags=Localization.Version.Original,Format.Projection.Digital&perfd=20261009&perft=12:00&code=VO",toulouse
F0129,film,2026-10-09,Toulouse,Le Cratère,L128,"https://relay.mvtx.us/ticketing/dbz?code_theater=P0056&gid_entity=movie.movie._.304130&tags=Localization.Version.Original,Format.Projection.Digital&perfd=20261009&perft=14:25&code=VO",toulouse
F0086,film,2026-10-09,Toulouse,Le Cratère,L128,"https://relay.mvtx.us/ticketing/dbz?code_theater=P0056&gid_entity=movie.movie._.1000017160&tags=Localization.Version.Original,Format.Projection.Digital&perfd=20261009&perft=16:25&code=VO",toulouse
F0160,film,2026-10-09,Toulouse,Le Cratère,L128,"https://relay.mvtx.us/ticketing/dbz?code_theater=P0056&gid_entity=movie.movie._.312545&tags=Localization.Version.Original,Format.Projection.Digital&perfd=20261009&perft=18:30&code=VO",toulouse
F0138,film,2026-10-09,Toulouse,Le Cratère,L128,"https://relay.mvtx.us/ticketing/dbz?code_theater=P0056&gid_entity=movie.movie._.1000022999&tags=Localization.Version.Original,Showtime.Event.Headline,Format.Projection.Digital&perfd=20261009&perft=20:30&code=VO; HEADLINE",toulouse
F0413,film,2026-10-09,Toulouse,Le Cratère,L128,https://www.cinemalecratere.fr/films/entroncamento,toulouse
F0118,film,2026-10-09,Blagnac,CGR Blagnac,L139,"https://relay.mvtx.us/ticketing/dbz?code_theater=P0692&gid_entity=movie.movie._.145083&tags=Localization.Language.French,Showtime.Accessibility.Accessible&perfd=20261009&perft=19:45&code=Accès PMR; VF;",toulouse
A0453,live,2026-10-10,Toulouse,Le Rex,L076,https://www.lerextoulouse.com/fr/programmation/mahom--ashkabad--dub-electro-live/,toulouse
A0454,live,2026-10-10,Toulouse,Le Rex,L076,https://www.lerextoulouse.com/fr/programmation/girls-on-rave/,toulouse
A0455,live,2026-10-10,Toulouse,Le Metronum,L082,https://lemetronum.fr/evenement/mariam/,toulouse
F0234,film,2026-10-10,Toulouse,Le Cratère,L128,"https://relay.mvtx.us/ticketing/dbz?code_theater=P0056&gid_entity=movie.movie._.299969&tags=Localization.Version.Original,Format.Projection.Digital&perfd=20261010&perft=10:00&code=VO",toulouse
F0151,film,2026-10-10,Toulouse,Le Cratère,L128,"https://relay.mvtx.us/ticketing/dbz?code_theater=P0056&gid_entity=movie.movie._.1000025381&tags=Localization.Version.Original,Format.Projection.Digital&perfd=20261010&perft=12:10&code=VO",toulouse
F0027,film,2026-10-10,Toulouse,Le Cratère,L128,"https://relay.mvtx.us/ticketing/dbz?code_theater=P0056&gid_entity=movie.movie._.318365&tags=Localization.Version.Original,Format.Projection.Digital&perfd=20261010&perft=13:40&code=VO",toulouse
F0221,film,2026-10-10,Toulouse,Le Cratère,L128,"https://relay.mvtx.us/ticketing/dbz?code_theater=P0056&gid_entity=movie.movie._.3213&tags=Localization.Version.Original,Format.Projection.Digital&perfd=20261010&perft=15:25&code=VO",toulouse
F0023,film,2026-10-10,Toulouse,Le Cratère,L128,"https://relay.mvtx.us/ticketing/dbz?code_theater=P0056&gid_entity=movie.movie._.1000019852&tags=Localization.Version.Original,Format.Projection.Digital&perfd=20261010&perft=17:05&code=VO",toulouse
F0063,film,2026-10-10,Toulouse,Le Cratère,L128,"https://relay.mvtx.us/ticketing/dbz?code_theater=P0056&gid_entity=movie.movie._.1000037432&tags=Localization.Version.Original,Format.Projection.Digital&perfd=20261010&perft=19:15&code=VO",toulouse
F0206,film,2026-10-10,Toulouse,Le Cratère,L128,"https://relay.mvtx.us/ticketing/dbz?code_theater=P0056&gid_entity=movie.movie._.3084&tags=Localization.Version.Original,Format.Projection.Digital&perfd=20261010&perft=21:30&code=VO",toulouse
F0118,film,2026-10-10,Blagnac,CGR Blagnac,L139,"https://relay.mvtx.us/ticketing/dbz?code_theater=P0692&gid_entity=movie.movie._.145083&tags=Localization.Language.French,Showtime.Accessibility.Accessible&perfd=20261010&perft=13:40&code=Accès PMR; VF;",toulouse
F0213,film,2026-10-11,Toulouse,Le Cratère,L128,"https://relay.mvtx.us/ticketing/dbz?code_theater=P0056&gid_entity=movie.movie._.1000020167&tags=Localization.Version.Original,Format.Projection.Digital&perfd=20261011&perft=10:00&code=VO",toulouse
F0160,film,2026-10-11,Toulouse,Le Cratère,L128,"https://relay.mvtx.us/ticketing/dbz?code_theater=P0056&gid_entity=movie.movie._.312545&tags=Localization.Version.Original,Format.Projection.Digital&perfd=20261011&perft=12:10&code=VO",toulouse
F0023,film,2026-10-11,Toulouse,Le Cratère,L128,"https://relay.mvtx.us/ticketing/dbz?code_theater=P0056&gid_entity=movie.movie._.1000019852&tags=Localization.Version.Original,Format.Projection.Digital&perfd=20261011&perft=14:05&code=VO",toulouse
F0063,film,2026-10-11,Toulouse,Le Cratère,L128,"https://relay.mvtx.us/ticketing/dbz?code_theater=P0056&gid_entity=movie.movie._.1000037432&tags=Localization.Version.Original,Format.Projection.Digital&perfd=20261011&perft=16:20&code=VO",toulouse
F0127,film,2026-10-11,Toulouse,Le Cratère,L128,"https://relay.mvtx.us/ticketing/dbz?code_theater=P0056&gid_entity=movie.movie._.325965&tags=Localization.Version.Original,Format.Projection.Digital&perfd=20261011&perft=18:35&code=VO",toulouse
F0192,film,2026-10-11,Toulouse,Le Cratère,L128,"https://relay.mvtx.us/ticketing/dbz?code_theater=P0056&gid_entity=movie.movie._.1000022263&tags=Localization.Version.Original,Format.Projection.Digital&perfd=20261011&perft=21:00&code=VO",toulouse
F0118,film,2026-10-11,Toulouse,UGC Montaudran,L142,"https://relay.mvtx.us/ticketing/dbz?code_theater=W3140&gid_entity=movie.movie._.145083&tags=Showtime.Accessibility.Accessible,Localization.Subtitle.French,Localization.Version.Original,Format.Projection.Digital&perfd=20261011&perft=18:00&code=PMR; 2D; VO; ",toulouse
A0315,live,2026-10-12,Toulouse,Halle aux Grains,L070,https://www.grandsinterpretes.fr/concerts/le-cercle-de-lharmonie-jeremie-rhorer-choeur-orfeon-donostiarra-jose-antonio-sainz-alfaro/,toulouse
A0195,live,2026-10-12,Toulouse,Le Rex,L076,https://www.lerextoulouse.com/fr/programmation/,toulouse
A0196,live,2026-10-12,Toulouse,Le Rex,L076,https://www.lerextoulouse.com/fr/programmation/,toulouse
A0391,live,2026-10-12,Toulouse,Le Rex,L076,https://www.lerextoulouse.com/fr/programmation/monolord-et-dopelord/,toulouse
F0154,film,2026-10-12,Toulouse,Le Cratère,L128,"https://relay.mvtx.us/ticketing/dbz?code_theater=P0056&gid_entity=movie.movie._.325967&tags=Localization.Version.Original,Format.Projection.Digital&perfd=20261012&perft=12:00&code=VO",toulouse
F0165,film,2026-10-12,Toulouse,Le Cratère,L128,"https://relay.mvtx.us/ticketing/dbz?code_theater=P0056&gid_entity=movie.movie._.1000004367&tags=Localization.Version.Original,Format.Projection.Digital&perfd=20261012&perft=14:15&code=VO",toulouse
F0129,film,2026-10-12,Toulouse,Le Cratère,L128,"https://relay.mvtx.us/ticketing/dbz?code_theater=P0056&gid_entity=movie.movie._.304130&tags=Localization.Version.Original,Format.Projection.Digital&perfd=20261012&perft=16:10&code=VO",toulouse
F0138,film,2026-10-12,Toulouse,Le Cratère,L128,"https://relay.mvtx.us/ticketing/dbz?code_theater=P0056&gid_entity=movie.movie._.1000022999&tags=Localization.Version.Original,Format.Projection.Digital&perfd=20261012&perft=18:10&code=VO",toulouse
F0124,film,2026-10-12,Toulouse,Le Cratère,L128,"https://relay.mvtx.us/ticketing/dbz?code_theater=P0056&gid_entity=movie.movie._.244490&tags=Localization.Version.Original,Format.Projection.Digital&perfd=20261012&perft=20:35&code=VO",toulouse
F0434,film,2026-10-12,Labège,Pathé Toulouse Labège,L138,https://s.pathe.fr/en/V3364S186462/booking,toulouse
F0086,film,2026-10-13,Toulouse,Le Cratère,L128,"https://relay.mvtx.us/ticketing/dbz?code_theater=P0056&gid_entity=movie.movie._.1000017160&tags=Localization.Version.Original,Format.Projection.Digital&perfd=20261013&perft=10:00&code=VO",toulouse
F0163,film,2026-10-13,Toulouse,Le Cratère,L128,"https://relay.mvtx.us/ticketing/dbz?code_theater=P0056&gid_entity=movie.movie._.1000000660&tags=Localization.Version.Original,Format.Projection.Digital&perfd=20261013&perft=12:10&code=VO",toulouse
F0151,film,2026-10-13,Toulouse,Le Cratère,L128,"https://relay.mvtx.us/ticketing/dbz?code_theater=P0056&gid_entity=movie.movie._.1000025381&tags=Localization.Version.Original,Format.Projection.Digital&perfd=20261013&perft=14:10&code=VO",toulouse
F0234,film,2026-10-13,Toulouse,Le Cratère,L128,"https://relay.mvtx.us/ticketing/dbz?code_theater=P0056&gid_entity=movie.movie._.299969&tags=Localization.Version.Original,Format.Projection.Digital&perfd=20261013&perft=15:45&code=VO",toulouse
F0221,film,2026-10-13,Toulouse,Le Cratère,L128,"https://relay.mvtx.us/ticketing/dbz?code_theater=P0056&gid_entity=movie.movie._.3213&tags=Localization.Version.Original,Format.Projection.Digital&perfd=20261013&perft=18:00&code=VO",toulouse
F0027,film,2026-10-13,Toulouse,Le Cratère,L128,"https://relay.mvtx.us/ticketing/dbz?code_theater=P0056&gid_entity=movie.movie._.318365&tags=Localization.Version.Original,Format.Projection.Digital&perfd=20261013&perft=19:35&code=VO",toulouse
F0023,film,2026-10-13,Toulouse,Le Cratère,L128,"https://relay.mvtx.us/ticketing/dbz?code_theater=P0056&gid_entity=movie.movie._.1000019852&tags=Localization.Version.Original,Format.Projection.Digital&perfd=20261013&perft=21:15&code=VO",toulouse
F0118,film,2026-10-13,Fenouillet,Kinepolis Fenouillet,L140,https://relay.mvtx.us/ticketing/dbz?code_theater=W3115&gid_entity=movie.movie._.145083&tags=Format.Projection.Digital&perfd=20261013&perft=19:45&code=Version Francaise; 2D,toulouse
A0197,live,2026-10-14,Toulouse,Le Rex,L076,https://www.lerextoulouse.com/fr/programmation/,toulouse
A0198,live,2026-10-14,Toulouse,Le Rex,L076,https://www.lerextoulouse.com/fr/programmation/,toulouse
A0392,live,2026-10-14,Toulouse,Le Rex,L076,https://www.lerextoulouse.com/fr/programmation/hallas-earth-tongue/,toulouse
A0022,live,2026-10-14,Toulouse,Salle Nougaro,L081,https://www.sallenougaro.com/programmation/,toulouse
A0378,live,2026-10-15,Toulouse,Auditorium Saint-Pierre des Cuisines,L072,http://conservatoire.toulouse.fr/presentation-de-saison-suivie-du-conte-dhiver-de-w-shakespeare/,toulouse
A0022,live,2026-10-15,Toulouse,Salle Nougaro,L081,https://www.sallenougaro.com/programmation/,toulouse
A0456,live,2026-10-15,Toulouse,Le Metronum,L082,https://lemetronum.fr/evenement/julia-bondar-sethi-one/,toulouse
A0393,live,2026-10-15,Blagnac,Guinguette d’Odyssud,L094,,toulouse
A0394,live,2026-10-15,Blagnac,Guinguette d’Odyssud,L094,,toulouse
A0378,live,2026-10-15,Toulouse,CRR – Espace Varèse,L122,http://conservatoire.toulouse.fr/presentation-de-saison-suivie-du-conte-dhiver-de-w-shakespeare/,toulouse
A0317,live,2026-10-16,Toulouse,Le Rex,L076,https://www.lerextoulouse.com/fr/programmation/,toulouse
A0395,live,2026-10-16,Toulouse,Le Rex,L076,https://www.lerextoulouse.com/fr/programmation/ready-for-prog-festival/,toulouse
A0457,live,2026-10-16,Toulouse,Le Metronum,L082,https://lemetronum.fr/evenement/demi-portion/,toulouse
F0435,film,2026-10-16,Toulouse,Le Cratère,L128,"https://relay.mvtx.us/ticketing/dbz?code_theater=P0056&gid_entity=movie.movie._.238330&tags=Localization.Version.Original,Format.Projection.Digital&perfd=20261016&perft=18:00&code=VO",toulouse
F0119,film,2026-10-16,Blagnac,CGR Blagnac,L139,"https://relay.mvtx.us/ticketing/dbz?code_theater=P0692&gid_entity=movie.movie._.196666&tags=Localization.Language.French,Showtime.Accessibility.Accessible&perfd=20261016&perft=19:40&code=Accès PMR; VF;",toulouse
A0200,live,2026-10-17,Toulouse,Le Rex,L076,https://www.lerextoulouse.com/fr/programmation/,toulouse
A0201,live,2026-10-17,Toulouse,Le Rex,L076,https://www.lerextoulouse.com/fr/programmation/,toulouse
A0202,live,2026-10-17,Toulouse,Le Rex,L076,https://www.lerextoulouse.com/fr/programmation/,toulouse
A0396,live,2026-10-17,Toulouse,Le Rex,L076,https://www.lerextoulouse.com/fr/programmation/cybersynth-2026-vector-seven-neon-paradise-dj-set-neon-kult/,toulouse
A0458,live,2026-10-17,Toulouse,Le Metronum,L082,https://lemetronum.fr/evenement/alea-jacta-est/,toulouse
F0225,film,2026-10-17,Toulouse,Pathé Toulouse Wilson,L137,https://s.pathe.fr/en/V3358S183942/booking,toulouse
F0225,film,2026-10-17,Labège,Pathé Toulouse Labège,L138,https://s.pathe.fr/en/V3364S177828/booking,toulouse
F0119,film,2026-10-17,Blagnac,CGR Blagnac,L139,"https://relay.mvtx.us/ticketing/dbz?code_theater=P0692&gid_entity=movie.movie._.196666&tags=Localization.Language.French,Showtime.Accessibility.Accessible&perfd=20261017&perft=13:30&code=Accès PMR; VF;",toulouse
A0318,live,2026-10-17,Ramonville-Saint-Agne,Le Kiwi (ARTO),L150,https://kiwiramonville-arto.fr/evenement/futal-2026/,toulouse
A0319,live,2026-10-18,Toulouse,Halle aux Grains,L070,https://onct.toulouse.fr/pierre-et-le-loup-7912342/,toulouse
A0459,live,2026-10-18,Toulouse,Le Metronum,L082,https://lemetronum.fr/evenement/myrath/,toulouse
F0119,film,2026-10-18,Toulouse,UGC Montaudran,L142,"https://relay.mvtx.us/ticketing/dbz?code_theater=W3140&gid_entity=movie.movie._.196666&tags=Showtime.Accessibility.Accessible,Localization.Subtitle.French,Localization.Version.Original,Format.Projection.Digital&perfd=20261018&perft=18:00&code=PMR; 2D; VO; ",toulouse
A0320,live,2026-10-18,Ramonville-Saint-Agne,Le Kiwi (ARTO),L150,https://kiwiramonville-arto.fr/evenement/futal-2026/,toulouse
F0187,film,2026-10-19,Toulouse,Le Cratère,L128,"https://relay.mvtx.us/ticketing/dbz?code_theater=P0056&gid_entity=movie.movie._.253522&tags=Localization.Version.Original,Showtime.Event.Headline,Format.Projection.Digital&perfd=20261019&perft=19:30&code=VO; HEADLINE",toulouse
F0407,film,2026-10-19,Labège,Pathé Toulouse Labège,L138,https://s.pathe.fr/en/V3364S186463/booking,toulouse
F0258,film,2026-10-20,Toulouse,Le Cratère,L128,"https://relay.mvtx.us/ticketing/dbz?code_theater=P0056&gid_entity=movie.movie._.296813&tags=Localization.Version.Original,Format.Projection.Digital&perfd=20261020&perft=16:00&code=VO",toulouse
F0124,film,2026-10-20,Toulouse,Le Cratère,L128,"https://relay.mvtx.us/ticketing/dbz?code_theater=P0056&gid_entity=movie.movie._.244490&tags=Localization.Version.Original,Format.Projection.Digital&perfd=20261020&perft=17:15&code=VO",toulouse
F0119,film,2026-10-20,Fenouillet,Kinepolis Fenouillet,L140,https://relay.mvtx.us/ticketing/dbz?code_theater=W3115&gid_entity=movie.movie._.196666&tags=Format.Projection.Digital&perfd=20261020&perft=19:30&code=Version Francaise; 2D,toulouse
A0203,live,2026-10-22,Toulouse,Le Rex,L076,https://www.lerextoulouse.com/fr/programmation/,toulouse
A0204,live,2026-10-22,Toulouse,Le Rex,L076,https://www.lerextoulouse.com/fr/programmation/,toulouse
A0205,live,2026-10-22,Toulouse,Le Rex,L076,https://www.lerextoulouse.com/fr/programmation/,toulouse
A0206,live,2026-10-22,Toulouse,Le Rex,L076,https://www.lerextoulouse.com/fr/programmation/,toulouse
A0397,live,2026-10-22,Toulouse,Le Rex,L076,https://www.lerextoulouse.com/fr/programmation/mispyrming-et-owls-woods-graves-et-profanation-et-gorrch/,toulouse
A0460,live,2026-10-22,Toulouse,Le Metronum,L082,https://lemetronum.fr/evenement/mohand-baha/,toulouse
F0163,film,2026-10-22,Toulouse,Le Cratère,L128,"https://relay.mvtx.us/ticketing/dbz?code_theater=P0056&gid_entity=movie.movie._.1000000660&tags=Localization.Version.Original,Format.Projection.Digital&perfd=20261022&perft=18:00&code=VO",toulouse
A0321,live,2026-10-23,Toulouse,Halle aux Grains,L070,https://onct.toulouse.fr/symphonie-africaine-5810855/,toulouse
F0120,film,2026-10-23,Blagnac,CGR Blagnac,L139,"https://relay.mvtx.us/ticketing/dbz?code_theater=P0692&gid_entity=movie.movie._.200088&tags=Localization.Language.French,Showtime.Accessibility.Accessible&perfd=20261023&perft=20:00&code=Accès PMR; VF;",toulouse
A0322,live,2026-10-24,Toulouse,Halle aux Grains,L070,https://onct.toulouse.fr/la-halle-aux-grains/programmation-halle-aux-grains/,toulouse
A0461,live,2026-10-24,Toulouse,Le Metronum,L082,https://lemetronum.fr/evenement/nono-la-grinta/,toulouse
F0124,film,2026-10-24,Toulouse,Le Cratère,L128,"https://relay.mvtx.us/ticketing/dbz?code_theater=P0056&gid_entity=movie.movie._.244490&tags=Localization.Version.Original,Format.Projection.Digital&perfd=20261024&perft=10:00&code=VO",toulouse
F0120,film,2026-10-24,Blagnac,CGR Blagnac,L139,"https://relay.mvtx.us/ticketing/dbz?code_theater=P0692&gid_entity=movie.movie._.200088&tags=Localization.Language.French,Showtime.Accessibility.Accessible&perfd=20261024&perft=13:40&code=Accès PMR; VF;",toulouse
A0322,live,2026-10-25,Toulouse,Halle aux Grains,L070,https://onct.toulouse.fr/la-halle-aux-grains/programmation-halle-aux-grains/,toulouse
A0207,live,2026-10-25,Toulouse,Le Rex,L076,https://www.lerextoulouse.com/fr/programmation/,toulouse
A0398,live,2026-10-25,Toulouse,Le Rex,L076,https://www.lerextoulouse.com/fr/programmation/boris/,toulouse
F0120,film,2026-10-25,Toulouse,UGC Montaudran,L142,"https://relay.mvtx.us/ticketing/dbz?code_theater=W3140&gid_entity=movie.movie._.200088&tags=Showtime.Accessibility.Accessible,Localization.Subtitle.French,Localization.Version.Original,Format.Projection.Digital&perfd=20261025&perft=18:00&code=PMR; 2D; VO; ",toulouse
F0258,film,2026-10-26,Toulouse,Le Cratère,L128,"https://relay.mvtx.us/ticketing/dbz?code_theater=P0056&gid_entity=movie.movie._.296813&tags=Localization.Version.Original,Format.Projection.Digital&perfd=20261026&perft=18:00&code=VO",toulouse
F0379,film,2026-10-26,Labège,Pathé Toulouse Labège,L138,https://s.pathe.fr/en/V3364S186464/booking,toulouse
F0187,film,2026-10-27,Toulouse,Le Cratère,L128,"https://relay.mvtx.us/ticketing/dbz?code_theater=P0056&gid_entity=movie.movie._.253522&tags=Localization.Version.Original,Format.Projection.Digital&perfd=20261027&perft=16:00&code=VO",toulouse
F0156,film,2026-10-27,Labège,Pathé Toulouse Labège,L138,https://s.pathe.fr/en/V3364S189265/booking,toulouse
F0120,film,2026-10-27,Fenouillet,Kinepolis Fenouillet,L140,https://relay.mvtx.us/ticketing/dbz?code_theater=W3115&gid_entity=movie.movie._.200088&tags=Format.Projection.Digital&perfd=20261027&perft=19:45&code=Version Francaise; 2D,toulouse
A0208,live,2026-10-28,Toulouse,Le Rex,L076,https://www.lerextoulouse.com/fr/programmation/,toulouse
A0209,live,2026-10-28,Toulouse,Le Rex,L076,https://www.lerextoulouse.com/fr/programmation/,toulouse
A0399,live,2026-10-28,Toulouse,Le Rex,L076,https://www.lerextoulouse.com/fr/programmation/calva-louise-et-imparfait/,toulouse
A0462,live,2026-10-29,Toulouse,Le Metronum,L082,https://lemetronum.fr/evenement/gerald-toto-leila-martial-friends/,toulouse
A0323,live,2026-10-30,Toulouse,Halle aux Grains,L070,https://lebikini.com/2026/10/30/cocoon-la-halle-aux-grains,toulouse
A0210,live,2026-10-30,Toulouse,Le Rex,L076,https://www.lerextoulouse.com/fr/programmation/,toulouse
A0400,live,2026-10-30,Toulouse,Le Rex,L076,https://www.lerextoulouse.com/fr/programmation/two-lanes/,toulouse
F0121,film,2026-10-30,Blagnac,CGR Blagnac,L139,"https://relay.mvtx.us/ticketing/dbz?code_theater=P0692&gid_entity=movie.movie._.204925&tags=Localization.Language.French,Showtime.Accessibility.Accessible&perfd=20261030&perft=19:45&code=Accès PMR; VF;",toulouse
A0463,live,2026-10-31,Toulouse,Le Metronum,L082,https://lemetronum.fr/evenement/jubila-par-leila-martial/,toulouse
F0121,film,2026-10-31,Blagnac,CGR Blagnac,L139,"https://relay.mvtx.us/ticketing/dbz?code_theater=P0692&gid_entity=movie.movie._.204925&tags=Localization.Language.French,Showtime.Accessibility.Accessible&perfd=20261031&perft=13:40&code=Accès PMR; VF;",toulouse
A0324,live,2026-10-31,Ramonville-Saint-Agne,Le Kiwi (ARTO),L150,https://kiwiramonville-arto.fr/evenement/grande-fete-mortelle/,toulouse
F0121,film,2026-11-01,Toulouse,UGC Montaudran,L142,"https://relay.mvtx.us/ticketing/dbz?code_theater=W3140&gid_entity=movie.movie._.204925&tags=Showtime.Accessibility.Accessible,Localization.Subtitle.French,Localization.Version.Original,Format.Projection.Digital&perfd=20261101&perft=18:00&code=SME; PMR; 2D; VO; ",toulouse
F0121,film,2026-11-03,Fenouillet,Kinepolis Fenouillet,L140,https://relay.mvtx.us/ticketing/dbz?code_theater=W3115&gid_entity=movie.movie._.204925&tags=Format.Projection.Digital&perfd=20261103&perft=19:45&code=Version Francaise; 2D,toulouse
F0137,film,2026-11-03,Plaisance-du-Touch,Ecran7 Plaisance,L145,"https://relay.mvtx.us/ticketing/dbz?code_theater=P0918&gid_entity=movie.movie._.1000043022&tags=Localization.Version.Original,BoostPos.Autres.Opera,Format.Projection.Digital,Showtime.Accessibility.Accessible&perfd=20261103&perft=19:30",toulouse
A0211,live,2026-11-04,Toulouse,Le Rex,L076,https://www.lerextoulouse.com/fr/programmation/,toulouse
A0401,live,2026-11-04,Toulouse,Le Rex,L076,https://www.lerextoulouse.com/fr/programmation/spider-zed/,toulouse
A0212,live,2026-11-04,Toulouse,Salle Nougaro,L081,https://www.sallenougaro.com/programmation/,toulouse
A0449,live,2026-11-04,Toulouse,Le Metronum,L082,https://lemetronum.fr/evenement/gouter-concert-4-2/,toulouse
A0325,live,2026-11-05,Toulouse,Halle aux Grains,L070,https://www.grandsinterpretes.fr/concerts/chamber-orchestra-of-europe-sir-antonio-pappano-alexandre-kantorow/,toulouse
A0213,live,2026-11-05,Toulouse,Le Rex,L076,https://www.lerextoulouse.com/fr/programmation/,toulouse
A0402,live,2026-11-05,Toulouse,Le Rex,L076,https://www.lerextoulouse.com/fr/programmation/7weeks-et-guest/,toulouse
A0403,live,2026-11-05,Blagnac,Guinguette d’Odyssud,L094,,toulouse
F0153,film,2026-11-05,Toulouse,Pathé Toulouse Wilson,L137,https://s.pathe.fr/en/V3358S190334/booking,toulouse
F0153,film,2026-11-05,Labège,Pathé Toulouse Labège,L138,https://s.pathe.fr/en/V3364S181438/booking,toulouse
F0153,film,2026-11-05,Blagnac,CGR Blagnac,L139,"https://relay.mvtx.us/ticketing/dbz?code_theater=P0692&gid_entity=movie.movie._.1000047396&tags=Localization.Language.French,Showtime.Accessibility.Accessible&perfd=20261105&perft=20:00&code=Accès PMR; VF;",toulouse
A0326,live,2026-11-06,Toulouse,Halle aux Grains,L070,https://onct.toulouse.fr/eva-ollikainen-beatrice-rana-97145/,toulouse
A0378,live,2026-11-06,Toulouse,Auditorium Saint-Pierre des Cuisines,L072,http://conservatoire.toulouse.fr/presentation-de-saison-suivie-du-conte-dhiver-de-w-shakespeare/,toulouse
A0214,live,2026-11-06,Toulouse,Le Rex,L076,https://www.lerextoulouse.com/fr/programmation/,toulouse
A0215,live,2026-11-06,Toulouse,Le Rex,L076,https://www.lerextoulouse.com/fr/programmation/,toulouse
A0216,live,2026-11-06,Toulouse,Le Rex,L076,https://www.lerextoulouse.com/fr/programmation/,toulouse
A0404,live,2026-11-06,Toulouse,Le Rex,L076,https://www.lerextoulouse.com/fr/programmation/the-browning-et-within-destruction-et-abbie-falls/,toulouse
A0405,live,2026-11-06,Blagnac,Guinguette d’Odyssud,L094,,toulouse
A0378,live,2026-11-06,Toulouse,CRR – Espace Varèse,L122,http://conservatoire.toulouse.fr/presentation-de-saison-suivie-du-conte-dhiver-de-w-shakespeare/,toulouse
F0122,film,2026-11-06,Blagnac,CGR Blagnac,L139,"https://relay.mvtx.us/ticketing/dbz?code_theater=P0692&gid_entity=movie.movie._.258080&tags=Localization.Language.French,Showtime.Accessibility.Accessible&perfd=20261106&perft=20:00&code=Accès PMR; VF;",toulouse
A0217,live,2026-11-07,Toulouse,Le Rex,L076,https://www.lerextoulouse.com/fr/programmation/,toulouse
A0406,live,2026-11-07,Toulouse,Le Rex,L076,https://www.lerextoulouse.com/fr/programmation/storm-orchestra/,toulouse
A0405,live,2026-11-07,Blagnac,Guinguette d’Odyssud,L094,,toulouse
F0122,film,2026-11-07,Blagnac,CGR Blagnac,L139,"https://relay.mvtx.us/ticketing/dbz?code_theater=P0692&gid_entity=movie.movie._.258080&tags=Localization.Language.French,Showtime.Accessibility.Accessible&perfd=20261107&perft=13:30&code=Accès PMR; VF;",toulouse
A0218,live,2026-11-08,Toulouse,Le Rex,L076,https://www.lerextoulouse.com/fr/programmation/,toulouse
A0219,live,2026-11-08,Toulouse,Le Rex,L076,https://www.lerextoulouse.com/fr/programmation/,toulouse
A0220,live,2026-11-08,Toulouse,Le Rex,L076,https://www.lerextoulouse.com/fr/programmation/,toulouse
A0407,live,2026-11-08,Toulouse,Le Rex,L076,https://www.lerextoulouse.com/fr/programmation/master-boot-record-et-fulci-et-arottenbit/,toulouse
F0245,film,2026-11-08,Toulouse,Pathé Toulouse Wilson,L137,https://s.pathe.fr/en/V3358S188462/booking,toulouse
F0245,film,2026-11-08,Labège,Pathé Toulouse Labège,L138,https://s.pathe.fr/en/V3364S180024/booking,toulouse
F0122,film,2026-11-08,Toulouse,UGC Montaudran,L142,"https://relay.mvtx.us/ticketing/dbz?code_theater=W3140&gid_entity=movie.movie._.258080&tags=Showtime.Accessibility.Accessible,Localization.Subtitle.French,Localization.Version.Original,Format.Projection.Digital&perfd=20261108&perft=18:00&code=SME; AUDIO; PMR; 2D; VO; ",toulouse
A0221,live,2026-11-09,Toulouse,Le Rex,L076,https://www.lerextoulouse.com/fr/programmation/,toulouse
A0408,live,2026-11-09,Toulouse,Le Rex,L076,https://www.lerextoulouse.com/fr/programmation/the-vintage-caravan/,toulouse
F0122,film,2026-11-10,Fenouillet,Kinepolis Fenouillet,L140,https://relay.mvtx.us/ticketing/dbz?code_theater=W3115&gid_entity=movie.movie._.258080&tags=Format.Projection.Digital&perfd=20261110&perft=19:30&code=Version Francaise; 2D,toulouse
A0222,live,2026-11-12,Toulouse,Salle Nougaro,L081,https://www.sallenougaro.com/programmation/,toulouse
A0464,live,2026-11-12,Toulouse,Le Metronum,L082,https://lemetronum.fr/evenement/soiree-lalala/,toulouse
A0403,live,2026-11-13,Blagnac,Guinguette d’Odyssud,L094,,toulouse
A0327,live,2026-11-14,Toulouse,Halle aux Grains,L070,https://onct.toulouse.fr/alexander-soddy-stefan-dohr-4964772/,toulouse
A0223,live,2026-11-14,Toulouse,Le Rex,L076,https://www.lerextoulouse.com/fr/programmation/,toulouse
A0409,live,2026-11-14,Toulouse,Le Rex,L076,https://www.lerextoulouse.com/fr/programmation/stanislas/,toulouse
A0403,live,2026-11-14,Blagnac,Guinguette d’Odyssud,L094,,toulouse
A0328,live,2026-11-15,Toulouse,Halle aux Grains,L070,https://www.gdp.fr/fr/acheter/billets-certifies-grand-public-lang-lang-2024-wqy7ut8baw7y/plan,toulouse
A0393,live,2026-11-15,Blagnac,Guinguette d’Odyssud,L094,,toulouse
A0329,live,2026-11-17,Toulouse,Halle aux Grains,L070,https://www.grandsinterpretes.fr/concerts/nikolai-lugansky/,toulouse
A0378,live,2026-11-18,Toulouse,Auditorium Saint-Pierre des Cuisines,L072,http://conservatoire.toulouse.fr/presentation-de-saison-suivie-du-conte-dhiver-de-w-shakespeare/,toulouse
A0224,live,2026-11-18,Toulouse,Salle Nougaro,L081,https://www.sallenougaro.com/programmation/,toulouse
A0378,live,2026-11-18,Toulouse,CRR – Espace Varèse,L122,http://conservatoire.toulouse.fr/presentation-de-saison-suivie-du-conte-dhiver-de-w-shakespeare/,toulouse
A0330,live,2026-11-19,Toulouse,Halle aux Grains,L070,https://onct.toulouse.fr/concert-etudiants-1638965/,toulouse
A0225,live,2026-11-19,Toulouse,Le Rex,L076,https://www.lerextoulouse.com/fr/programmation/,toulouse
A0410,live,2026-11-19,Toulouse,Le Rex,L076,https://www.lerextoulouse.com/fr/programmation/roadrunners-never-say-never-again-/,toulouse
A0465,live,2026-11-20,Toulouse,Le Metronum,L082,https://lemetronum.fr/evenement/kamelot-exit-eden-temperance/,toulouse
A0411,live,2026-11-20,Blagnac,Guinguette d’Odyssud,L094,,toulouse
A0226,live,2026-11-21,Toulouse,Le Rex,L076,https://www.lerextoulouse.com/fr/programmation/,toulouse
A0412,live,2026-11-21,Toulouse,Le Rex,L076,https://www.lerextoulouse.com/fr/programmation/63og/,toulouse
A0466,live,2026-11-21,Toulouse,Le Metronum,L082,https://lemetronum.fr/evenement/kalika/,toulouse
A0331,live,2026-11-22,Toulouse,Halle aux Grains,L070,https://www.odyssud.com/spectacles/musiques/legrand-enchanteur-tout-public,toulouse
A0227,live,2026-11-22,Toulouse,Le Rex,L076,https://www.lerextoulouse.com/fr/programmation/,toulouse
A0413,live,2026-11-22,Toulouse,Le Rex,L076,https://www.lerextoulouse.com/fr/programmation/spike-and-the-gimme-gimmes/,toulouse
A0388,live,2026-11-22,Blagnac,Guinguette d’Odyssud,L094,,toulouse
A0332,live,2026-11-26,Toulouse,Halle aux Grains,L070,https://onct.toulouse.fr/jean-francois-zygel-met-en-musique-le-canal-du-midi-4354691/,toulouse
A0378,live,2026-11-26,Toulouse,Auditorium Saint-Pierre des Cuisines,L072,http://conservatoire.toulouse.fr/presentation-de-saison-suivie-du-conte-dhiver-de-w-shakespeare/,toulouse
A0228,live,2026-11-26,Toulouse,Le Rex,L076,https://www.lerextoulouse.com/fr/programmation/,toulouse
A0414,live,2026-11-26,Toulouse,Le Rex,L076,https://www.lerextoulouse.com/fr/programmation/colours-in-the-street/,toulouse
A0229,live,2026-11-26,Toulouse,Salle Nougaro,L081,https://www.sallenougaro.com/programmation/,toulouse
A0378,live,2026-11-26,Toulouse,CRR – Espace Varèse,L122,http://conservatoire.toulouse.fr/presentation-de-saison-suivie-du-conte-dhiver-de-w-shakespeare/,toulouse
A0230,live,2026-11-27,Toulouse,Le Rex,L076,https://www.lerextoulouse.com/fr/programmation/,toulouse
A0231,live,2026-11-27,Toulouse,Le Rex,L076,https://www.lerextoulouse.com/fr/programmation/,toulouse
A0415,live,2026-11-27,Toulouse,Le Rex,L076,https://www.lerextoulouse.com/fr/programmation/imperial-triumphant-et-knoll/,toulouse
A0467,live,2026-11-27,Toulouse,Le Metronum,L082,https://lemetronum.fr/evenement/emma/,toulouse
A0403,live,2026-11-27,Blagnac,Guinguette d’Odyssud,L094,,toulouse
A0378,live,2026-11-28,Toulouse,Auditorium Saint-Pierre des Cuisines,L072,http://conservatoire.toulouse.fr/presentation-de-saison-suivie-du-conte-dhiver-de-w-shakespeare/,toulouse
A0232,live,2026-11-28,Toulouse,Le Rex,L076,https://www.lerextoulouse.com/fr/programmation/,toulouse
A0416,live,2026-11-28,Toulouse,Le Rex,L076,https://www.lerextoulouse.com/fr/programmation/dinaa/,toulouse
A0468,live,2026-11-28,Toulouse,Le Metronum,L082,https://lemetronum.fr/evenement/ibeyi/,toulouse
A0403,live,2026-11-28,Blagnac,Guinguette d’Odyssud,L094,,toulouse
A0393,live,2026-11-28,Blagnac,Guinguette d’Odyssud,L094,,toulouse
A0378,live,2026-11-28,Toulouse,CRR – Espace Varèse,L122,http://conservatoire.toulouse.fr/presentation-de-saison-suivie-du-conte-dhiver-de-w-shakespeare/,toulouse
A0378,live,2026-11-29,Toulouse,Auditorium Saint-Pierre des Cuisines,L072,http://conservatoire.toulouse.fr/presentation-de-saison-suivie-du-conte-dhiver-de-w-shakespeare/,toulouse
A0378,live,2026-11-29,Toulouse,CRR – Espace Varèse,L122,http://conservatoire.toulouse.fr/presentation-de-saison-suivie-du-conte-dhiver-de-w-shakespeare/,toulouse
A0393,live,2026-12-01,Blagnac,Guinguette d’Odyssud,L094,,toulouse
A0233,live,2026-12-02,Toulouse,Le Rex,L076,https://www.lerextoulouse.com/fr/programmation/,toulouse
A0234,live,2026-12-02,Toulouse,Le Rex,L076,https://www.lerextoulouse.com/fr/programmation/,toulouse
A0235,live,2026-12-02,Toulouse,Le Rex,L076,https://www.lerextoulouse.com/fr/programmation/,toulouse
A0333,live,2026-12-03,Toulouse,Halle aux Grains,L070,https://onct.toulouse.fr/lets-swing-again-8806982/,toulouse
A0378,live,2026-12-03,Toulouse,Auditorium Saint-Pierre des Cuisines,L072,http://conservatoire.toulouse.fr/presentation-de-saison-suivie-du-conte-dhiver-de-w-shakespeare/,toulouse
A0236,live,2026-12-03,Toulouse,Le Rex,L076,https://www.lerextoulouse.com/fr/programmation/,toulouse
A0237,live,2026-12-03,Toulouse,Le Rex,L076,https://www.lerextoulouse.com/fr/programmation/,toulouse
A0378,live,2026-12-03,Toulouse,CRR – Espace Varèse,L122,http://conservatoire.toulouse.fr/presentation-de-saison-suivie-du-conte-dhiver-de-w-shakespeare/,toulouse
A0333,live,2026-12-04,Toulouse,Halle aux Grains,L070,https://onct.toulouse.fr/lets-swing-again-8806982/,toulouse
A0378,live,2026-12-04,Toulouse,Auditorium Saint-Pierre des Cuisines,L072,http://conservatoire.toulouse.fr/presentation-de-saison-suivie-du-conte-dhiver-de-w-shakespeare/,toulouse
A0238,live,2026-12-04,Toulouse,Le Rex,L076,https://www.lerextoulouse.com/fr/programmation/,toulouse
A0378,live,2026-12-04,Toulouse,CRR – Espace Varèse,L122,http://conservatoire.toulouse.fr/presentation-de-saison-suivie-du-conte-dhiver-de-w-shakespeare/,toulouse
A0334,live,2026-12-05,Toulouse,Halle aux Grains,L070,https://www.grandsinterpretes.fr/concerts/philippe-jaroussky-ensemble-artaserse/,toulouse
A0239,live,2026-12-05,Toulouse,Le Rex,L076,https://www.lerextoulouse.com/fr/programmation/,toulouse
A0335,live,2026-12-06,Toulouse,Halle aux Grains,L070,https://onct.toulouse.fr/noel-avec-britten-2716898/,toulouse
A0403,live,2026-12-07,Blagnac,Guinguette d’Odyssud,L094,,toulouse
A0336,live,2026-12-08,Toulouse,Halle aux Grains,L070,https://www.grandsinterpretes.fr/concerts/choeur-accentus-insula-orchestra-laurence-equilbey/,toulouse
A0378,live,2026-12-09,Toulouse,Auditorium Saint-Pierre des Cuisines,L072,http://conservatoire.toulouse.fr/presentation-de-saison-suivie-du-conte-dhiver-de-w-shakespeare/,toulouse
A0403,live,2026-12-09,Blagnac,Guinguette d’Odyssud,L094,,toulouse
A0378,live,2026-12-09,Toulouse,CRR – Espace Varèse,L122,http://conservatoire.toulouse.fr/presentation-de-saison-suivie-du-conte-dhiver-de-w-shakespeare/,toulouse
A0337,live,2026-12-10,Toulouse,Halle aux Grains,L070,https://onct.toulouse.fr/la-halle-aux-grains/programmation-halle-aux-grains/,toulouse
A0378,live,2026-12-10,Toulouse,Auditorium Saint-Pierre des Cuisines,L072,http://conservatoire.toulouse.fr/presentation-de-saison-suivie-du-conte-dhiver-de-w-shakespeare/,toulouse
A0378,live,2026-12-10,Toulouse,CRR – Espace Varèse,L122,http://conservatoire.toulouse.fr/presentation-de-saison-suivie-du-conte-dhiver-de-w-shakespeare/,toulouse
A0378,live,2026-12-11,Toulouse,Auditorium Saint-Pierre des Cuisines,L072,http://conservatoire.toulouse.fr/presentation-de-saison-suivie-du-conte-dhiver-de-w-shakespeare/,toulouse
A0240,live,2026-12-11,Toulouse,Le Rex,L076,https://www.lerextoulouse.com/fr/programmation/,toulouse
A0241,live,2026-12-11,Toulouse,Le Rex,L076,https://www.lerextoulouse.com/fr/programmation/,toulouse
A0417,live,2026-12-11,Blagnac,Guinguette d’Odyssud,L094,,toulouse
A0378,live,2026-12-11,Toulouse,CRR – Espace Varèse,L122,http://conservatoire.toulouse.fr/presentation-de-saison-suivie-du-conte-dhiver-de-w-shakespeare/,toulouse
A0338,live,2026-12-12,Toulouse,Halle aux Grains,L070,https://onct.toulouse.fr/happy-hour-avec-le-violon-6869851/,toulouse
A0378,live,2026-12-12,Toulouse,Auditorium Saint-Pierre des Cuisines,L072,http://conservatoire.toulouse.fr/presentation-de-saison-suivie-du-conte-dhiver-de-w-shakespeare/,toulouse
A0242,live,2026-12-12,Toulouse,Le Rex,L076,https://www.lerextoulouse.com/fr/programmation/,toulouse
A0243,live,2026-12-12,Toulouse,Le Rex,L076,https://www.lerextoulouse.com/fr/programmation/,toulouse
A0417,live,2026-12-12,Blagnac,Guinguette d’Odyssud,L094,,toulouse
A0378,live,2026-12-12,Toulouse,CRR – Espace Varèse,L122,http://conservatoire.toulouse.fr/presentation-de-saison-suivie-du-conte-dhiver-de-w-shakespeare/,toulouse
A0339,live,2026-12-17,Toulouse,Halle aux Grains,L070,https://onct.toulouse.fr/barbara-hannigan-bertrand-chamayou-9702167/,toulouse
A0403,live,2026-12-18,Blagnac,Guinguette d’Odyssud,L094,,toulouse
A0244,live,2026-12-19,Toulouse,Le Rex,L076,https://www.lerextoulouse.com/fr/programmation/,toulouse
A0259,live,2027-01-14,Toulouse,Le Rex,L076,https://www.lerextoulouse.com/fr/programmation/,toulouse
A0418,live,2027-01-14,Toulouse,Le Rex,L076,https://www.lerextoulouse.com/fr/programmation/juste-shani/,toulouse
A0245,live,2027-01-29,Toulouse,Le Rex,L076,https://www.lerextoulouse.com/fr/programmation/,toulouse
A0419,live,2027-01-29,Toulouse,Le Rex,L076,https://www.lerextoulouse.com/fr/programmation/tonique-et-man/,toulouse
A0246,live,2027-02-09,Toulouse,Le Rex,L076,https://www.lerextoulouse.com/fr/programmation/,toulouse
A0247,live,2027-02-11,Toulouse,Le Rex,L076,https://www.lerextoulouse.com/fr/programmation/,toulouse
A0248,live,2027-02-11,Toulouse,Le Rex,L076,https://www.lerextoulouse.com/fr/programmation/,toulouse
A0249,live,2027-02-11,Toulouse,Le Rex,L076,https://www.lerextoulouse.com/fr/programmation/,toulouse
A0250,live,2027-02-11,Toulouse,Le Rex,L076,https://www.lerextoulouse.com/fr/programmation/,toulouse
A0251,live,2027-02-11,Toulouse,Le Rex,L076,https://www.lerextoulouse.com/fr/programmation/,toulouse
A0252,live,2027-02-13,Toulouse,Le Rex,L076,https://www.lerextoulouse.com/fr/programmation/,toulouse
A0253,live,2027-02-19,Toulouse,Le Rex,L076,https://www.lerextoulouse.com/fr/programmation/,toulouse
A0220,live,2025-10-02,Toulouse,Le Bikini,L083,https://mbrserver.com/TOUR/,toulouse
A0220,live,2026-11-05,Lyon,Ô Totem Live,,https://mbrserver.com/TOUR/,tournee
