entity_id,kind,nom,source_table,source_id,url_officielle,url_artiste_officielle,date_premiere_tls,date_derniere_tls,n_seances_tls,lieux_ids,dates_tournee
F0001,film,Spider-Man: Brand New Day,films,F0001,"https://relay.mvtx.us/ticketing/dbz?code_theater=P0692&gid_entity=movie.movie._.276608&tags=Localization.Language.French,Showtime.Accessibility.Accessible,Auditorium.Experience.Ice,Auditorium.Experience.DolbyAtmos&perfd=20260824&perft=17:45&code=Accès PMR; Dolby Atmos; ICE; VF;",,2026-08-24,2026-09-22,662,L137|L138|L139|L140|L142|L143|L144|L145|L146|L147|L148,
F0002,film,L'Odyssée,films,F0002,https://toulouse.cinemas-utopia.org/film/?id=13767,,2026-08-24,2026-09-28,531,L125|L126|L137|L138|L139|L140|L141|L142|L143|L144|L145|L146|L147|L148,
F0003,film,The Dog Stars,films,F0003,"https://relay.mvtx.us/ticketing/dbz?code_theater=P0692&gid_entity=movie.movie._.1000014969&tags=Localization.Language.French,Showtime.Accessibility.Accessible&perfd=20260826&perft=10:45&code=Accès PMR; VF;",,2026-08-26,2026-09-22,457,L137|L138|L139|L140|L142|L144|L145|L147,
F0004,film,Tombé du ciel,films,F0004,"https://relay.mvtx.us/ticketing/dbz?code_theater=P0692&gid_entity=movie.movie._.1000032856&tags=Localization.Language.French,Showtime.Accessibility.Accessible&perfd=20260824&perft=18:10&code=Accès PMR; VF;",,2026-08-24,2026-09-15,447,L137|L138|L139|L140|L142|L144|L145|L146|L147|L148,
F0005,film,Fjord,films,F0005,https://toulouse.cinemas-utopia.org/film/?id=13457,,2026-08-24,2026-09-29,390,L125|L126|L127|L128|L137|L142|L143|L144|L145|L146|L147,
F0006,film,La fin d’Oak Street,films,F0006,"https://relay.mvtx.us/ticketing/dbz?code_theater=P0692&gid_entity=movie.movie._.314503&tags=Localization.Language.French,Showtime.Accessibility.Accessible&perfd=20260824&perft=18:00&code=Accès PMR; VF;",,2026-08-24,2026-09-29,347,L125|L137|L138|L139|L140|L142|L144|L145|L146|L147|L148,
F0007,film,Tad l'explorateur et la lampe magique,films,F0007,"https://relay.mvtx.us/ticketing/dbz?code_theater=P0692&gid_entity=movie.movie._.257425&tags=Localization.Language.French,Showtime.Accessibility.Accessible&perfd=20260826&perft=10:45&code=Accès PMR; VF;",,2026-08-26,2026-09-20,223,L137|L138|L139|L140|L142|L144|L145|L147|L148,
F0008,film,Insidious : l'invasion du lointain,films,F0008,"https://relay.mvtx.us/ticketing/dbz?code_theater=P0692&gid_entity=movie.movie._.1000016503&tags=Localization.Language.French,Showtime.Accessibility.Accessible&perfd=20260824&perft=17:45&code=Accès PMR; VF;",,2026-08-24,2026-09-08,201,L137|L138|L139|L140|L144|L147,
F0009,film,La Pat' Patrouille : Le film mission Dino,films,F0009,"https://relay.mvtx.us/ticketing/dbz?code_theater=P0692&gid_entity=movie.movie._.320681&tags=Localization.Language.French,Showtime.Accessibility.Accessible&perfd=20260824&perft=17:50&code=Accès PMR; VF;",,2026-08-24,2026-09-20,201,L137|L138|L139|L140|L142|L143|L144|L145|L146|L147|L148,
F0010,film,De la Comédie-Française,films,F0010,https://toulouse.cinemas-utopia.org/film/?id=13449,,2026-08-24,2026-09-29,175,L125|L126|L128|L137|L138|L139|L142|L143|L144|L145|L146|L147|L148,
F0011,film,Mutiny,films,F0011,"https://relay.mvtx.us/ticketing/dbz?code_theater=P0692&gid_entity=movie.movie._.1000002942&tags=Localization.Language.French,Showtime.Accessibility.Accessible&perfd=20260824&perft=18:10&code=Accès PMR; VF;",,2026-08-24,2026-09-22,170,L138|L139|L140|L144|L145|L146|L147|L148,
F0012,film,L'Inconnue,films,F0012,https://toulouse.cinemas-utopia.org/film/?id=13805,,2026-08-26,2026-10-01,167,L125|L126|L127|L128|L137|L143|L145,
F0013,film,Soudain,films,F0013,https://toulouse.cinemas-utopia.org/film/?id=13459,,2026-08-24,2026-09-29,156,L125|L126|L128|L137|L141|L143|L144|L145|L146|L147|L148,
F0014,film,Oklahoma Honey,films,F0014,"https://relay.mvtx.us/ticketing/dbz?code_theater=P0692&gid_entity=movie.movie._.316021&tags=Localization.Language.French,Showtime.Accessibility.Accessible&perfd=20260824&perft=19:50&code=Accès PMR; VF;",,2026-08-24,2026-09-22,129,L137|L139|L144|L145|L146|L147|L148,
F0015,film,La Bataille de Gaulle - Partie 2 : J’écris ton nom,films,F0015,"https://relay.mvtx.us/ticketing/dbz?code_theater=W3161&gid_entity=movie.movie._.294281&tags=Localization.Language.French,Format.Projection.Digital&perfd=20260824&perft=15:30",,2026-08-24,2026-09-27,119,L126|L137|L138|L139|L140|L143|L144|L145|L146|L147,
F0016,film,Toy Story 5,films,F0016,"https://relay.mvtx.us/ticketing/dbz?code_theater=P0692&gid_entity=movie.movie._.313256&tags=Localization.Language.French,Showtime.Accessibility.Accessible&perfd=20260824&perft=17:45&code=Accès PMR; VF;",,2026-08-24,2026-09-08,119,L137|L138|L139|L140|L142|L144|L145|L147,
F0017,film,"Vaiana, la légende du bout du monde",films,F0017,"https://relay.mvtx.us/ticketing/dbz?code_theater=P0692&gid_entity=movie.movie._.314942&tags=Localization.Language.French,Showtime.Accessibility.Accessible&perfd=20260824&perft=17:40&code=Accès PMR; VF;",,2026-08-24,2026-09-20,114,L137|L138|L139|L140|L143|L144|L145|L147,
F0018,film,La Vie d'une femme,films,F0018,"https://relay.mvtx.us/ticketing/dbz?code_theater=W3140&gid_entity=movie.movie._.327941&tags=Showtime.Accessibility.Accessible,Localization.Version.French,Format.Projection.Digital&perfd=20260908&perft=20:30&code=PMR; 2D; Aime et Decouvre; VF; ",,2026-09-08,2026-09-29,84,L125|L126|L141|L142,
F0019,film,Bombonera,films,F0019,"https://relay.mvtx.us/ticketing/dbz?code_theater=P0692&gid_entity=movie.movie._.321617&tags=Localization.Language.French,Showtime.Accessibility.Accessible&perfd=20260826&perft=13:30&code=Accès PMR; VF;",,2026-08-26,2026-09-14,80,L138|L139|L148,
F0020,film,La Bataille de Gaulle - partie 1 : L'Âge de Fer,films,F0020,"https://relay.mvtx.us/ticketing/dbz?code_theater=P0692&gid_entity=movie.movie._.294280&tags=Localization.Language.French,Showtime.Accessibility.Accessible&perfd=20260824&perft=17:00&code=Accès PMR; VF;",,2026-08-24,2026-09-26,78,L126|L137|L138|L139|L140|L143|L144|L145|L146|L147,
F0021,film,La Nirvana,films,F0021,"https://relay.mvtx.us/ticketing/dbz?code_theater=P0692&gid_entity=movie.movie._.1000033718&tags=Localization.Language.French,Showtime.Accessibility.Accessible&perfd=20260824&perft=17:45&code=Accès PMR; VF;",,2026-08-24,2026-09-14,77,L138|L139|L140|L148,
F0022,film,La dernière patiente,films,F0022,https://toulouse.cinemas-utopia.org/film/?id=13949,,2026-09-02,2026-10-02,77,L126|L127|L128|L137,
F0023,film,Trois adieux,films,F0023,"https://relay.mvtx.us/ticketing/dbz?code_theater=P0235&gid_entity=movie.movie._.1000019852&tags=Localization.Version.Original,Format.Projection.Digital&perfd=20260825&perft=20:30&code=;;VO;;;1",,2026-08-25,2026-10-13,74,L126|L128|L137|L141,
F0024,film,Des Minions et des monstres,films,F0024,"https://relay.mvtx.us/ticketing/dbz?code_theater=W3140&gid_entity=movie.movie._.315380&tags=Showtime.Accessibility.Accessible,Localization.Version.French,Format.Projection.Digital&perfd=20260824&perft=13:30&code=SME; AUDIO; GRETA; apd06a; PMR; 2D; VF; ",,2026-08-24,2026-09-13,66,L137|L138|L139|L140|L142|L144|L145|L147,
F0025,film,Salvation,films,F0025,"https://relay.mvtx.us/ticketing/dbz?code_theater=P0071&gid_entity=movie.movie._.1000022260&tags=Showtime.Accessibility.Subtitled,Localization.Version.Original,Showtime.Accessibility.Accessible,Showtime.Event.Preview,Showtime.Event.Headline,Format.Projection.Digital&perfd=20260827&perft=20:45&code=VO; SUBTITLE; DISABLED ACCESS; PREVIEW; HEADLINE",,2026-08-27,2026-10-01,57,L125|L126|L127|L128|L148,
F0026,film,Un grand raccourci,films,F0026,"https://relay.mvtx.us/ticketing/dbz?code_theater=P0071&gid_entity=movie.movie._.1000041528&tags=Localization.Language.French,Showtime.Accessibility.Accessible,Format.Projection.Digital&perfd=20260824&perft=18:50&code=VF; DISABLED ACCESS",,2026-08-24,2026-09-26,54,L125|L127|L128|L144|L146|L147|L148,
F0027,film,Decorado,films,F0027,https://toulouse.cinemas-utopia.org/film/?id=13806,,2026-08-26,2026-10-13,52,L125|L126|L128|L141,
F0028,film,Dégel,films,F0028,https://toulouse.cinemas-utopia.org/film/?id=13804,,2026-08-26,2026-10-02,49,L126|L128|L141|L143,
F0029,film,Les Gendarmes,films,F0029,"https://relay.mvtx.us/ticketing/dbz?code_theater=P0692&gid_entity=movie.movie._.1000022546&tags=Localization.Language.French,Showtime.Accessibility.Accessible&perfd=20260824&perft=17:40&code=Accès PMR; VF;",,2026-08-24,2026-09-07,47,L138|L139|L140|L144|L145|L146|L147|L148,
F0030,film,Juste pour une nuit,films,F0030,"https://relay.mvtx.us/ticketing/dbz?code_theater=P0692&gid_entity=movie.movie._.1000019899&tags=Localization.Language.French,Showtime.Accessibility.Accessible&perfd=20260824&perft=17:50&code=Accès PMR; VF;",,2026-08-24,2026-09-15,40,L138|L139|L140|L142|L144|L147|L148,
F0031,film,La Frappe,films,F0031,https://s.pathe.fr/en/V3358S196803/booking,,2026-09-02,2026-10-01,40,L128|L137|L141,
F0032,film,Avengers : Endgame Extended,films,F0032,"https://relay.mvtx.us/ticketing/dbz?code_theater=P0692&gid_entity=movie.movie._.1000051238&tags=Localization.Language.French,Showtime.Accessibility.Accessible,Auditorium.Experience.Ice,Format.Projection.3d&perfd=20260923&perft=10:30&code=3D; Accès PMR; ICE; VF;",,2026-09-23,2026-09-29,39,L139|L140|L142,
F0033,film,Des Fleurs pour Tokyo,films,F0033,"https://relay.mvtx.us/ticketing/dbz?code_theater=P0071&gid_entity=movie.movie._.1000023007&tags=Showtime.Accessibility.Subtitled,Localization.Version.Original,Showtime.Accessibility.Accessible,Format.Projection.Digital&perfd=20260825&perft=16:45&code=VO; SUBTITLE; DISABLED ACCESS",,2026-08-25,2026-09-22,34,L125|L127|L128|L144|L145|L146|L148,
F0034,film,La bataille de Gaulle – J’écris ton nom,films,F0034,https://toulouse.cinemas-utopia.org/film/?id=13462,,2026-08-24,2026-09-29,33,L125|L126,
F0035,film,Les Matins merveilleux,films,F0035,https://toulouse.cinemas-utopia.org/film/?id=13722,,2026-08-24,2026-09-24,33,L125|L126|L128|L138|L141|L143|L148,
F0036,film,Les Survivants du Che,films,F0036,https://toulouse.cinemas-utopia.org/film/?id=13475,,2026-09-09,2026-09-29,33,L125|L126,
F0037,film,La bataille de Gaulle – L’âge de fer,films,F0037,https://toulouse.cinemas-utopia.org/film/?id=13251,,2026-08-24,2026-09-29,31,L125|L126,
F0038,film,Marius et le Royaume des mers,films,F0038,"https://relay.mvtx.us/ticketing/dbz?code_theater=P0692&gid_entity=movie.movie._.1000022217&tags=Localization.Language.French,Showtime.Accessibility.Accessible&perfd=20260825&perft=10:40&code=Accès PMR; VF;",,2026-08-25,2026-09-13,31,L138|L139|L146|L148,
F0039,film,The Good Sister,films,F0039,https://toulouse.cinemas-utopia.org/film/?id=13809,,2026-09-02,2026-09-22,31,L126|L141,
F0040,film,Jim Queen,films,F0040,https://toulouse.cinemas-utopia.org/film/?id=13042,,2026-08-24,2026-09-28,29,L125|L126|L128|L137|L141,
F0041,film,Les Héros du Louvre,films,F0041,"https://relay.mvtx.us/ticketing/dbz?code_theater=P0918&gid_entity=movie.movie._.323826&tags=Localization.Language.French,Format.Projection.Digital,Showtime.Accessibility.Accessible&perfd=20260909&perft=16:00",,2026-09-09,2026-09-22,28,L145,
F0042,film,Paradise,films,F0042,"https://relay.mvtx.us/ticketing/dbz?code_theater=P0071&gid_entity=movie.movie._.308394&tags=Showtime.Accessibility.Subtitled,Localization.Version.Original,Showtime.Accessibility.Accessible,Format.Projection.Digital&perfd=20260824&perft=16:20&code=VO; SUBTITLE; DISABLED ACCESS",,2026-08-24,2026-09-27,28,L127|L128|L145|L148,
F0043,film,Histoires De La Nuit,films,F0043,"https://relay.mvtx.us/ticketing/dbz?code_theater=W3140&gid_entity=movie.movie._.324014&tags=Showtime.Accessibility.Accessible,Localization.Version.French,Format.Projection.Digital&perfd=20260915&perft=20:30&code=PMR; 2D; Aime et Decouvre; VF; ",,2026-09-15,2026-09-29,27,L126|L142,
F0044,film,La bataille de Gaulle – J...,films,F0044,https://toulouse.cinemas-utopia.org/film?id=13462,,2026-08-28,2026-09-24,26,L125|L126,
F0045,film,Si tu penses bien,films,F0045,https://toulouse.cinemas-utopia.org/film/?id=13956,,2026-09-16,2026-09-29,26,L126,
F0046,film,La bataille de Gaulle – L...,films,F0046,https://toulouse.cinemas-utopia.org/film?id=13251,,2026-08-27,2026-09-26,25,L125|L126,
F0047,film,Rose,films,F0047,https://toulouse.cinemas-utopia.org/film/?id=13952,,2026-09-09,2026-09-29,24,L125|L126,
F0048,film,L'Invitation,films,F0048,https://s.pathe.fr/en/V3358S194904/booking,,2026-09-12,2026-09-29,23,L126|L137,
F0049,film,La Fille Condor,films,F0049,https://toulouse.cinemas-utopia.org/film/?id=13765,,2026-08-24,2026-09-08,23,L125|L126,
F0050,film,Une affaire turque,films,F0050,"https://relay.mvtx.us/ticketing/dbz?code_theater=P0071&gid_entity=movie.movie._.1000034332&tags=Showtime.Accessibility.Subtitled,Localization.Version.Original,Showtime.Accessibility.Accessible,Format.Projection.Digital&perfd=20260824&perft=20:45&code=VO; SUBTITLE; DISABLED ACCESS",,2026-08-24,2026-09-08,23,L127|L144|L148,
F0051,film,Le Triangle d'or,films,F0051,"https://relay.mvtx.us/ticketing/dbz?code_theater=P2235&gid_entity=movie.movie._.1000031160&tags=Localization.Language.French,Format.Projection.Digital&perfd=20260824&perft=20:15&code=VF",,2026-08-24,2026-09-14,22,L125|L126|L128|L138|L148,
F0052,film,Obsession,films,F0052,"https://relay.mvtx.us/ticketing/dbz?code_theater=W3140&gid_entity=movie.movie._.1000028234&tags=Showtime.Accessibility.Accessible,Localization.Subtitle.French,Localization.Version.Original,Format.Projection.Digital&perfd=20260824&perft=22:00&code=PMR; 2D; VO; ",,2026-08-24,2026-09-08,22,L137|L138|L139|L142,
F0053,film,The Last Viking,films,F0053,"https://relay.mvtx.us/ticketing/dbz?code_theater=P0071&gid_entity=movie.movie._.316460&tags=Showtime.Accessibility.Subtitled,Localization.Version.Original,Showtime.Accessibility.Accessible,Format.Projection.Digital&perfd=20260824&perft=20:40&code=VO; SUBTITLE; DISABLED ACCESS",,2026-08-24,2026-09-22,22,L127|L128|L143|L145|L148,
F0054,film,Harry Potter à l'école des sorciers,films,F0054,"https://relay.mvtx.us/ticketing/dbz?code_theater=P0692&gid_entity=movie.movie._.29276&tags=Localization.Language.French,Showtime.Accessibility.Accessible,Format.Projection.4k,Auditorium.Experience.Ice,Auditorium.Experience.DolbyAtmos&perfd=20260826&perft=10:30&code=4K; Accès PMR; Dolby Atmos; ICE; VF;",,2026-08-26,2026-09-01,21,L137|L138|L139|L142,
F0055,film,Ma famille de samouraïs,films,F0055,"https://relay.mvtx.us/ticketing/dbz?code_theater=P6864&gid_entity=movie.movie._.1000023495&tags=Localization.Language.French,Showtime.Accessibility.Dubbed,Format.Projection.Digital&perfd=20260827&perft=14:30",,2026-08-27,2026-09-27,21,L125|L126|L141|L144,
F0056,film,Sous le ciel de Kyoto,films,F0056,https://toulouse.cinemas-utopia.org/film/?id=13551,,2026-08-26,2026-09-14,20,L125|L128|L144,
F0057,film,Garance,films,F0057,"https://relay.mvtx.us/ticketing/dbz?code_theater=W3140&gid_entity=movie.movie._.1000026039&tags=Showtime.Accessibility.Accessible,Localization.Version.French,Format.Projection.Digital&perfd=20260909&perft=20:30&code=PMR; 2D; Aime et Decouvre; VF; ",,2026-09-09,2026-09-29,19,L126|L137|L138|L141|L142|L147,
F0058,film,Face à la mer,films,F0058,"https://relay.mvtx.us/ticketing/dbz?code_theater=P0071&gid_entity=movie.movie._.1000032278&tags=Showtime.Accessibility.Subtitled,Localization.Version.Original,Showtime.Accessibility.Accessible,Format.Projection.Digital&perfd=20260826&perft=13:45&code=VO; SUBTITLE; DISABLED ACCESS",,2026-08-26,2026-09-08,18,L127,
F0059,film,Fini de rire ! L'humour politique au garde-à-vous ?,films,F0059,https://toulouse.cinemas-utopia.org/film/?id=13931,,2026-09-18,2026-09-29,18,L125|L126,
F0060,film,Avengers: Endgame,films,F0060,"https://relay.mvtx.us/ticketing/dbz?code_theater=W3115&gid_entity=movie.movie._.232669&tags=Auditorium.Experience.ScreenX,Format.Projection.Digital&perfd=20260923&perft=19:40&code=Version Francaise; Screen X 2D",,2026-09-23,2026-09-27,17,L137|L138|L140|L142,
F0061,film,Cotton Queen,films,F0061,"https://relay.mvtx.us/ticketing/dbz?code_theater=P0071&gid_entity=movie.movie._.305836&tags=Showtime.Accessibility.Subtitled,Localization.Version.Original,Showtime.Accessibility.Accessible,Format.Projection.Digital&perfd=20260825&perft=12:50&code=VO; SUBTITLE; DISABLED ACCESS",,2026-08-25,2026-09-26,17,L127|L128|L145|L148,
F0062,film,Chicas tristes,films,F0062,"https://relay.mvtx.us/ticketing/dbz?code_theater=P0235&gid_entity=movie.movie._.1000029301&tags=Localization.Version.Original,Format.Projection.Digital&perfd=20260824&perft=14:10&code=;;VO;;;1",,2026-08-24,2026-09-27,16,L128|L141|L143|L148,
F0063,film,La Providence et la Guitare,films,F0063,"https://relay.mvtx.us/ticketing/dbz?code_theater=P0235&gid_entity=movie.movie._.1000037432&tags=Localization.Version.Original,Format.Projection.Digital&perfd=20260824&perft=14:20&code=;;VO;;;1",,2026-08-24,2026-10-11,16,L128|L141,
F0064,film,Terminator 2 : le Jugement Dernier,films,F0064,https://s.pathe.fr/en/V3364S188823/booking,,2026-09-02,2026-09-08,16,L137|L138,
F0065,film,Entre ciel et terre,films,F0065,https://toulouse.cinemas-utopia.org/film/?id=13430,,2026-08-26,2026-09-12,15,L125|L128|L145|L147,
F0066,film,Raison et sentiments,films,F0066,https://relay.mvtx.us/ticketing/dbz?code_theater=W3115&gid_entity=movie.movie._.14083&tags=Format.Projection.Digital&perfd=20260915&perft=20:15&code=Version Originale; Sous-titres : Francais; 2D,,2026-09-15,2026-09-29,15,L126|L140,
F0067,film,"Kayara, princesse Inca",films,F0067,https://toulouse.cinemas-utopia.org/film/?id=13760,,2026-08-24,2026-09-13,14,L126|L143,
F0068,film,Les Hommes du Président,films,F0068,https://toulouse.cinemas-utopia.org/film/?id=14060,,2026-09-09,2026-09-29,14,L125,
F0069,film,"Notre histoire, chroniques du Caire",films,F0069,https://toulouse.cinemas-utopia.org/film/?id=13240,,2026-08-26,2026-09-14,14,L125,
F0070,film,Home stories,films,F0070,"https://relay.mvtx.us/ticketing/dbz?code_theater=P0056&gid_entity=movie.movie._.289867&tags=Localization.Version.Original,Format.Projection.Digital&perfd=20260826&perft=18:00&code=VO",,2026-08-26,2026-09-21,13,L128,
F0071,film,La Chaleur,films,F0071,"https://relay.mvtx.us/ticketing/dbz?code_theater=P0056&gid_entity=movie.movie._.1000025598&tags=Showtime.Accessibility.Subtitled,Localization.Version.Original,Showtime.Accessibility.OpenCaption,Format.Projection.Digital&perfd=20260824&perft=15:55&code=VO; SUBTITLE; SUBTITLE OCAP",,2026-08-24,2026-09-28,13,L128|L143,
F0072,film,"Notre histoire, chroniques du C...",films,F0072,https://toulouse.cinemas-utopia.org/film?id=13240,,2026-08-27,2026-09-14,13,L125,
F0073,film,Cars,films,F0073,"https://relay.mvtx.us/ticketing/dbz?code_theater=P0692&gid_entity=movie.movie._.55774&tags=Localization.Language.French,Showtime.Accessibility.Accessible,Auditorium.Experience.Ice&perfd=20260930&perft=10:45&code=Accès PMR; ICE; VF;",,2026-09-30,2026-10-04,12,L139,
F0074,film,"Gavagai, et autres malentendus",films,F0074,"https://relay.mvtx.us/ticketing/dbz?code_theater=P0056&gid_entity=movie.movie._.282094&tags=Localization.Version.Original,Format.Projection.Digital&perfd=20260827&perft=18:25&code=VO",,2026-08-27,2026-09-21,12,L128,
F0075,film,Wake in Fright,films,F0075,"https://relay.mvtx.us/ticketing/dbz?code_theater=P0071&gid_entity=movie.movie._.6796&tags=Showtime.Accessibility.Subtitled,Localization.Version.Original,Showtime.Accessibility.Accessible,Format.Projection.Digital&perfd=20260824&perft=16:40&code=VO; SUBTITLE; DISABLED ACCESS",,2026-08-24,2026-09-08,12,L127,
F0076,film,Une aube nouvelle,films,F0076,"https://relay.mvtx.us/ticketing/dbz?code_theater=P0692&gid_entity=movie.movie._.1000019382&tags=Showtime.Accessibility.Accessible,Localization.Version.Original,Showtime.Accessibility.Subtitled&perfd=20260824&perft=19:50&code=Accès PMR; VOST;",,2026-08-24,2026-09-08,11,L137|L139|L144,
F0077,film,Girl,films,F0077,"https://relay.mvtx.us/ticketing/dbz?code_theater=P0071&gid_entity=movie.movie._.1000027856&tags=Showtime.Accessibility.Subtitled,Localization.Version.Original,Showtime.Accessibility.Accessible,Format.Projection.Digital&perfd=20260824&perft=18:15&code=VO; SUBTITLE; DISABLED ACCESS",,2026-08-24,2026-09-10,10,L127|L128|L148,
F0078,film,L'Aventure rêvée,films,F0078,"https://relay.mvtx.us/ticketing/dbz?code_theater=P0056&gid_entity=movie.movie._.305835&tags=Localization.Version.Original,Format.Projection.Digital&perfd=20260827&perft=20:05&code=VO",,2026-08-27,2026-09-15,10,L128|L143,
F0079,film,Artus - Le Show XXL au cinéma,films,F0079,"https://relay.mvtx.us/ticketing/dbz?code_theater=P0692&gid_entity=movie.movie._.1000042175&tags=Localization.Language.French,Showtime.Accessibility.Accessible,Auditorium.Experience.DolbyAtmos&perfd=20260924&perft=20:00&code=Accès PMR; Dolby Atmos; VF;",,2026-09-03,2026-09-24,9,L137|L138|L139|L140|L142|L144|L147,
F0080,film,Sur la route d'Omaha,films,F0080,"https://relay.mvtx.us/ticketing/dbz?code_theater=P0918&gid_entity=movie.movie._.1000017192&tags=Localization.Version.Original,Format.Projection.Digital,Showtime.Accessibility.Accessible&perfd=20260824&perft=20:45",,2026-08-24,2026-09-29,9,L128|L138|L143|L145,
F0081,film,Animo rigolo,films,F0081,"https://relay.mvtx.us/ticketing/dbz?code_theater=P0692&gid_entity=movie.movie._.1000016375&tags=Localization.Language.French,Showtime.Accessibility.Accessible&perfd=20260825&perft=10:30&code=Accès PMR; VF;",,2026-08-25,2026-08-30,8,L128|L139|L141|L147,
F0082,film,Dry Leaf,films,F0082,"https://relay.mvtx.us/ticketing/dbz?code_theater=P0056&gid_entity=movie.movie._.325471&tags=Localization.Version.Original,Format.Projection.Digital&perfd=20260831&perft=11:40&code=VO",,2026-08-31,2026-09-18,8,L128,
F0083,film,Fini de rire ! L’humour p...,films,F0083,https://toulouse.cinemas-utopia.org/film?id=13931&src=evnmnt8247,,2026-09-18,2026-09-26,8,L125|L126,
F0084,film,Les baleines bleues : le retour des géants,films,F0084,https://s.pathe.fr/en/V3364S188898/booking,,2026-09-02,2026-09-13,8,L138,
F0085,film,MARATHON HARRY POTTER  25 ANS DE MAGIE,films,F0085,https://www.ugc.fr/cinema-ugc-montaudran.html,,2026-08-29,2026-08-30,8,L142,
F0086,film,Maspalomas,films,F0086,"https://relay.mvtx.us/ticketing/dbz?code_theater=P0881&gid_entity=movie.movie._.1000017160&tags=Showtime.Accessibility.Subtitled,Localization.Version.Original,Showtime.Accessibility.Accessible,Format.Projection.Digital&perfd=20260902&perft=21:00&code=VO; SUBTITLE; DISABLED ACCESS",,2026-09-02,2026-10-13,8,L128|L143,
F0087,film,Harry Potter et la chambre des secrets,films,F0087,"https://relay.mvtx.us/ticketing/dbz?code_theater=W3140&gid_entity=movie.movie._.41245&tags=Showtime.Accessibility.Accessible,Localization.Subtitle.French,Localization.Version.Original,Format.Projection.Digital&perfd=20260829&perft=14:30&code=PMR; 2D; VO; ",,2026-08-27,2026-08-31,7,L137|L138|L142,
F0088,film,I Want Your Sex,films,F0088,"https://relay.mvtx.us/ticketing/dbz?code_theater=P0235&gid_entity=movie.movie._.1000003998&tags=Localization.Version.Original,Format.Projection.Digital&perfd=20260824&perft=20:00&code=;;VO;;;1",,2026-08-24,2026-09-22,7,L128|L141,
F0089,film,L'île des souvenirs,films,F0089,"https://relay.mvtx.us/ticketing/dbz?code_theater=P0692&gid_entity=movie.movie._.296642&tags=Localization.Language.French,Showtime.Accessibility.Accessible,Auditorium.Experience.DolbyAtmos&perfd=20260830&perft=10:45&code=Accès PMR; Dolby Atmos; VF;",,2026-08-30,2026-09-27,7,L138|L139|L140|L142|L144|L145|L147,
F0090,film,Notre salut,films,F0090,https://toulouse.cinemas-utopia.org/film/?id=13456,,2026-08-24,2026-09-10,7,L125|L126|L141|L142,
F0091,film,Chien bleu,films,F0091,https://toulouse.cinemas-utopia.org/film/?id=13962,,2026-09-09,2026-09-20,6,L126,
F0092,film,Chien bleu et autres belles histoires de l'école des loisirs,films,F0092,"https://relay.mvtx.us/ticketing/dbz?code_theater=P3404&gid_entity=movie.movie._.1000041095&tags=Localization.Language.French,Format.Projection.Digital&perfd=20260909&perft=16:15&code=VF",,2026-09-09,2026-09-20,6,L126,
F0093,film,Comète,films,F0093,"https://relay.mvtx.us/ticketing/dbz?code_theater=P0056&gid_entity=movie.movie._.1000043086&tags=Localization.Version.Original,Format.Projection.Digital&perfd=20260824&perft=21:15&code=VO",,2026-08-24,2026-09-01,6,L128|L143,
F0094,film,Harry Potter et la Coupe de Feu,films,F0094,"https://relay.mvtx.us/ticketing/dbz?code_theater=W3140&gid_entity=movie.movie._.53756&tags=Showtime.Accessibility.Accessible,Localization.Subtitle.French,Localization.Version.Original,Format.Projection.Digital&perfd=20260829&perft=21:00&code=PMR; 2D; VO; ",,2026-08-29,2026-08-29,6,L137|L138|L142,
F0095,film,Harry Potter et le Prisonnier d'Azkaban,films,F0095,"https://relay.mvtx.us/ticketing/dbz?code_theater=W3140&gid_entity=movie.movie._.46865&tags=Showtime.Accessibility.Accessible,Localization.Subtitle.French,Localization.Version.Original,Format.Projection.Digital&perfd=20260829&perft=18:00&code=PMR; 2D; VO; ",,2026-08-28,2026-08-29,6,L137|L138|L142,
F0096,film,La Forteresse cachée,films,F0096,https://toulouse.cinemas-utopia.org/film/?id=6729,,2026-08-26,2026-09-15,6,L126|L141,
F0097,film,Lawrence d'Arabie,films,F0097,https://toulouse.cinemas-utopia.org/film/?id=13737,,2026-08-30,2026-09-08,6,L125|L140|L142,
F0098,film,Le Château de l'araignée,films,F0098,"https://relay.mvtx.us/ticketing/dbz?code_theater=P0235&gid_entity=movie.movie._.1581&tags=Localization.Version.Original,Format.Projection.Digital&perfd=20260824&perft=17:50&code=;;VO;;;1",,2026-08-24,2026-09-12,6,L126|L141,
F0099,film,Les Silences de Riyad,films,F0099,"https://relay.mvtx.us/ticketing/dbz?code_theater=P2235&gid_entity=movie.movie._.1000019673&tags=Localization.Language.French,Format.Projection.Digital&perfd=20260828&perft=20:15&code=VF",,2026-08-28,2026-09-21,6,L143|L148,
F0100,film,Visite du Centre de conservation et de recherche de la Cinémathèque de Toulouse – Balma,films,F0100,https://www.lacinemathequedetoulouse.com/programmation/projections/37289,,2026-09-20,2026-09-20,6,L131,
F0101,film,Wake in fright (Réveil dans la terreur),films,F0101,https://abc-toulouse.fr/1262-wake-in-fright-reveil-dans-la-terreur.html,,2026-08-26,2026-09-01,6,L127,
F0102,film,Akira,films,F0102,,,2026-09-04,2026-09-15,5,L137|L138,
F0103,film,Charlie et les kangourous,films,F0103,"https://relay.mvtx.us/ticketing/dbz?code_theater=P0918&gid_entity=movie.movie._.1000003105&tags=Localization.Language.French,Showtime.Accessibility.Dubbed,Format.Projection.Digital,Showtime.Accessibility.Accessible&perfd=20260824&perft=20:45",,2026-08-24,2026-08-25,5,L139|L144|L145|L148,
F0104,film,Fast & Furious,films,F0104,"https://relay.mvtx.us/ticketing/dbz?code_theater=P0692&gid_entity=movie.movie._.29173&tags=Localization.Language.French,Showtime.Accessibility.Accessible&perfd=20260918&perft=22:15&code=Accès PMR; VF;",,2026-09-18,2026-09-22,5,L139|L140|L142,
F0105,film,Harry Potter et les reliques de la mort - partie 1,films,F0105,"https://relay.mvtx.us/ticketing/dbz?code_theater=W3140&gid_entity=movie.movie._.126693&tags=Showtime.Accessibility.Accessible,Localization.Subtitle.French,Localization.Version.Original,Format.Projection.Digital&perfd=20260830&perft=17:30&code=PMR; 2D; VO; ",,2026-08-30,2026-08-31,5,L137|L138|L142,
F0106,film,Harry Potter et les reliques de la mort - partie 2,films,F0106,"https://relay.mvtx.us/ticketing/dbz?code_theater=W3140&gid_entity=movie.movie._.134925&tags=Showtime.Accessibility.Accessible,Localization.Subtitle.French,Localization.Version.Original,Format.Projection.Digital&perfd=20260830&perft=21:00&code=PMR; 2D; VO; ",,2026-08-30,2026-09-01,5,L137|L138|L142,
F0107,film,Le Corset,films,F0107,https://toulouse.cinemas-utopia.org/film/?id=13446,,2026-08-24,2026-09-20,5,L125|L126|L142|L147,
F0108,film,Les Nouvelles aventures de Gros-Pois et Petit-point,films,F0108,https://toulouse.cinemas-utopia.org/film/?id=5548,,2026-08-24,2026-08-30,5,L126|L141|L143|L147,
F0109,film,Oasis: Don't Look Back In Anger,films,F0109,"https://relay.mvtx.us/ticketing/dbz?code_theater=P0692&gid_entity=movie.movie._.1000021803&tags=Showtime.Accessibility.Accessible,Localization.Version.Original,Showtime.Accessibility.Subtitled&perfd=20260911&perft=20:00&code=Accès PMR; VOST;",,2026-09-09,2026-09-11,5,L137|L138|L139|L140|L147,
F0110,film,Patouille et Momo les contes de la forêt,films,F0110,"https://relay.mvtx.us/ticketing/dbz?code_theater=P0692&gid_entity=movie.movie._.1000041813&tags=Localization.Language.French,Showtime.Accessibility.Accessible&perfd=20260826&perft=10:30&code=Accès PMR; VF;",,2026-08-26,2026-09-01,5,L139|L141,
F0111,film,RRR,films,F0111,"https://relay.mvtx.us/ticketing/dbz?code_theater=P0056&gid_entity=movie.movie._.271212&tags=Localization.Version.Original,Format.Projection.Digital&perfd=20260829&perft=19:40&code=VO",,2026-08-29,2026-09-22,5,L128,
F0112,film,Top Gun: Maverick,films,F0112,"https://relay.mvtx.us/ticketing/dbz?code_theater=W3115&gid_entity=movie.movie._.186636&tags=Auditorium.Experience.ScreenX,Format.Projection.Digital&perfd=20260909&perft=14:00&code=Version Francaise; Screen X 2D",,2026-09-09,2026-09-15,5,L140,
F0113,film,Bleach - Le Film 4 : Hell Verse,films,F0113,"https://relay.mvtx.us/ticketing/dbz?code_theater=P0692&gid_entity=movie.movie._.224258&tags=Localization.Language.French,Showtime.Accessibility.Accessible&perfd=20260828&perft=22:30&code=Accès PMR; VF;",,2026-08-28,2026-08-30,4,L137|L138|L139,
F0114,film,Bleach : Fade to Black,films,F0114,"https://relay.mvtx.us/ticketing/dbz?code_theater=P0692&gid_entity=movie.movie._.148223&tags=Localization.Language.French,Showtime.Accessibility.Accessible&perfd=20260828&perft=20:30&code=Accès PMR; VF;",,2026-08-28,2026-08-30,4,L137|L138|L139,
F0115,film,Bleach : Memories of Nobody,films,F0115,"https://relay.mvtx.us/ticketing/dbz?code_theater=P0692&gid_entity=movie.movie._.135076&tags=Localization.Language.French,Showtime.Accessibility.Accessible&perfd=20260828&perft=16:00&code=Accès PMR; VF;",,2026-08-28,2026-08-30,4,L137|L138|L139,
F0116,film,Bleach : The DiamondDust Rebellion,films,F0116,"https://relay.mvtx.us/ticketing/dbz?code_theater=P0692&gid_entity=movie.movie._.147956&tags=Localization.Language.French,Showtime.Accessibility.Accessible&perfd=20260828&perft=18:00&code=Accès PMR; VF;",,2026-08-28,2026-08-30,4,L137|L138|L139,
F0117,film,Gorgonà,films,F0117,"https://relay.mvtx.us/ticketing/dbz?code_theater=P0056&gid_entity=movie.movie._.1000022261&tags=Localization.Version.Original,Format.Projection.Digital&perfd=20260826&perft=13:10&code=VO",,2026-08-26,2026-09-07,4,L128,
F0118,film,Hunger Games,films,F0118,"https://relay.mvtx.us/ticketing/dbz?code_theater=P0692&gid_entity=movie.movie._.145083&tags=Localization.Language.French,Showtime.Accessibility.Accessible&perfd=20261009&perft=19:45&code=Accès PMR; VF;",,2026-10-09,2026-10-13,4,L139|L140|L142,
F0119,film,Hunger Games - L'embrasement,films,F0119,"https://relay.mvtx.us/ticketing/dbz?code_theater=P0692&gid_entity=movie.movie._.196666&tags=Localization.Language.French,Showtime.Accessibility.Accessible&perfd=20261016&perft=19:40&code=Accès PMR; VF;",,2026-10-16,2026-10-20,4,L139|L140|L142,
F0120,film,Hunger Games - La Révolte : Partie 1,films,F0120,"https://relay.mvtx.us/ticketing/dbz?code_theater=P0692&gid_entity=movie.movie._.200088&tags=Localization.Language.French,Showtime.Accessibility.Accessible&perfd=20261023&perft=20:00&code=Accès PMR; VF;",,2026-10-23,2026-10-27,4,L139|L140|L142,
F0121,film,Hunger Games - La Révolte : Partie 2,films,F0121,"https://relay.mvtx.us/ticketing/dbz?code_theater=P0692&gid_entity=movie.movie._.204925&tags=Localization.Language.French,Showtime.Accessibility.Accessible&perfd=20261030&perft=19:45&code=Accès PMR; VF;",,2026-10-30,2026-11-03,4,L139|L140|L142,
F0122,film,Hunger Games: la Ballade du serpent et de l'oiseau chanteur,films,F0122,"https://relay.mvtx.us/ticketing/dbz?code_theater=P0692&gid_entity=movie.movie._.258080&tags=Localization.Language.French,Showtime.Accessibility.Accessible&perfd=20261106&perft=20:00&code=Accès PMR; VF;",,2026-11-06,2026-11-10,4,L139|L140|L142,
F0123,film,La Fille dans les nuages,films,F0123,"https://relay.mvtx.us/ticketing/dbz?code_theater=P6864&gid_entity=movie.movie._.320561&tags=Localization.Language.French,Format.Projection.Digital&perfd=20260824&perft=14:00",,2026-08-24,2026-09-27,4,L143|L144,
F0124,film,La reconquista,films,F0124,"https://relay.mvtx.us/ticketing/dbz?code_theater=P0056&gid_entity=movie.movie._.244490&tags=Localization.Version.Original,Showtime.Event.Headline,Format.Projection.Digital&perfd=20261004&perft=14:15&code=VO; HEADLINE",,2026-10-04,2026-10-24,4,L128,
F0125,film,Lettres d'amour de ma grand-mère,films,F0125,https://s.pathe.fr/en/V3358S196809/booking,,2026-09-02,2026-09-08,4,L137,
F0126,film,Lydia et le vaisseau des tempêtes,films,F0126,"https://relay.mvtx.us/ticketing/dbz?code_theater=P0692&gid_entity=movie.movie._.327754&tags=Localization.Language.French,Showtime.Accessibility.Accessible&perfd=20260825&perft=10:40&code=Accès PMR; VF;",,2026-08-25,2026-09-13,4,L138|L139|L148,
F0127,film,L’Être Aimé,films,F0127,"https://relay.mvtx.us/ticketing/dbz?code_theater=P0056&gid_entity=movie.movie._.325965&tags=Localization.Version.Original,Format.Projection.Digital&perfd=20261003&perft=10:00&code=VO",,2026-10-03,2026-10-11,4,L128,
F0128,film,Pressure,films,F0128,https://relay.mvtx.us/ticketing/dbz?code_theater=W3115&gid_entity=movie.movie._.1000004458&tags=Format.Projection.Digital&perfd=20260909&perft=20:15&code=Version Francaise; 2D,,2026-09-06,2026-09-12,4,L137|L140,
F0129,film,Romería,films,F0129,"https://relay.mvtx.us/ticketing/dbz?code_theater=P0056&gid_entity=movie.movie._.304130&tags=Localization.Version.Original,Format.Projection.Digital&perfd=20261003&perft=20:50&code=VO",,2026-10-03,2026-10-12,4,L128,
F0130,film,Sanjuro,films,F0130,https://toulouse.cinemas-utopia.org/film/?id=2225,,2026-08-27,2026-09-11,4,L126,
F0131,film,Superasticot,films,F0131,,,2026-08-25,2026-08-30,4,L137|L138,
F0132,film,The Holy Boy,films,F0132,https://american-cosmograph.fr/les-horaires.html,,2026-09-02,2026-09-07,4,L141,
F0133,film,Wolfy ! Et les loups en délire,films,F0133,"https://relay.mvtx.us/ticketing/dbz?code_theater=P6864&gid_entity=movie.movie._.284565&tags=Localization.Language.French,Format.Projection.Digital&perfd=20260825&perft=10:00",,2026-08-25,2026-08-31,4,L144,
F0134,film,ANTONIA ET SES FILLES,films,F0134,https://american-cosmograph.fr/antonia-et-ses-filles.html,,2026-09-03,2026-09-07,3,L141,
F0135,film,Bohemian Rhapsody,films,F0135,"https://relay.mvtx.us/ticketing/dbz?code_theater=W3115&gid_entity=movie.movie._.185719&tags=Auditorium.Experience.ScreenX,Format.Projection.Digital&perfd=20260910&perft=20:00&code=Version Francaise; Screen X 2D",,2026-09-10,2026-09-12,3,L140,
F0136,film,Challengers,films,F0136,https://www.lacinemathequedetoulouse.com/programmation/agenda,,2026-08-28,2026-09-13,3,L131|L142,
F0137,film,Così fan tutte (Metropolitan Opera),films,F0137,https://s.pathe.fr/en/V3358S183941/booking,,2026-10-03,2026-11-03,3,L137|L138|L145,
F0138,film,Entroncamento,films,F0138,"https://relay.mvtx.us/ticketing/dbz?code_theater=P0056&gid_entity=movie.movie._.1000022999&tags=Localization.Version.Original,Format.Projection.Digital&perfd=20261007&perft=16:25&code=VO",,2026-10-07,2026-10-12,3,L128,
F0139,film,Fantastique,films,F0139,"https://relay.mvtx.us/ticketing/dbz?code_theater=P0056&gid_entity=movie.movie._.1000035100&tags=Localization.Version.Original,Format.Projection.Digital&perfd=20260909&perft=14:00&code=VO",,2026-09-09,2026-09-30,3,L128,
F0140,film,Hanami,films,F0140,"https://relay.mvtx.us/ticketing/dbz?code_theater=P0056&gid_entity=movie.movie._.1000007567&tags=Localization.Version.Original,Format.Projection.Digital&perfd=20260826&perft=11:25&code=VO",,2026-08-26,2026-08-29,3,L128,
F0141,film,Harry Potter et l'Ordre du Phénix,films,F0141,"https://relay.mvtx.us/ticketing/dbz?code_theater=W3140&gid_entity=movie.movie._.58608&tags=Showtime.Accessibility.Accessible,Localization.Subtitle.French,Localization.Version.Original,Format.Projection.Digital&perfd=20260830&perft=11:00&code=PMR; 2D; VO; ",,2026-08-30,2026-08-30,3,L137|L142,
F0142,film,Harry Potter et le Prince de sang mêlé,films,F0142,"https://relay.mvtx.us/ticketing/dbz?code_theater=W3140&gid_entity=movie.movie._.116305&tags=Showtime.Accessibility.Accessible,Localization.Subtitle.French,Localization.Version.Original,Format.Projection.Digital&perfd=20260830&perft=14:00&code=PMR; 2D; VO; ",,2026-08-30,2026-08-30,3,L137|L142,
F0143,film,In Waves,films,F0143,"https://relay.mvtx.us/ticketing/dbz?code_theater=P0056&gid_entity=movie.movie._.293636&tags=Localization.Version.Original,Format.Projection.Digital&perfd=20260923&perft=14:00&code=VO",,2026-09-23,2026-09-27,3,L128,
F0144,film,Jean-Michel le caribou et les histoires d'amour interdites,films,F0144,"https://relay.mvtx.us/ticketing/dbz?code_theater=P6864&gid_entity=movie.movie._.286853&tags=Localization.Language.French,Format.Projection.Digital&perfd=20260824&perft=10:00",,2026-08-24,2026-08-28,3,L144,
F0145,film,Karma,films,F0145,https://s.pathe.fr/en/V3358S194902/booking,,2026-09-10,2026-09-11,3,L137|L138|L142,
F0146,film,"Kyma, l’onde mystérieuse",films,F0146,"https://relay.mvtx.us/ticketing/dbz?code_theater=P2235&gid_entity=movie.movie._.1000012952&tags=Localization.Language.French,Format.Projection.Digital&perfd=20260828&perft=14:15&code=VF",,2026-08-28,2026-08-31,3,L148,
F0147,film,La Grande rêvasion,films,F0147,"https://relay.mvtx.us/ticketing/dbz?code_theater=P0056&gid_entity=movie.movie._.1000035099&tags=Localization.Version.Original,Format.Projection.Digital&perfd=20260912&perft=15:20&code=VO",,2026-09-12,2026-09-26,3,L128,
F0148,film,La Maison de nos rêves,films,F0148,"https://relay.mvtx.us/ticketing/dbz?code_theater=P0692&gid_entity=movie.movie._.1000031247&tags=Localization.Language.French,Showtime.Accessibility.Accessible&perfd=20260913&perft=18:30&code=Accès PMR; VF;",,2026-09-13,2026-09-27,3,L138|L139,
F0149,film,La Règle du jeu,films,F0149,"https://relay.mvtx.us/ticketing/dbz?code_theater=P0056&gid_entity=movie.movie._.493&tags=Localization.Version.Original,Format.Projection.Digital&perfd=20260824&perft=17:35&code=VO",,2026-08-24,2026-09-08,3,L128,
F0150,film,Le Berger et les ours,films,F0150,"https://relay.mvtx.us/ticketing/dbz?code_theater=P0056&gid_entity=movie.movie._.1000015418&tags=Localization.Version.Original,Format.Projection.Digital&perfd=20260909&perft=10:00&code=VO",,2026-09-09,2026-09-15,3,L128,
F0151,film,Les Saisons,films,F0151,"https://relay.mvtx.us/ticketing/dbz?code_theater=P0056&gid_entity=movie.movie._.1000025381&tags=Localization.Version.Original,Format.Projection.Digital&perfd=20261004&perft=10:30&code=VO",,2026-10-04,2026-10-13,3,L128,
F0152,film,Les Tourouges et les Toubleus,films,F0152,"https://relay.mvtx.us/ticketing/dbz?code_theater=P0071&gid_entity=movie.movie._.317561&tags=Localization.Language.French,Showtime.Accessibility.Accessible,Showtime.Event.Headline,Format.Projection.Digital&perfd=20260825&perft=10:45&code=VF; DISABLED ACCESS; HEADLINE",,2026-08-25,2026-08-31,3,L127,
F0153,film,Lorie Party 2026 au cinéma,films,F0153,https://s.pathe.fr/en/V3358S190334/booking,,2026-11-05,2026-11-05,3,L137|L138|L139,
F0154,film,Los Tigres,films,F0154,"https://relay.mvtx.us/ticketing/dbz?code_theater=P0056&gid_entity=movie.movie._.325967&tags=Localization.Version.Original,Format.Projection.Digital&perfd=20261005&perft=16:30&code=VO",,2026-10-05,2026-10-12,3,L128,
F0155,film,Memory Of Princess Mumbi,films,F0155,"https://relay.mvtx.us/ticketing/dbz?code_theater=P0056&gid_entity=movie.movie._.1000028076&tags=Localization.Version.Original,Format.Projection.Digital&perfd=20260924&perft=19:05&code=VO",,2026-09-24,2026-09-30,3,L128,
F0156,film,Mylène Farmer – Égrégore – L’avant-première,films,F0156,https://s.pathe.fr/en/V3364S189265/booking,,2026-10-27,2026-10-27,3,L138,
F0157,film,Nightborn,films,F0157,"https://relay.mvtx.us/ticketing/dbz?code_theater=P0056&gid_entity=movie.movie._.328440&tags=Localization.Version.Original,Format.Projection.Digital&perfd=20260824&perft=19:35&code=VO",,2026-08-24,2026-08-31,3,L128,
F0158,film,Nimrods : A Green Day Comedy,films,F0158,"https://relay.mvtx.us/ticketing/dbz?code_theater=P0692&gid_entity=movie.movie._.1000019736&tags=Showtime.Accessibility.Accessible,Localization.Version.Original,Showtime.Accessibility.Subtitled&perfd=20260904&perft=17:50&code=Accès PMR; VOST;",,2026-09-04,2026-09-07,3,L139|L142,
F0159,film,Oklahoma Honey (vf&vostfr),films,F0159,https://www.mjc-castanet-tolosan.fr/cinema-cine-113/,,2026-09-11,2026-09-15,3,L148,
F0160,film,Polvo serán,films,F0160,"https://relay.mvtx.us/ticketing/dbz?code_theater=P0056&gid_entity=movie.movie._.312545&tags=Localization.Version.Original,Format.Projection.Digital&perfd=20261003&perft=12:25&code=VO",,2026-10-03,2026-10-11,3,L128,
F0161,film,Projet dernière chance,films,F0161,"https://relay.mvtx.us/ticketing/dbz?code_theater=W3115&gid_entity=movie.movie._.282076&tags=Auditorium.Experience.ScreenX,Format.Projection.Digital&perfd=20260909&perft=20:00&code=Version Francaise; Screen X 2D",,2026-09-09,2026-09-14,3,L140,
F0162,film,Rita et Crocodile,films,F0162,https://toulouse.cinemas-utopia.org/film/?id=7006,,2026-08-25,2026-08-26,3,L125|L141|L147,
F0163,film,Septembre sans attendre,films,F0163,"https://relay.mvtx.us/ticketing/dbz?code_theater=P0056&gid_entity=movie.movie._.1000000660&tags=Localization.Version.Original,Showtime.Event.Headline,Format.Projection.Digital&perfd=20261004&perft=16:40&code=VO; HEADLINE",,2026-10-04,2026-10-22,3,L128,
F0164,film,Seuls les rebelles,films,F0164,"https://relay.mvtx.us/ticketing/dbz?code_theater=P0881&gid_entity=movie.movie._.1000018041&tags=Showtime.Accessibility.Subtitled,Localization.Version.Original,Showtime.Accessibility.Accessible,Format.Projection.Digital&perfd=20260828&perft=18:30&code=VO; SUBTITLE; DISABLED ACCESS",,2026-08-28,2026-08-31,3,L143,
F0165,film,Sorda,films,F0165,"https://relay.mvtx.us/ticketing/dbz?code_theater=P0056&gid_entity=movie.movie._.1000004367&tags=Localization.Version.Original,Format.Projection.Digital&perfd=20261004&perft=18:45&code=VO",,2026-10-04,2026-10-12,3,L128,
F0166,film,The Batman,films,F0166,"https://relay.mvtx.us/ticketing/dbz?code_theater=W3115&gid_entity=movie.movie._.211012&tags=Auditorium.Experience.ScreenX,Format.Projection.Digital&perfd=20260912&perft=20:00&code=Version Francaise; Screen X 2D",,2026-09-12,2026-09-15,3,L140,
F0167,film,Tout en haut du monde,films,F0167,"https://relay.mvtx.us/ticketing/dbz?code_theater=P0071&gid_entity=movie.movie._.213641&tags=Localization.Language.French,Showtime.Accessibility.Accessible,Format.Projection.Digital&perfd=20260825&perft=15:00&code=VF; DISABLED ACCESS",,2026-08-25,2026-08-28,3,L127|L128,
F0168,film,Un amour d’épouvantail,films,F0168,https://toulouse.cinemas-utopia.org/film?id=12938,,2026-09-23,2026-09-27,3,L126,
F0169,film,Un petit air de famille,films,F0169,"https://relay.mvtx.us/ticketing/dbz?code_theater=P0071&gid_entity=movie.movie._.274108&tags=Localization.Language.French,Showtime.Accessibility.Accessible,Format.Projection.Digital&perfd=20260826&perft=10:45&code=VF; DISABLED ACCESS",,2026-08-26,2026-09-02,3,L127|L147,
F0170,film,Undertone,films,F0170,,,2026-08-24,2026-08-27,3,L137,
F0171,film,Adieu monde cruel,films,F0171,https://american-cosmograph.fr/,,2026-09-12,2026-09-17,2,L141,
F0172,film,Au-delà du réel,films,F0172,"https://relay.mvtx.us/ticketing/dbz?code_theater=P0056&gid_entity=movie.movie._.111&tags=Localization.Version.Original,Showtime.Event.OnlySession,Showtime.Event.Headline,Format.Projection.Digital&perfd=20260918&perft=20:00&code=VO; ONLY SESSION; HEADLINE",,2026-09-18,2026-09-20,2,L128,
F0173,film,Autofiction,films,F0173,"https://relay.mvtx.us/ticketing/dbz?code_theater=P0056&gid_entity=movie.movie._.1000025821&tags=Localization.Version.Original,Format.Projection.Digital&perfd=20261003&perft=16:35&code=VO",,2026-10-03,2026-10-05,2,L128,
F0174,film,Batman Begins,films,F0174,https://relay.mvtx.us/ticketing/dbz?code_theater=W3115&gid_entity=movie.movie._.51013&tags=Format.Projection.Digital&perfd=20260903&perft=20:15&code=Version Francaise; 2D,,2026-09-03,2026-09-05,2,L140|L144,
F0175,film,Belladonna,films,F0175,"https://relay.mvtx.us/ticketing/dbz?code_theater=P0062&gid_entity=movie.movie._.22015&tags=Showtime.Accessibility.Subtitled,Localization.Version.Original,Format.Projection.Digital&perfd=20260911&perft=21:00&code=VO; SUBTITLE",,2026-09-11,2026-09-22,2,L131,
F0176,film,Belladonna des tristesses (Kanashimi no Beradonna),films,F0176,https://www.lacinemathequedetoulouse.com/programmation/agenda,,2026-09-11,2026-09-22,2,L131,
F0177,film,Buena Vista Social Club,films,F0177,"https://relay.mvtx.us/ticketing/dbz?code_theater=W3161&gid_entity=movie.movie._.8270&tags=Localization.Version.Original,Format.Projection.Digital&perfd=20260911&perft=20:40",,2026-09-11,2026-09-25,2,L147,
F0178,film,Cervantes avant Don Quichotte,films,F0178,"https://relay.mvtx.us/ticketing/dbz?code_theater=P0056&gid_entity=movie.movie._.326227&tags=Localization.Version.Original,Format.Projection.Digital&perfd=20261004&perft=20:40&code=VO",,2026-10-04,2026-10-07,2,L128,
F0179,film,Chicas triste,films,F0179,https://www.mjc-castanet-tolosan.fr/cinema-cine-113/,,2026-09-03,2026-09-07,2,L148,
F0180,film,Chicas triste (vostfr),films,F0180,https://www.mjc-castanet-tolosan.fr/cinema-cine-113/,,2026-09-03,2026-09-07,2,L148,
F0181,film,Cotton queen (vostfr),films,F0181,https://www.mjc-castanet-tolosan.fr/cine113/cotton-queen-vostfr-40751/,,2026-09-02,2026-09-06,2,L148,
F0182,film,Coup de coeur surprise 1 AFCAE Septembre 2026,films,F0182,"https://relay.mvtx.us/ticketing/dbz?code_theater=P0881&gid_entity=movie.movie._.296674&tags=Localization.Language.French,Showtime.Accessibility.Accessible,Format.Projection.Digital&perfd=20260908&perft=20:30&code=VF; DISABLED ACCESS",,2026-09-08,2026-09-08,2,L143|L145,
F0183,film,Coup de coeur surprise 4 AFCAE Septembre 2026,films,F0183,"https://relay.mvtx.us/ticketing/dbz?code_theater=P6864&gid_entity=movie.movie._.297183&tags=Localization.Language.French,Format.Projection.Digital&perfd=20260907&perft=20:45",,2026-09-07,2026-09-07,2,L144|L147,
F0184,film,D'où vient le vent,films,F0184,"https://relay.mvtx.us/ticketing/dbz?code_theater=P0881&gid_entity=movie.movie._.1000017047&tags=Showtime.Accessibility.Subtitled,Localization.Version.Original,Showtime.Accessibility.Accessible,Format.Projection.Digital&perfd=20260911&perft=16:30&code=VO; SUBTITLE; DISABLED ACCESS",,2026-09-11,2026-09-14,2,L143,
F0185,film,"Docteur Mabuse, le joueur",films,F0185,"https://relay.mvtx.us/ticketing/dbz?code_theater=P0062&gid_entity=movie.movie._.2890&tags=Showtime.Accessibility.Subtitled,Localization.Version.Original,Format.Projection.Digital&perfd=20260917&perft=20:00&code=VO; SUBTITLE",,2026-09-17,2026-09-19,2,L131,
F0186,film,Du côté d'Orouët,films,F0186,"https://relay.mvtx.us/ticketing/dbz?code_theater=P0056&gid_entity=movie.movie._.11048&tags=Localization.Version.Original,Format.Projection.Digital&perfd=20260830&perft=10:00&code=VO",,2026-08-30,2026-09-04,2,L128,
F0187,film,Eva en août,films,F0187,"https://relay.mvtx.us/ticketing/dbz?code_theater=P0056&gid_entity=movie.movie._.253522&tags=Localization.Version.Original,Showtime.Event.Headline,Format.Projection.Digital&perfd=20261019&perft=19:30&code=VO; HEADLINE",,2026-10-19,2026-10-27,2,L128,
F0188,film,Furie,films,F0188,"https://relay.mvtx.us/ticketing/dbz?code_theater=P0062&gid_entity=movie.movie._.31179&tags=Showtime.Accessibility.Subtitled,Localization.Version.Original,Format.Projection.Digital&perfd=20260912&perft=19:00&code=VO; SUBTITLE",,2026-09-12,2026-09-27,2,L131,
F0189,film,Furie (Fury),films,F0189,https://www.lacinemathequedetoulouse.com/programmation/agenda,,2026-09-12,2026-09-27,2,L131,
F0190,film,GHOST: 2 Big To Rig,films,F0190,,,2026-08-27,2026-08-27,2,L137|L138,
F0191,film,Hamlet,films,F0191,,,2026-09-15,2026-09-15,2,L137|L138,
F0192,film,Histoires de la bonne vallée,films,F0192,"https://relay.mvtx.us/ticketing/dbz?code_theater=P0056&gid_entity=movie.movie._.1000022263&tags=Localization.Version.Original,Format.Projection.Digital&perfd=20261004&perft=12:00&code=VO",,2026-10-04,2026-10-11,2,L128,
F0193,film,House by the River,films,F0193,https://www.lacinemathequedetoulouse.com/programmation/agenda,,2026-09-16,2026-09-26,2,L131,
F0194,film,Il est difficile d'être un dieu,films,F0194,"https://relay.mvtx.us/ticketing/dbz?code_theater=P0056&gid_entity=movie.movie._.216951&tags=Localization.Version.Original,Showtime.Event.Headline,Format.Projection.Digital&perfd=20260917&perft=20:00&code=VO; HEADLINE",,2026-09-17,2026-09-19,2,L128,
F0195,film,Katy Perry: The Lifetimes Tour - Live from Paris,films,F0195,"https://relay.mvtx.us/ticketing/dbz?code_theater=P0692&gid_entity=movie.movie._.1000045609&tags=Showtime.Accessibility.Accessible,Localization.Version.Original,Showtime.Accessibility.Subtitled&perfd=20260903&perft=20:00&code=Accès PMR; VOST;",,2026-09-03,2026-09-03,2,L138|L139,
F0196,film,Kraken,films,F0196,https://s.pathe.fr/en/V3364S188825/booking,,2026-09-25,2026-09-25,2,L138|L139,
F0197,film,La Pat’Patrouille : Mission Dino,films,F0197,https://www.mjc-castanet-tolosan.fr/cinema-cine-113/,,2026-08-27,2026-08-30,2,L148,
F0198,film,Le Château dans le ciel,films,F0198,https://www.lacinemathequedetoulouse.com/programmation/agenda,,2026-09-16,2026-09-26,2,L131,
F0199,film,Le Château dans le ciel (Tenkû no shiro Rapyuta),films,F0199,https://www.lacinemathequedetoulouse.com/programmation/projections/37252,,2026-09-16,2026-09-29,2,L131,
F0200,film,Le Dictateur,films,F0200,"https://relay.mvtx.us/ticketing/dbz?code_theater=P0062&gid_entity=movie.movie._.2253&tags=Showtime.Accessibility.Subtitled,Localization.Language.French,Format.Projection.Digital&perfd=20260827&perft=21:30&code=SUBTITLE; MUTED; VF",,2026-08-27,2026-08-28,2,L131,
F0201,film,Le Dictateur (The Great Dictator),films,F0201,https://www.lacinemathequedetoulouse.com/programmation/agenda,,2026-08-27,2026-08-28,2,L131,
F0202,film,Le Quatuor à cornes,films,F0202,"https://relay.mvtx.us/ticketing/dbz?code_theater=P6864&gid_entity=movie.movie._.259479&tags=Localization.Language.French,Format.Projection.Digital&perfd=20260824&perft=15:30",,2026-08-24,2026-08-31,2,L144,
F0203,film,Le Roi du Game,films,F0203,"https://relay.mvtx.us/ticketing/dbz?code_theater=P0692&gid_entity=movie.movie._.1000030383&tags=Localization.Language.French,Showtime.Accessibility.Accessible&perfd=20260910&perft=20:15&code=Accès PMR; VF;",,2026-09-10,2026-09-10,2,L138|L139,
F0204,film,Le Royaume des chats,films,F0204,"https://relay.mvtx.us/ticketing/dbz?code_theater=P0062&gid_entity=movie.movie._.52143&tags=Localization.Language.French,Format.Projection.Digital&perfd=20260912&perft=16:00&code=VF",,2026-09-12,2026-09-23,2,L131,
F0205,film,Le Royaume des chats (Neko no ongaeshi),films,F0205,https://www.lacinemathequedetoulouse.com/programmation/agenda,,2026-09-12,2026-09-23,2,L131,
F0206,film,Le Sud,films,F0206,"https://relay.mvtx.us/ticketing/dbz?code_theater=P0056&gid_entity=movie.movie._.3084&tags=Localization.Version.Original,Format.Projection.Digital&perfd=20261006&perft=19:00&code=VO",,2026-10-06,2026-10-10,2,L128,
F0207,film,Le Testament du docteur Mabuse,films,F0207,https://www.lacinemathequedetoulouse.com/programmation/agenda,,2026-09-23,2026-10-01,2,L131,
F0208,film,Le Testament du docteur Mabuse (Das Testament des Dr. Mabuse),films,F0208,https://www.lacinemathequedetoulouse.com/programmation/projections/37229,,2026-09-23,2026-10-01,2,L131,
F0209,film,Le Tombeau des lucioles,films,F0209,https://toulouse.cinemas-utopia.org/film/?id=1093,,2026-08-24,2026-08-25,2,L126|L140,
F0210,film,Les Caprices de l’Enfant Roi,films,F0210,"https://relay.mvtx.us/ticketing/dbz?code_theater=P0881&gid_entity=movie.movie._.1000022312&tags=Localization.Language.French,Showtime.Accessibility.Accessible,Format.Projection.Digital&perfd=20260918&perft=15:00&code=VF; DISABLED ACCESS",,2026-09-18,2026-09-22,2,L143,
F0211,film,Les Contes de Terremer,films,F0211,"https://relay.mvtx.us/ticketing/dbz?code_theater=P0062&gid_entity=movie.movie._.109502&tags=Showtime.Accessibility.Subtitled,Localization.Version.Original,Format.Projection.Digital&perfd=20260924&perft=20:00&code=VO; SUBTITLE",,2026-09-24,2026-09-30,2,L131,
F0212,film,Les Contes de Terremer (Gedo senki),films,F0212,https://www.lacinemathequedetoulouse.com/programmation/projections/37270,,2026-09-24,2026-09-30,2,L131,
F0213,film,Les Dimanches,films,F0213,"https://relay.mvtx.us/ticketing/dbz?code_theater=P0056&gid_entity=movie.movie._.1000020167&tags=Localization.Version.Original,Format.Projection.Digital&perfd=20261007&perft=20:45&code=VO",,2026-10-07,2026-10-11,2,L128,
F0214,film,Les Mal-aimés,films,F0214,"https://relay.mvtx.us/ticketing/dbz?code_theater=P0918&gid_entity=movie.movie._.283952&tags=Localization.Language.French,BoostPos.Autres.Cg,Format.Projection.Digital,Showtime.Accessibility.Accessible&perfd=20260902&perft=15:45",,2026-09-02,2026-09-09,2,L145,
F0215,film,Les Vacances de Monsieur Hulot,films,F0215,https://toulouse.cinemas-utopia.org/film/?id=2758,,2026-08-25,2026-08-31,2,L126|L127,
F0216,film,Les bourreaux meurent aussi,films,F0216,https://www.lacinemathequedetoulouse.com/programmation/agenda,,2026-09-15,2026-09-30,2,L131,
F0217,film,Les bourreaux meurent aussi (Hangmen Also Die!),films,F0217,https://www.lacinemathequedetoulouse.com/programmation/projections/37236,,2026-09-15,2026-09-30,2,L131,
F0218,film,Linkin Park: Unshatter,films,F0218,https://s.pathe.fr/en/V3364S186992/booking,,2026-10-01,2026-10-01,2,L138,
F0219,film,Lolita malgré moi,films,F0219,"https://relay.mvtx.us/ticketing/dbz?code_theater=P0062&gid_entity=movie.movie._.55567&tags=Showtime.Accessibility.Subtitled,Localization.Version.Original,Format.Projection.Digital&perfd=20260826&perft=21:30&code=VO; SUBTITLE",,2026-08-26,2026-08-27,2,L131,
F0220,film,Lolita malgré moi (Mean Girls),films,F0220,https://www.lacinemathequedetoulouse.com/programmation/agenda,,2026-08-26,2026-08-27,2,L131,
F0221,film,Los Golfos,films,F0221,"https://relay.mvtx.us/ticketing/dbz?code_theater=P0056&gid_entity=movie.movie._.3213&tags=Localization.Version.Original,Format.Projection.Digital&perfd=20261010&perft=15:25&code=VO",,2026-10-10,2026-10-13,2,L128,
F0222,film,M le maudit,films,F0222,https://www.lacinemathequedetoulouse.com/programmation/agenda,,2026-09-18,2026-09-26,2,L131,
F0223,film,M le maudit (M – Eine Stadt sucht einen Mörder),films,F0223,https://www.lacinemathequedetoulouse.com/programmation/projections/37227,,2026-09-18,2026-09-26,2,L131,
F0224,film,Macadam Cowboy,films,F0224,"https://relay.mvtx.us/ticketing/dbz?code_theater=P0056&gid_entity=movie.movie._.17&tags=Localization.Version.Original,Showtime.Event.Headline,Format.Projection.Digital&perfd=20260917&perft=17:45&code=VO; HEADLINE",,2026-09-17,2026-09-19,2,L128,
F0225,film,Macbeth (Metropolitan Opera),films,F0225,https://s.pathe.fr/en/V3358S183942/booking,,2026-10-17,2026-10-17,2,L137|L138,
F0226,film,Maine Océan,films,F0226,"https://relay.mvtx.us/ticketing/dbz?code_theater=P0056&gid_entity=movie.movie._.1681&tags=Localization.Version.Original,Format.Projection.Digital&perfd=20260829&perft=10:00&code=VO",,2026-08-29,2026-09-02,2,L128,
F0227,film,Marius et le royaume des mers (ciné p’tit-dèj),films,F0227,https://www.mjc-castanet-tolosan.fr/cinema-cine-113/,,2026-09-12,2026-09-13,2,L148,
F0228,film,Mes voisins les Yamada,films,F0228,"https://relay.mvtx.us/ticketing/dbz?code_theater=P0062&gid_entity=movie.movie._.29958&tags=Showtime.Accessibility.Subtitled,Localization.Version.Original,Format.Projection.Digital&perfd=20260925&perft=19:00&code=VO; SUBTITLE",,2026-09-25,2026-10-01,2,L131,
F0229,film,Mes voisins les Yamada (Hôhokekyo tonari no Yamada-kun),films,F0229,https://www.lacinemathequedetoulouse.com/programmation/projections/37258,,2026-09-25,2026-10-01,2,L131,
F0230,film,Metropolis,films,F0230,"https://relay.mvtx.us/ticketing/dbz?code_theater=P0062&gid_entity=movie.movie._.41046&tags=Showtime.Accessibility.Subtitled,Localization.Version.Original,Format.Projection.Digital&perfd=20260913&perft=18:00&code=VO; SUBTITLE",,2026-09-13,2026-09-25,2,L131,
F0231,film,Metropolis (Meteroporisu),films,F0231,https://www.lacinemathequedetoulouse.com/programmation/agenda,,2026-09-13,2026-09-25,2,L131,
F0232,film,Mon voisin Totoro,films,F0232,"https://relay.mvtx.us/ticketing/dbz?code_theater=P0062&gid_entity=movie.movie._.14790&tags=Localization.Language.French,Format.Projection.Digital&perfd=20260919&perft=16:00&code=VF",,2026-09-19,2026-09-27,2,L131,
F0233,film,Mon voisin Totoro (Tonari no Totoro),films,F0233,https://www.lacinemathequedetoulouse.com/programmation/agenda,,2026-09-19,2026-09-27,2,L131,
F0234,film,Morlaix,films,F0234,"https://relay.mvtx.us/ticketing/dbz?code_theater=P0056&gid_entity=movie.movie._.299969&tags=Localization.Version.Original,Format.Projection.Digital&perfd=20261010&perft=10:00&code=VO",,2026-10-10,2026-10-13,2,L128,
F0235,film,Non-Non dans l'espace,films,F0235,https://toulouse.cinemas-utopia.org/film/?id=10646,,2026-08-25,2026-08-28,2,L126|L127,
F0236,film,On Falling,films,F0236,"https://relay.mvtx.us/ticketing/dbz?code_theater=P0056&gid_entity=movie.movie._.328203&tags=Localization.Version.Original,Format.Projection.Digital&perfd=20261005&perft=20:30&code=VO",,2026-10-05,2026-10-07,2,L128,
F0237,film,Paprika,films,F0237,"https://relay.mvtx.us/ticketing/dbz?code_theater=P0062&gid_entity=movie.movie._.115013&tags=Showtime.Accessibility.Subtitled,Localization.Version.Original,Format.Projection.Digital&perfd=20260910&perft=21:00&code=VO; SUBTITLE",,2026-09-10,2026-09-26,2,L131,
F0238,film,Paprika (Papurika),films,F0238,https://www.lacinemathequedetoulouse.com/programmation/agenda,,2026-09-10,2026-09-26,2,L131,
F0239,film,Parade,films,F0239,https://toulouse.cinemas-utopia.org/film/?id=13477,,2026-08-25,2026-08-26,2,L125|L127,
F0240,film,Princesse Mononoké,films,F0240,"https://relay.mvtx.us/ticketing/dbz?code_theater=P0062&gid_entity=movie.movie._.73176&tags=Showtime.Accessibility.Subtitled,Localization.Version.Original,Format.Projection.Digital&perfd=20260912&perft=21:00&code=VO; SUBTITLE",,2026-09-12,2026-10-01,2,L131,
F0241,film,Princesse Mononoké (Mononoke-hime),films,F0241,https://www.lacinemathequedetoulouse.com/programmation/agenda,,2026-09-12,2026-10-01,2,L131,
F0242,film,Queen Budapest,films,F0242,https://s.pathe.fr/en/V3358S196695/booking,,2026-10-08,2026-10-08,2,L137|L138,
F0243,film,Rencontre avec les étudiants de Po's Culture,films,F0243,https://www.cinemalecratere.fr/films/licorice-pizza,,2026-09-23,2026-09-23,2,L128,
F0244,film,RoboCop,films,F0244,https://american-cosmograph.fr/les-horaires.html,,2026-08-28,2026-09-04,2,L141,
F0245,film,Roméo et Juliette (Opéra de Paris),films,F0245,https://s.pathe.fr/en/V3358S188462/booking,,2026-11-08,2026-11-08,2,L137|L138,
F0246,film,Règlement de comptes,films,F0246,"https://relay.mvtx.us/ticketing/dbz?code_theater=P0062&gid_entity=movie.movie._.1719&tags=Showtime.Accessibility.Subtitled,Localization.Version.Original,Format.Projection.Digital&perfd=20260919&perft=21:00&code=VO; SUBTITLE",,2026-09-19,2026-09-29,2,L131,
F0247,film,Règlement de comptes (The Big Heat),films,F0247,https://www.lacinemathequedetoulouse.com/programmation/agenda,,2026-09-19,2026-09-29,2,L131,
F0248,film,Simple comme Sylvain,films,F0248,https://www.lacinemathequedetoulouse.com/programmation/agenda,,2026-08-25,2026-08-26,2,L131,
F0249,film,Suzume,films,F0249,https://www.lacinemathequedetoulouse.com/programmation/agenda,,2026-09-20,2026-09-29,2,L131,
F0250,film,Suzume (Suzume no tojimari),films,F0250,https://www.lacinemathequedetoulouse.com/programmation/projections/37274,,2026-09-20,2026-09-29,2,L131,
F0251,film,The Dark Knight Rises,films,F0251,https://relay.mvtx.us/ticketing/dbz?code_theater=W3115&gid_entity=movie.movie._.132874&tags=Format.Projection.Digital&perfd=20260906&perft=20:15&code=Version Francaise; 2D,,2026-09-06,2026-09-06,2,L140|L144,
F0252,film,"The Dark Knight, Le Chevalier Noir",films,F0252,https://relay.mvtx.us/ticketing/dbz?code_theater=W3115&gid_entity=movie.movie._.115362&tags=Format.Projection.Digital&perfd=20260905&perft=20:15&code=Version Francaise; 2D,,2026-09-05,2026-09-05,2,L140|L144,
F0253,film,Tokyo Godfathers,films,F0253,https://www.lacinemathequedetoulouse.com/programmation/agenda,,2026-09-17,2026-09-30,2,L131,
F0254,film,Tokyo Godfathers (Tokyo Goddofazazu),films,F0254,https://www.lacinemathequedetoulouse.com/programmation/projections/37264,,2026-09-17,2026-09-30,2,L131,
F0255,film,Tommy Guns,films,F0255,"https://relay.mvtx.us/ticketing/dbz?code_theater=P0056&gid_entity=movie.movie._.306166&tags=Localization.Version.Original,Format.Projection.Digital&perfd=20260828&perft=17:50&code=VO",,2026-08-28,2026-09-02,2,L128,
F0256,film,Top Gun,films,F0256,"https://relay.mvtx.us/ticketing/dbz?code_theater=W3115&gid_entity=movie.movie._.2133&tags=Auditorium.Experience.ScreenX,Format.Projection.Digital&perfd=20260911&perft=17:00&code=Version Francaise; Screen X 2D",,2026-09-11,2026-09-14,2,L140,
F0257,film,Trafic,films,F0257,https://toulouse.cinemas-utopia.org/film/?id=600,,2026-08-24,2026-08-28,2,L125|L127,
F0258,film,Venez voir,films,F0258,"https://relay.mvtx.us/ticketing/dbz?code_theater=P0056&gid_entity=movie.movie._.296813&tags=Localization.Version.Original,Format.Projection.Digital&perfd=20261020&perft=16:00&code=VO",,2026-10-20,2026-10-26,2,L128,
F0259,film,2 Fast 2 Furious,films,F0259,,,2026-09-12,2026-09-12,1,L138,
F0260,film,8 Mile,films,F0260,"https://relay.mvtx.us/ticketing/dbz?code_theater=W3140&gid_entity=movie.movie._.41011&tags=Showtime.Accessibility.Accessible,Localization.Subtitle.French,Localization.Version.Original,Format.Projection.Digital&perfd=20260906&perft=18:00&code=PMR; 2D; VO; ",,2026-09-06,2026-09-06,1,L142,
F0261,film,A BIGGER SPLASH,films,F0261,https://toulouse.cinemas-utopia.org/film/?id=2132,,2026-09-21,2026-09-21,1,L126,
F0262,film,Adieu Philippine,films,F0262,"https://relay.mvtx.us/ticketing/dbz?code_theater=P0056&gid_entity=movie.movie._.39&tags=Localization.Version.Original,Format.Projection.Digital&perfd=20260828&perft=12:05&code=VO",,2026-08-28,2026-08-28,1,L128,
F0263,film,"Agapito Marazuela, la statue br...",films,F0263,https://toulouse.cinemas-utopia.org/film?id=local_3959&src=evnmnt7781,,2026-10-02,2026-10-02,1,L126,
F0264,film,Apocalypse Now Final Cut,films,F0264,"https://relay.mvtx.us/ticketing/dbz?code_theater=P0918&gid_entity=movie.movie._.27061&tags=Localization.Language.French,Showtime.Accessibility.Dubbed,Format.Projection.Digital,Showtime.Accessibility.Accessible&perfd=20260918&perft=20:15",,2026-09-18,2026-09-18,1,L145,
F0265,film,Audition,films,F0265,"https://relay.mvtx.us/ticketing/dbz?code_theater=W3140&gid_entity=movie.movie._.30033&tags=Showtime.Accessibility.Accessible,Localization.Subtitle.French,Localization.Version.Original,Format.Projection.Digital&perfd=20260917&perft=20:30&code=PMR; 2D; VO; ",,2026-09-17,2026-09-17,1,L142,
F0266,film,Avant-première Film Surprise AFCAE,films,F0266,https://www.mjc-castanet-tolosan.fr/cinema-cine-113/,,2026-09-07,2026-09-07,1,L148,
F0267,film,BLACKkKLANSMAN,films,F0267,https://toulouse.cinemas-utopia.org/film/?id=7501,,2026-09-19,2026-09-19,1,L126,
F0268,film,Backrooms,films,F0268,https://toulouse.cinemas-utopia.org/film/?id=13774,,2026-08-24,2026-08-24,1,L125,
F0269,film,Batman,films,F0269,https://relay.mvtx.us/ticketing/dbz?code_theater=W3115&gid_entity=movie.movie._.4966&tags=Format.Projection.Digital&perfd=20261006&perft=20:15&code=Version Francaise; 2D,,2026-10-06,2026-10-06,1,L140,
F0270,film,Belladonna des tristesses,films,F0270,https://www.lacinemathequedetoulouse.com/programmation/agenda,,2026-09-22,2026-09-22,1,L131,
F0271,film,Boogie Nights,films,F0271,"https://relay.mvtx.us/ticketing/dbz?code_theater=W3140&gid_entity=movie.movie._.16382&tags=Showtime.Accessibility.Accessible,Localization.Subtitle.French,Localization.Version.Original,Format.Projection.Digital&perfd=20260827&perft=20:30&code=PMR; 2D; VO; ",,2026-08-27,2026-08-27,1,L142,
F0272,film,Carrie au bal du diable,films,F0272,,,2026-09-20,2026-09-20,1,L138,
F0273,film,Casier judiciaire,films,F0273,"https://relay.mvtx.us/ticketing/dbz?code_theater=P0062&gid_entity=movie.movie._.586&tags=Showtime.Accessibility.Subtitled,Localization.Version.Original,Format.Projection.Digital&perfd=20260925&perft=20:00&code=VO; SUBTITLE",,2026-09-25,2026-09-25,1,L131,
F0274,film,Casier judiciaire (You and Me),films,F0274,https://www.lacinemathequedetoulouse.com/programmation/projections/37234,,2026-09-25,2026-09-25,1,L131,
F0275,film,Ce n'est pas l'homosexuel qui est pervers mais la société dans laquelle il vit,films,F0275,"https://relay.mvtx.us/ticketing/dbz?code_theater=P0056&gid_entity=movie.movie._.115256&tags=Localization.Version.Original,Showtime.Event.OnlySession,Showtime.Event.Headline,Format.Projection.Digital&perfd=20260918&perft=18:30&code=VO; ONLY SESSION; HEADLINE",,2026-09-18,2026-09-18,1,L128,
F0276,film,Ceux qui tiennent la laisse,films,F0276,https://toulouse.cinemas-utopia.org/film/?id=14100,,2026-09-17,2026-09-17,1,L125,
F0277,film,Chasse à l’homme,films,F0277,https://www.lacinemathequedetoulouse.com/programmation/agenda,,2026-09-22,2026-09-22,1,L131,
F0278,film,Chasse à l’homme (Man Hunt),films,F0278,https://www.lacinemathequedetoulouse.com/programmation/projections/37235,,2026-09-22,2026-09-22,1,L131,
F0279,film,Comme les oliviers,films,F0279,https://toulouse.cinemas-utopia.org/film?id=,,2026-09-24,2026-09-24,1,L126,
F0280,film,Coup de coeur surprise 2 AFCAE Septembre 2026,films,F0280,"https://relay.mvtx.us/ticketing/dbz?code_theater=P2235&gid_entity=movie.movie._.296675&tags=Localization.Language.French,Format.Projection.Digital&perfd=20260907&perft=20:15&code=VF",,2026-09-07,2026-09-07,1,L148,
F0281,film,Cowboy Bebop,films,F0281,"https://relay.mvtx.us/ticketing/dbz?code_theater=P6864&gid_entity=movie.movie._.52309&tags=Localization.Version.Original,Format.Projection.Digital&perfd=20260827&perft=11:00",,2026-08-27,2026-08-27,1,L144,
F0282,film,"Crazy, Stupid, Love",films,F0282,,,2026-08-28,2026-08-28,1,L137,
F0283,film,Debout les femmes !,films,F0283,"https://relay.mvtx.us/ticketing/dbz?code_theater=P0056&gid_entity=movie.movie._.292429&tags=Localization.Version.Original,Showtime.Event.OnlySession,Showtime.Event.Headline,Format.Projection.Digital&perfd=20261002&perft=20:00&code=VO; ONLY SESSION; HEADLINE",,2026-10-02,2026-10-02,1,L128,
F0284,film,Des fleurs pour Tokyo (vostfr),films,F0284,https://www.mjc-castanet-tolosan.fr/cine113/fleurs-tokyo-vostfr-40756/,,2026-09-01,2026-09-01,1,L148,
F0285,film,Des ricochets en eau douce,films,F0285,https://toulouse.cinemas-utopia.org/film/?id=14071,,2026-09-22,2026-09-22,1,L125,
F0286,film,"Docteur Mabuse, le joueur (partie 1)",films,F0286,https://www.lacinemathequedetoulouse.com/programmation/agenda,,2026-09-17,2026-09-17,1,L131,
F0287,film,"Docteur Mabuse, le joueur (partie 2)",films,F0287,https://www.lacinemathequedetoulouse.com/programmation/agenda,,2026-09-19,2026-09-19,1,L131,
F0288,film,"Docteur Mabuse, le joueur, partie 1 : le grand joueur, un tableau de notre époque (Dr. Mabuse, der Spieler, 1: Der große Spieler – Ein Bild der Zeit)",films,F0288,https://www.lacinemathequedetoulouse.com/programmation/projections/37225,,2026-09-17,2026-09-17,1,L131,
F0289,film,"Docteur Mabuse, le joueur, partie 2 : un jeu de nos contemporains (Dr. Mabuse, der Spieler, 2: Inferno, ein Spiel von Menschen unserer Zeit)",films,F0289,https://www.lacinemathequedetoulouse.com/programmation/projections/37226,,2026-09-19,2026-09-19,1,L131,
F0290,film,Doraemon et le Château sous-marin,films,F0290,"https://relay.mvtx.us/ticketing/dbz?code_theater=P6864&gid_entity=movie.movie._.1000040606&tags=Localization.Language.French,Showtime.Accessibility.Dubbed,Format.Projection.Digital&perfd=20260830&perft=16:00",,2026-08-30,2026-08-30,1,L144,
F0291,film,Douleur et gloire,films,F0291,https://www.lacinemathequedetoulouse.com/programmation/agenda,,2026-09-12,2026-09-12,1,L131,
F0292,film,Douleur et gloire (Dolor y gloria),films,F0292,https://www.lacinemathequedetoulouse.com/programmation/projections/37280,,2026-09-12,2026-09-12,1,L131,
F0293,film,Ducobu et le fantôme de Saint-Potache,films,F0293,"https://relay.mvtx.us/ticketing/dbz?code_theater=P0692&gid_entity=movie.movie._.1000019249&tags=Localization.Language.French,Showtime.Accessibility.Accessible&perfd=20260927&perft=11:00&code=Accès PMR; VF;",,2026-09-27,2026-09-27,1,L139,
F0294,film,Dunkerque,films,F0294,https://relay.mvtx.us/ticketing/dbz?code_theater=W3115&gid_entity=movie.movie._.240850&tags=Format.Projection.Digital&perfd=20260907&perft=20:15&code=Version Francaise; 2D,,2026-09-07,2026-09-07,1,L140,
F0295,film,Elvis,films,F0295,"https://relay.mvtx.us/ticketing/dbz?code_theater=W3140&gid_entity=movie.movie._.228681&tags=Showtime.Accessibility.Accessible,Localization.Subtitle.French,Localization.Version.Original,Format.Projection.Digital&perfd=20260903&perft=20:00&code=SME; AUDIO; PMR; 2D; VO; ",,2026-09-03,2026-09-03,1,L142,
F0296,film,En fanfare,films,F0296,https://www.mjc-castanet-tolosan.fr/cinema-cine-113/,,2026-08-30,2026-08-30,1,L148,
F0297,film,En partenariat avec Toulouse Saint-Michel Le Busca en transition,films,F0297,https://www.cinemalecratere.fr/films/a-bicyclette,,2026-09-25,2026-09-25,1,L128,
F0298,film,Everest,films,F0298,"https://relay.mvtx.us/ticketing/dbz?code_theater=P0918&gid_entity=movie.movie._.218954&tags=Localization.Language.French,Showtime.Accessibility.Dubbed,Format.Projection.Digital,Showtime.Accessibility.Accessible&perfd=20260918&perft=20:45",,2026-09-18,2026-09-18,1,L145,
F0299,film,FAST AND FURIOUS,films,F0299,https://www.ugc.fr/film.html?id=4301&cinemaId=56,,2026-09-20,2026-09-20,1,L142,
F0300,film,FIFIGROT 2026,films,F0300,https://www.cinemalecratere.fr/evenements/fifigrot-2026,,2026-09-17,2026-09-17,1,L128,
F0301,film,Falcon Lake,films,F0301,"https://relay.mvtx.us/ticketing/dbz?code_theater=P0056&gid_entity=movie.movie._.289988&tags=Localization.Version.Original,Showtime.Event.OnlySession,Showtime.Event.Headline,Format.Projection.Digital&perfd=20260923&perft=22:15&code=VO; ONLY SESSION; HEADLINE",,2026-09-23,2026-09-23,1,L128,
F0302,film,Fast & Furious 6,films,F0302,,,2026-09-13,2026-09-13,1,L138,
F0303,film,Fast & Furious 7,films,F0303,,,2026-09-13,2026-09-13,1,L138,
F0304,film,Fast & Furious 8,films,F0304,,,2026-09-13,2026-09-13,1,L138,
F0305,film,Fast & Furious 9,films,F0305,,,2026-09-14,2026-09-14,1,L138,
F0306,film,Fast & Furious : Tokyo Drift,films,F0306,,,2026-09-12,2026-09-12,1,L138,
F0307,film,Fast & Furious X,films,F0307,,,2026-09-15,2026-09-15,1,L138,
F0308,film,Fast and Furious 4,films,F0308,,,2026-09-12,2026-09-12,1,L138,
F0309,film,Fast and Furious 5,films,F0309,,,2026-09-12,2026-09-12,1,L138,
F0310,film,Fenêtre sur cour,films,F0310,https://s.pathe.fr/en/V3364S186460/booking,,2026-10-05,2026-10-05,1,L138,
F0311,film,Festival Cinespaña 2026,films,F0311,https://www.cinemalecratere.fr/evenements/festival-cinespana-2026,,2026-10-03,2026-10-03,1,L128,
F0312,film,Flush,films,F0312,,,2026-09-05,2026-09-05,1,L137,
F0313,film,Green Line,films,F0313,"https://relay.mvtx.us/ticketing/dbz?code_theater=P0056&gid_entity=movie.movie._.1000007454&tags=Localization.Version.Original,Showtime.Event.OnlySession,Showtime.Event.Headline,Format.Projection.Digital&perfd=20260928&perft=19:30&code=VO; ONLY SESSION; HEADLINE",,2026-09-28,2026-09-28,1,L128,
F0314,film,HARRY POTTER 1 - A L'ECOLE DES SORCIERS,films,F0314,https://www.ugc.fr/film.html?id=4405&cinemaId=56,,2026-08-29,2026-08-29,1,L142,
F0315,film,HARRY POTTER 2 - ET LA CHAMBRE DES SECRETS,films,F0315,https://www.ugc.fr/film.html?id=4791&cinemaId=56,,2026-08-29,2026-08-29,1,L142,
F0316,film,HARRY POTTER 3 - ET LE PRISONNIER D'AZKABAN,films,F0316,https://www.ugc.fr/film.html?id=5479&cinemaId=56,,2026-08-29,2026-08-29,1,L142,
F0317,film,HARRY POTTER 4 - ET LA COUPE DE FEU,films,F0317,https://www.ugc.fr/film.html?id=6122&cinemaId=56,,2026-08-29,2026-08-29,1,L142,
F0318,film,HARRY POTTER 5 - ET L'ORDRE DU PHENIX,films,F0318,https://www.ugc.fr/film.html?id=6934&cinemaId=56,,2026-08-30,2026-08-30,1,L142,
F0319,film,HARRY POTTER 6 - ET LE PRINCE DE SANG-MELE,films,F0319,https://www.ugc.fr/film.html?id=7847&cinemaId=56,,2026-08-30,2026-08-30,1,L142,
F0320,film,HARRY POTTER 7 - ET LES RELIQUES DE LA MORT PART 1,films,F0320,https://www.ugc.fr/film.html?id=8433&cinemaId=56,,2026-08-30,2026-08-30,1,L142,
F0321,film,HARRY POTTER 7 - ET LES RELIQUES DE LA MORT PART 2,films,F0321,https://www.ugc.fr/film.html?id=8705&cinemaId=56,,2026-08-30,2026-08-30,1,L142,
F0322,film,Hair High,films,F0322,https://www.lacinemathequedetoulouse.com/programmation/agenda,,2026-09-16,2026-09-16,1,L131,
F0323,film,Heart Of The Beast,films,F0323,"https://relay.mvtx.us/ticketing/dbz?code_theater=P0692&gid_entity=movie.movie._.1000000085&tags=Localization.Language.French,Showtime.Accessibility.Accessible,Auditorium.Experience.Ice&perfd=20260920&perft=17:50&code=Accès PMR; ICE; VF;",,2026-09-20,2026-09-20,1,L139,
F0324,film,"Horus, prince du soleil",films,F0324,"https://relay.mvtx.us/ticketing/dbz?code_theater=P0062&gid_entity=movie.movie._.32243&tags=Showtime.Accessibility.Subtitled,Localization.Version.Original,Format.Projection.Digital&perfd=20260913&perft=16:00&code=VO; SUBTITLE",,2026-09-13,2026-09-13,1,L131,
F0325,film,"Horus, prince du soleil (Taiyō no ōji: Horusu no daibōken)",films,F0325,https://www.lacinemathequedetoulouse.com/programmation/agenda,,2026-09-13,2026-09-13,1,L131,
F0326,film,Inception,films,F0326,https://relay.mvtx.us/ticketing/dbz?code_theater=W3115&gid_entity=movie.movie._.143692&tags=Format.Projection.Digital&perfd=20260902&perft=20:15&code=Version Francaise; 2D,,2026-09-02,2026-09-02,1,L140,
F0327,film,Interstellar,films,F0327,https://relay.mvtx.us/ticketing/dbz?code_theater=W3115&gid_entity=movie.movie._.114782&tags=Format.Projection.Digital&perfd=20260904&perft=20:15&code=Version Francaise; 2D,,2026-09-04,2026-09-04,1,L140,
F0328,film,Inu-Oh,films,F0328,"https://relay.mvtx.us/ticketing/dbz?code_theater=P0062&gid_entity=movie.movie._.294777&tags=Showtime.Accessibility.Subtitled,Localization.Version.Original,Format.Projection.Digital&perfd=20260915&perft=19:00&code=VO; SUBTITLE",,2026-09-15,2026-09-15,1,L131,
F0329,film,Inu-Oh (Inu-Ō),films,F0329,https://www.lacinemathequedetoulouse.com/programmation/agenda,,2026-09-15,2026-09-15,1,L131,
F0330,film,J'AI DES ORTIES SUR MON BALCON,films,F0330,https://toulouse.cinemas-utopia.org/film/?id=11834,,2026-09-14,2026-09-14,1,L126,
F0331,film,James et la pêche géante,films,F0331,"https://relay.mvtx.us/ticketing/dbz?code_theater=P0918&gid_entity=movie.movie._.11674&tags=Localization.Language.French,Showtime.Accessibility.Dubbed,BoostPos.Autres.Cg,Format.Projection.Digital,Showtime.Accessibility.Accessible&perfd=20260920&perft=15:45",,2026-09-20,2026-09-20,1,L145,
F0332,film,Je veux bien,films,F0332,https://toulouse.cinemas-utopia.org/film?id=1000048944,,2026-09-24,2026-09-24,1,L125,
F0333,film,Jineuleomi,films,F0333,"https://relay.mvtx.us/ticketing/dbz?code_theater=P0056&gid_entity=movie.movie._.1000027153&tags=Localization.Version.Original,Format.Projection.Digital&perfd=20260831&perft=19:35&code=VO",,2026-08-31,2026-08-31,1,L128,
F0334,film,Jone Sometimes,films,F0334,"https://relay.mvtx.us/ticketing/dbz?code_theater=P0692&gid_entity=movie.movie._.1000024990&tags=Localization.Language.French,Showtime.Accessibility.Accessible&perfd=20260904&perft=20:00&code=Accès PMR; VF;",,2026-09-04,2026-09-04,1,L139,
F0335,film,Jonás Trueba,films,F0335,https://www.cinemalecratere.fr/evenements/jonas-trueba,,2026-10-03,2026-10-03,1,L128,
F0336,film,Juste une illusion,films,F0336,https://toulouse.cinemas-utopia.org/,,2026-08-25,2026-08-25,1,L125,
F0337,film,J’AI DES ORTIES SUR MON B...,films,F0337,https://toulouse.cinemas-utopia.org/film?id=11834&src=evnmnt7778,,2026-09-14,2026-09-14,1,L126,
F0338,film,J’ai le droit de vivre,films,F0338,https://www.lacinemathequedetoulouse.com/programmation/agenda,,2026-09-20,2026-09-20,1,L131,
F0339,film,J’ai le droit de vivre (You Only Live Once),films,F0339,https://www.lacinemathequedetoulouse.com/programmation/projections/37233,,2026-09-20,2026-09-20,1,L131,
F0340,film,Kill Bill: The Whole Bloody Affair,films,F0340,"https://relay.mvtx.us/ticketing/dbz?code_theater=P0918&gid_entity=movie.movie._.1000028176&tags=Localization.Version.Original,BoostPos.Autres.EntractePlayItAgain,Format.Projection.Digital,Showtime.Accessibility.Accessible&perfd=20260919&perft=18:00",,2026-09-19,2026-09-19,1,L145,
F0341,film,L'Etrange histoire de Benjamin Button,films,F0341,https://s.pathe.fr/en/V3364S186459/booking,,2026-09-28,2026-09-28,1,L138,
F0342,film,L'Invraisemblable vérité,films,F0342,"https://relay.mvtx.us/ticketing/dbz?code_theater=P0062&gid_entity=movie.movie._.29723&tags=Showtime.Accessibility.Subtitled,Localization.Version.Original,Format.Projection.Digital&perfd=20260910&perft=20:30&code=VO; SUBTITLE",,2026-09-10,2026-09-10,1,L131,
F0343,film,L'Oeuf de l'ange,films,F0343,"https://relay.mvtx.us/ticketing/dbz?code_theater=P0062&gid_entity=movie.movie._.44305&tags=Showtime.Accessibility.Subtitled,Localization.Version.Original,Format.Projection.Digital&perfd=20260918&perft=19:00&code=VO; SUBTITLE",,2026-09-18,2026-09-18,1,L131,
F0344,film,LEURS CHAMPS DU CŒUR,films,F0344,https://toulouse.cinemas-utopia.org/film?id=11735&src=evnmnt7797,,2026-09-28,2026-09-28,1,L126,
F0345,film,LILO ET STITCH,films,F0345,https://www.ugc.fr/film.html?id=4598&cinemaId=56,,2026-09-13,2026-09-13,1,L142,
F0346,film,La 5e victime,films,F0346,"https://relay.mvtx.us/ticketing/dbz?code_theater=P0062&gid_entity=movie.movie._.1030&tags=Showtime.Accessibility.Subtitled,Localization.Version.Original,Format.Projection.Digital&perfd=20260924&perft=21:00&code=VO; SUBTITLE",,2026-09-24,2026-09-24,1,L131,
F0347,film,La Boîte à malice,films,F0347,https://www.lacinemathequedetoulouse.com/programmation/projections/37278,,2026-09-27,2026-09-27,1,L131,
F0348,film,La Cinquième Victime (While the City Sleeps),films,F0348,https://www.lacinemathequedetoulouse.com/programmation/projections/37246,,2026-09-24,2026-09-24,1,L131,
F0349,film,La Cérémonie,films,F0349,"https://relay.mvtx.us/ticketing/dbz?code_theater=W3140&gid_entity=movie.movie._.12992&tags=Showtime.Accessibility.Accessible,Localization.Version.French,Format.Projection.Digital&perfd=20260910&perft=20:30&code=PMR; 2D; VF; ",,2026-09-10,2026-09-10,1,L142,
F0350,film,La Femme au gardénia,films,F0350,https://www.lacinemathequedetoulouse.com/programmation/agenda,,2026-09-16,2026-09-16,1,L131,
F0351,film,La Femme au gardénia (The Blue Gardenia),films,F0351,https://www.lacinemathequedetoulouse.com/programmation/projections/37245,,2026-09-16,2026-09-16,1,L131,
F0352,film,La Femme au portrait,films,F0352,"https://relay.mvtx.us/ticketing/dbz?code_theater=P0062&gid_entity=movie.movie._.2541&tags=Showtime.Accessibility.Subtitled,Localization.Version.Original,Format.Projection.Digital&perfd=20260924&perft=19:00&code=VO; SUBTITLE",,2026-09-24,2026-09-24,1,L131,
F0353,film,La Femme au portrait (The Woman in the Window),films,F0353,https://www.lacinemathequedetoulouse.com/programmation/projections/37238,,2026-09-24,2026-09-24,1,L131,
F0354,film,La Gradiva,films,F0354,"https://relay.mvtx.us/ticketing/dbz?code_theater=W3140&gid_entity=movie.movie._.318225&tags=Showtime.Accessibility.Accessible,Localization.Version.French,Format.Projection.Digital&perfd=20260914&perft=20:30&code=PMR; 2D; Aime et Decouvre; VF; ",,2026-09-14,2026-09-14,1,L142,
F0355,film,La Petite Sirène,films,F0355,"https://relay.mvtx.us/ticketing/dbz?code_theater=W3140&gid_entity=movie.movie._.18115&tags=Showtime.Accessibility.Accessible,Localization.Version.French,Format.Projection.Digital&perfd=20260927&perft=11:00&code=apd06a; PMR; 2D; Les Pestacles UGC; VF; ",,2026-09-27,2026-09-27,1,L142,
F0356,film,La Petite fabrique de nuages,films,F0356,"https://relay.mvtx.us/ticketing/dbz?code_theater=P6864&gid_entity=movie.movie._.268872&tags=Localization.Language.French,Showtime.Accessibility.Dubbed,Format.Projection.Digital&perfd=20260825&perft=10:00",,2026-08-25,2026-08-25,1,L144,
F0357,film,La Ronde des couleurs,films,F0357,"https://relay.mvtx.us/ticketing/dbz?code_theater=P6864&gid_entity=movie.movie._.250709&tags=Localization.Language.French,Showtime.Accessibility.Dubbed,Format.Projection.Digital&perfd=20260826&perft=10:00",,2026-08-26,2026-08-26,1,L144,
F0358,film,La Rue rouge,films,F0358,"https://relay.mvtx.us/ticketing/dbz?code_theater=P0062&gid_entity=movie.movie._.53022&tags=Showtime.Accessibility.Subtitled,Localization.Version.Original,Format.Projection.Digital&perfd=20260911&perft=20:00&code=VO; SUBTITLE",,2026-09-11,2026-09-11,1,L131,
F0359,film,La Rue rouge (Scarlet Street),films,F0359,https://www.lacinemathequedetoulouse.com/programmation/agenda,,2026-09-11,2026-09-11,1,L131,
F0360,film,La Traversée du temps,films,F0360,"https://relay.mvtx.us/ticketing/dbz?code_theater=P0062&gid_entity=movie.movie._.128739&tags=Showtime.Accessibility.Subtitled,Localization.Version.Original,Format.Projection.Digital&perfd=20260911&perft=19:00&code=VO; SUBTITLE",,2026-09-11,2026-09-11,1,L131,
F0361,film,La Traversée du temps (Toki o kakeru shōjo),films,F0361,https://www.lacinemathequedetoulouse.com/programmation/agenda,,2026-09-11,2026-09-11,1,L131,
F0362,film,La chance sourit à Madame Nikuko (Gyokō no Nikuko-chan),films,F0362,https://www.lacinemathequedetoulouse.com/programmation/agenda,,2026-09-23,2026-09-23,1,L131,
F0363,film,La chance sourit à madame Nikuko,films,F0363,"https://relay.mvtx.us/ticketing/dbz?code_theater=P0062&gid_entity=movie.movie._.295140&tags=Showtime.Accessibility.Subtitled,Localization.Version.Original,Format.Projection.Digital&perfd=20260923&perft=16:30&code=VO; SUBTITLE",,2026-09-23,2026-09-23,1,L131,
F0364,film,La lutte armée n'est pas un jeu d'enfant,films,F0364,https://toulouse.cinemas-utopia.org/film/?id=11963,,2026-09-19,2026-09-19,1,L125,
F0365,film,La lutte armée n’est pas...,films,F0365,https://toulouse.cinemas-utopia.org/film?id=11963&src=evnmnt8262,,2026-09-19,2026-09-19,1,L125,
F0366,film,"Le Bon, la brute et le truand",films,F0366,"https://relay.mvtx.us/ticketing/dbz?code_theater=P6864&gid_entity=movie.movie._.19395&tags=Localization.Version.Original,Format.Projection.Digital&perfd=20260918&perft=21:00",,2026-09-18,2026-09-18,1,L144,
F0367,film,Le Crime était presque parfait,films,F0367,https://s.pathe.fr/en/V3364S186461/booking,,2026-10-05,2026-10-05,1,L138,
F0368,film,Le Goût des autres,films,F0368,"https://relay.mvtx.us/ticketing/dbz?code_theater=P0918&gid_entity=movie.movie._.22758&tags=Localization.Language.French,Format.Projection.Digital,Showtime.Accessibility.Accessible&perfd=20260921&perft=20:30",,2026-09-21,2026-09-21,1,L145,
F0369,film,Le Grand Magasin (Hokkyoku Hyakkaten no Konsheruju-san),films,F0369,https://www.lacinemathequedetoulouse.com/programmation/agenda,,2026-09-20,2026-09-20,1,L131,
F0370,film,Le Grand magasin,films,F0370,"https://relay.mvtx.us/ticketing/dbz?code_theater=P0062&gid_entity=movie.movie._.317811&tags=Localization.Language.French,Format.Projection.Digital&perfd=20260920&perft=16:00&code=VF",,2026-09-20,2026-09-20,1,L131,
F0371,film,Le Monde à l'envers,films,F0371,"https://relay.mvtx.us/ticketing/dbz?code_theater=W3161&gid_entity=movie.movie._.1000045582&tags=Localization.Language.French,Format.Projection.Digital&perfd=20260830&perft=10:00",,2026-08-30,2026-08-30,1,L147,
F0372,film,Le Passage,films,F0372,"https://relay.mvtx.us/ticketing/dbz?code_theater=P2235&gid_entity=movie.movie._.326124&tags=Localization.Language.French,Format.Projection.Digital&perfd=20260825&perft=20:15&code=VF",,2026-08-25,2026-08-25,1,L148,
F0373,film,Le Roi Lion,films,F0373,"https://relay.mvtx.us/ticketing/dbz?code_theater=W3140&gid_entity=movie.movie._.10862&tags=Showtime.Accessibility.Accessible,Localization.Version.French,Format.Projection.Digital&perfd=20260920&perft=11:00&code=apd06a; PMR; 2D; Les Pestacles UGC; VF; ",,2026-09-20,2026-09-20,1,L142,
F0374,film,Le Secret derrière la porte,films,F0374,https://www.lacinemathequedetoulouse.com/programmation/agenda,,2026-09-13,2026-09-13,1,L131,
F0375,film,Le Secret derrière la porte (Secret Beyond the Door),films,F0375,https://www.lacinemathequedetoulouse.com/programmation/projections/37240,,2026-09-13,2026-09-13,1,L131,
F0376,film,Le Voyage de Chihiro,films,F0376,"https://relay.mvtx.us/ticketing/dbz?code_theater=W3140&gid_entity=movie.movie._.37485&tags=Showtime.Accessibility.Accessible,Localization.Subtitle.French,Localization.Version.Original,Format.Projection.Digital&perfd=20260905&perft=16:00&code=apd08a; PMR; 2D; Prevente; VO; ",,2026-09-05,2026-09-05,1,L142,
F0377,film,Les Contrebandiers,films,F0377,"https://relay.mvtx.us/ticketing/dbz?code_theater=P6864&gid_entity=movie.movie._.1000019874&tags=Localization.Version.Original,Format.Projection.Digital,Format.Sound.71&perfd=20260911&perft=21:00",,2026-09-11,2026-09-11,1,L144,
F0378,film,Les Naufragés de l'ile de la Tortue,films,F0378,"https://relay.mvtx.us/ticketing/dbz?code_theater=P0056&gid_entity=movie.movie._.10051&tags=Localization.Version.Original,Format.Projection.Digital&perfd=20260827&perft=16:00&code=VO",,2026-08-27,2026-08-27,1,L128,
F0379,film,Les Oiseaux,films,F0379,https://s.pathe.fr/en/V3364S186464/booking,,2026-10-26,2026-10-26,1,L138,
F0380,film,Les Tontons flingueurs,films,F0380,"https://relay.mvtx.us/ticketing/dbz?code_theater=P0918&gid_entity=movie.movie._.4327&tags=Localization.Language.French,Format.Projection.Digital,Showtime.Accessibility.Accessible&perfd=20260917&perft=21:00",,2026-09-17,2026-09-17,1,L145,
F0381,film,Les Vignes du seigneur,films,F0381,https://www.lacinemathequedetoulouse.com/programmation/projections/37296,,2026-09-29,2026-09-29,1,L131,
F0382,film,Licorice Pizza,films,F0382,"https://relay.mvtx.us/ticketing/dbz?code_theater=P0056&gid_entity=movie.movie._.257754&tags=Localization.Version.Original,Showtime.Event.OnlySession,Showtime.Event.Headline,Format.Projection.Digital&perfd=20260923&perft=19:30&code=VO; ONLY SESSION; HEADLINE",,2026-09-23,2026-09-23,1,L128,
F0383,film,Lilo & Stitch,films,F0383,"https://relay.mvtx.us/ticketing/dbz?code_theater=W3140&gid_entity=movie.movie._.35143&tags=Showtime.Accessibility.Accessible,Localization.Version.French,Format.Projection.Digital&perfd=20260913&perft=11:00&code=apd06a; PMR; 2D; Les Pestacles UGC; VF; ",,2026-09-13,2026-09-13,1,L142,
F0384,film,Loulou et autres loups...,films,F0384,"https://relay.mvtx.us/ticketing/dbz?code_theater=P6864&gid_entity=movie.movie._.51413&tags=Localization.Language.French,Format.Projection.Digital&perfd=20260828&perft=10:00",,2026-08-28,2026-08-28,1,L144,
F0385,film,L’Invraisemblable Vérité (Beyond a Reasonable Doubt),films,F0385,https://www.lacinemathequedetoulouse.com/programmation/agenda,,2026-09-10,2026-09-10,1,L131,
F0386,film,L’Écologie des sentiments,films,F0386,"https://relay.mvtx.us/ticketing/dbz?code_theater=P0056&gid_entity=movie.movie._.1000040166&tags=Localization.Version.Original,Format.Projection.Digital&perfd=20260901&perft=17:55&code=VO",,2026-09-01,2026-09-01,1,L128,
F0387,film,L’Œuf de l’ange,films,F0387,https://www.lacinemathequedetoulouse.com/programmation/agenda,,2026-09-18,2026-09-18,1,L131,
F0388,film,L’Œuf de l’ange (Tenshi no tamago),films,F0388,https://www.lacinemathequedetoulouse.com/programmation/projections/37251,,2026-09-18,2026-09-18,1,L131,
F0389,film,Mamma Mia!,films,F0389,"https://relay.mvtx.us/ticketing/dbz?code_theater=W3140&gid_entity=movie.movie._.125562&tags=Showtime.Accessibility.Accessible,Localization.Subtitle.French,Localization.Version.Original,Format.Projection.Digital&perfd=20260907&perft=20:30&code=PMR; 2D; Prevente; VO; ",,2026-09-07,2026-09-07,1,L142,
F0390,film,Man Hunt (Chasse à l'homme),films,F0390,"https://relay.mvtx.us/ticketing/dbz?code_theater=P0062&gid_entity=movie.movie._.53024&tags=Showtime.Accessibility.Subtitled,Localization.Version.Original,Format.Projection.Digital&perfd=20260922&perft=19:00&code=VO; SUBTITLE",,2026-09-22,2026-09-22,1,L131,
F0391,film,Mary Anning,films,F0391,"https://relay.mvtx.us/ticketing/dbz?code_theater=P2235&gid_entity=movie.movie._.1000023494&tags=Localization.Language.French,Format.Projection.Digital&perfd=20260906&perft=10:15&code=VF",,2026-09-06,2026-09-06,1,L148,
F0392,film,Mary Anning (ciné p’tit-dèj),films,F0392,https://www.mjc-castanet-tolosan.fr/cinema-cine-113/,,2026-09-06,2026-09-06,1,L148,
F0393,film,Memento,films,F0393,https://relay.mvtx.us/ticketing/dbz?code_theater=W3115&gid_entity=movie.movie._.25744&tags=Format.Projection.Digital&perfd=20260908&perft=20:15&code=Version Francaise; Sous-titres : Francais; 2D,,2026-09-08,2026-09-08,1,L140,
F0394,film,Mon oncle,films,F0394,"https://relay.mvtx.us/ticketing/dbz?code_theater=P0071&gid_entity=movie.movie._.2614&tags=Localization.Language.French,Showtime.Accessibility.Accessible,Format.Projection.Digital&perfd=20260901&perft=11:10&code=VF; DISABLED ACCESS",,2026-09-01,2026-09-01,1,L127,
F0395,film,Mémoire de fille,films,F0395,https://relay.mvtx.us/ticketing/dbz?code_theater=P3404&gid_entity=movie.movie._.1000026296&tags=Format.Projection.Digital&perfd=20260930&perft=20:00&code=Ciné - Rencontre,,2026-09-30,2026-09-30,1,L126,
F0396,film,NOCES ALCHIMIQUES La belle au b...,films,F0396,https://toulouse.cinemas-utopia.org/film?id=local_7807&src=evnmnt7806,,2026-09-25,2026-09-25,1,L126,
F0397,film,NOCES ALCHIMIQUES La belle au bois d’or dur,films,F0397,https://toulouse.cinemas-utopia.org/film?id=,,2026-09-25,2026-09-25,1,L126,
F0398,film,Orange mécanique,films,F0398,https://s.pathe.fr/en/V3364S188142/booking,,2026-09-27,2026-09-27,1,L138,
F0399,film,Ouverture Saison 26-27,films,F0399,https://www.lacinemathequedetoulouse.com/programmation/agenda,,2026-09-10,2026-09-10,1,L131,
F0400,film,Pachamama,films,F0400,"https://relay.mvtx.us/ticketing/dbz?code_theater=P0071&gid_entity=movie.movie._.252155&tags=Localization.Language.French,Showtime.Accessibility.Accessible,Format.Projection.Digital&perfd=20260830&perft=10:30&code=VF; DISABLED ACCESS",,2026-08-30,2026-08-30,1,L127,
F0401,film,Panic Room,films,F0401,,,2026-09-21,2026-09-21,1,L138,
F0402,film,Paradise (vostfr),films,F0402,https://www.mjc-castanet-tolosan.fr/cinema-cine-113/,,2026-09-10,2026-09-10,1,L148,
F0403,film,Peleliu : Guerre au paradis,films,F0403,"https://relay.mvtx.us/ticketing/dbz?code_theater=P6864&gid_entity=movie.movie._.1000032798&tags=Localization.Version.Original,Format.Projection.Digital&perfd=20260829&perft=18:00",,2026-08-29,2026-08-29,1,L144,
F0404,film,Planètes,films,F0404,"https://relay.mvtx.us/ticketing/dbz?code_theater=P0056&gid_entity=movie.movie._.279261&tags=Localization.Language.French,Format.Projection.Digital&perfd=20260826&perft=10:00&code=VF",,2026-08-26,2026-08-26,1,L128,
F0405,film,Playtime,films,F0405,"https://relay.mvtx.us/ticketing/dbz?code_theater=P0071&gid_entity=movie.movie._.1363&tags=Localization.Language.French,Showtime.Accessibility.Accessible,Format.Projection.Digital&perfd=20260831&perft=11:10&code=VF; DISABLED ACCESS",,2026-08-31,2026-08-31,1,L127,
F0406,film,Pompon Ours,films,F0406,"https://relay.mvtx.us/ticketing/dbz?code_theater=P6864&gid_entity=movie.movie._.304180&tags=Localization.Language.French,Format.Projection.Digital&perfd=20260824&perft=10:00",,2026-08-24,2026-08-24,1,L144,
F0407,film,Psychose,films,F0407,https://s.pathe.fr/en/V3364S186463/booking,,2026-10-19,2026-10-19,1,L138,
F0408,film,Pâques sanglantes,films,F0408,https://toulouse.cinemas-utopia.org/film/?id=13337,,2026-08-25,2026-08-25,1,L125,
F0409,film,Quelques jours à Nagi,films,F0409,"https://relay.mvtx.us/ticketing/dbz?code_theater=P6864&gid_entity=movie.movie._.327936&tags=Localization.Version.Original,Format.Projection.Digital&perfd=20260826&perft=21:00",,2026-08-26,2026-08-26,1,L144,
F0410,film,Quelques mots d'amour,films,F0410,"https://relay.mvtx.us/ticketing/dbz?code_theater=W3140&gid_entity=movie.movie._.1000036515&tags=Showtime.Accessibility.Accessible,Localization.Version.French,Format.Projection.Digital&perfd=20260913&perft=18:00&code=PMR; 2D; Aime et Decouvre; VF; ",,2026-09-13,2026-09-13,1,L142,
F0411,film,Rencontre avec Bruno Le Jean et l'équipe du film,films,F0411,https://www.cinemalecratere.fr/films/cacahuete-l-aventure-scandaleuse,,2026-09-20,2026-09-20,1,L128,
F0412,film,Rencontre avec Claire Vanhamme-Cuevas et Eve Viguier,films,F0412,https://www.cinemalecratere.fr/films/debout-les-femmes,,2026-10-02,2026-10-02,1,L128,
F0413,film,Rencontre avec Edyta Janczak-Hiriart,films,F0413,https://www.cinemalecratere.fr/films/entroncamento,,2026-10-09,2026-10-09,1,L128,
F0414,film,Rencontre avec Jonas Trueba,films,F0414,https://www.cinemalecratere.fr/films/la-reconquista,,2026-10-04,2026-10-04,1,L128,
F0415,film,Rencontre avec Nicolas Drolc,films,F0415,https://www.cinemalecratere.fr/films/brosser-son-crocodile,,2026-09-20,2026-09-20,1,L128,
F0416,film,Rencontre avec Stefanie Neubert,films,F0416,https://www.cinemalecratere.fr/films/ce-n-est-pas-l-homosexuel-qui-est-pervers-mais-la-societe-dans-laquelle-il-vit,,2026-09-18,2026-09-18,1,L128,
F0417,film,Rencontre avec Sylvie Ballyot,films,F0417,https://www.cinemalecratere.fr/films/green-line,,2026-09-28,2026-09-28,1,L128,
F0418,film,Rencontres du troisième type,films,F0418,"https://relay.mvtx.us/ticketing/dbz?code_theater=P0062&gid_entity=movie.movie._.881&tags=Showtime.Accessibility.Subtitled,Localization.Version.Original,Format.Projection.Digital&perfd=20260829&perft=21:30&code=VO; SUBTITLE",,2026-08-29,2026-08-29,1,L131,
F0419,film,Rencontres du troisième type (Close Encounters of the Third Kind),films,F0419,https://www.lacinemathequedetoulouse.com/programmation/agenda,,2026-08-29,2026-08-29,1,L131,
F0420,film,Requiem for a Dream,films,F0420,,,2026-09-13,2026-09-13,1,L138,
F0421,film,Resident Evil,films,F0421,https://relay.mvtx.us/ticketing/dbz?code_theater=W3115&gid_entity=movie.movie._.1000018854&tags=Format.Projection.Digital&perfd=20260918&perft=20:30&code=Version Francaise; 2D,,2026-09-18,2026-09-18,1,L140,
F0422,film,Retour au collège,films,F0422,https://toulouse.cinemas-utopia.org/film/?id=13963,,2026-09-18,2026-09-18,1,L126,
F0423,film,Riz amer,films,F0423,https://toulouse.cinemas-utopia.org/film/?id=1066,,2026-08-25,2026-08-25,1,L126,
F0424,film,Saison 26-27,films,F0424,https://www.lacinemathequedetoulouse.com/programmation/projections/37279,,2026-09-10,2026-09-10,1,L131,
F0425,film,Salvation — Emin Alper,films,F0425,https://www.abc-toulouse.fr/,,2026-08-27,2026-08-27,1,L127,
F0426,film,Sauvages,films,F0426,"https://relay.mvtx.us/ticketing/dbz?code_theater=P0056&gid_entity=movie.movie._.299939&tags=Localization.Language.French,Format.Projection.Digital&perfd=20260827&perft=13:45&code=VF",,2026-08-27,2026-08-27,1,L128,
F0427,film,Seven,films,F0427,,,2026-09-07,2026-09-07,1,L138,
F0428,film,Sham,films,F0428,"https://relay.mvtx.us/ticketing/dbz?code_theater=P6864&gid_entity=movie.movie._.1000014638&tags=Localization.Version.Original,Format.Projection.Digital&perfd=20260829&perft=21:00",,2026-08-29,2026-08-29,1,L144,
F0429,film,Soirée Fin d'été Po's Culture 2026,films,F0429,https://www.cinemalecratere.fr/evenements/soiree-fin-dete,,2026-09-23,2026-09-23,1,L128,
F0430,film,Soirée cinéma Liban,films,F0430,https://www.cinemalecratere.fr/films/soiree-cinema-liban,,2026-08-28,2026-08-28,1,L128,
F0431,film,Spécial animation avec XBO et Le Lokal,films,F0431,https://www.lacinemathequedetoulouse.com/programmation/projections/37295,,2026-09-22,2026-09-22,1,L131,
F0432,film,Steamboy,films,F0432,"https://relay.mvtx.us/ticketing/dbz?code_theater=P0062&gid_entity=movie.movie._.50410&tags=Showtime.Accessibility.Subtitled,Localization.Version.Original,Format.Projection.Digital&perfd=20260917&perft=21:00&code=VO; SUBTITLE",,2026-09-17,2026-09-17,1,L131,
F0433,film,Steamboy (Suchīmubōi),films,F0433,https://www.lacinemathequedetoulouse.com/programmation/agenda,,2026-09-17,2026-09-17,1,L131,
F0434,film,Sueurs froides,films,F0434,https://s.pathe.fr/en/V3364S186462/booking,,2026-10-12,2026-10-12,1,L138,
F0435,film,Sully,films,F0435,"https://relay.mvtx.us/ticketing/dbz?code_theater=P0056&gid_entity=movie.movie._.238330&tags=Localization.Version.Original,Format.Projection.Digital&perfd=20261016&perft=18:00&code=VO",,2026-10-16,2026-10-16,1,L128,
F0436,film,Teenage Sex and Death at Camp Miasma,films,F0436,https://american-cosmograph.fr/,,2026-09-18,2026-09-18,1,L141,
F0437,film,The Fin,films,F0437,https://www.cinemalecratere.fr/films/the-fin,,2026-08-31,2026-08-31,1,L128,
F0438,film,The First Slam Dunk,films,F0438,https://www.lacinemathequedetoulouse.com/programmation/agenda,,2026-09-19,2026-09-19,1,L131,
F0439,film,The First Slam Dunk (Za Fāsuto Suramu Danku),films,F0439,https://www.lacinemathequedetoulouse.com/programmation/projections/37273,,2026-09-19,2026-09-19,1,L131,
F0440,film,The Lobster,films,F0440,"https://relay.mvtx.us/ticketing/dbz?code_theater=W3140&gid_entity=movie.movie._.224882&tags=Showtime.Accessibility.Accessible,Localization.Subtitle.French,Localization.Version.Original,Format.Projection.Digital&perfd=20260924&perft=20:30&code=PMR; 2D; VO; ",,2026-09-24,2026-09-24,1,L142,
F0441,film,The Transformers: The Movie 40th Anniversary,films,F0441,"https://relay.mvtx.us/ticketing/dbz?code_theater=P0692&gid_entity=movie.movie._.1000046254&tags=Localization.Language.French,Showtime.Accessibility.Accessible&perfd=20260917&perft=20:00&code=Accès PMR; VF;",,2026-09-17,2026-09-17,1,L139,
F0442,film,The Ugly,films,F0442,"https://relay.mvtx.us/ticketing/dbz?code_theater=P0056&gid_entity=movie.movie._.1000019764&tags=Localization.Version.Original,Format.Projection.Digital&perfd=20260830&perft=20:20&code=VO",,2026-08-30,2026-08-30,1,L128,
F0443,film,The last viking (vostfr),films,F0443,https://www.mjc-castanet-tolosan.fr/cinema-cine-113/,,2026-09-13,2026-09-13,1,L148,
F0444,film,Trainspotting,films,F0444,"https://relay.mvtx.us/ticketing/dbz?code_theater=W3140&gid_entity=movie.movie._.14788&tags=Showtime.Accessibility.Accessible,Localization.Subtitle.French,Localization.Version.Original,Format.Projection.Digital&perfd=20260927&perft=18:00&code=PMR; 2D; VO; ",,2026-09-27,2026-09-27,1,L142,
F0445,film,True Romance,films,F0445,https://relay.mvtx.us/ticketing/dbz?code_theater=W3115&gid_entity=movie.movie._.8584&tags=Format.Projection.Digital&perfd=20260901&perft=20:15&code=Version Originale; Sous-titres : Francais; 2D,,2026-09-01,2026-09-01,1,L140,
F0446,film,Vacances romaines,films,F0446,"https://relay.mvtx.us/ticketing/dbz?code_theater=P0062&gid_entity=movie.movie._.2762&tags=Showtime.Accessibility.Subtitled,Localization.Version.Original,Format.Projection.Digital&perfd=20260825&perft=18:30&code=VO; SUBTITLE",,2026-08-25,2026-08-25,1,L131,
F0447,film,Vacances romaines (Roman Holiday),films,F0447,https://www.lacinemathequedetoulouse.com/programmation/agenda,,2026-08-25,2026-08-25,1,L131,
F0448,film,Vol au-dessus d'un nid de coucou,films,F0448,,,2026-09-06,2026-09-06,1,L138,
F0449,film,Wallace & Gromit : Cœurs à modeler,films,F0449,https://s.pathe.fr/en/V3358S196807/booking,,2026-09-02,2026-09-02,1,L137,
F0450,film,Wassup Rockers,films,F0450,https://www.lacinemathequedetoulouse.com/programmation/agenda,,2026-09-16,2026-09-16,1,L131,
F0451,film,Winnie l'ourson,films,F0451,"https://relay.mvtx.us/ticketing/dbz?code_theater=W3140&gid_entity=movie.movie._.182255&tags=Showtime.Accessibility.Accessible,Localization.Version.French,Format.Projection.Digital&perfd=20260906&perft=11:00&code=apd03a; PMR; 2D; Les Pestacles UGC; VF; ",,2026-09-06,2026-09-06,1,L142,
F0452,film,À bicyclette !,films,F0452,"https://relay.mvtx.us/ticketing/dbz?code_theater=P0056&gid_entity=movie.movie._.323031&tags=Localization.Version.Original,Showtime.Event.OnlySession,Showtime.Event.Headline,Format.Projection.Digital&perfd=20260925&perft=20:00&code=VO; ONLY SESSION; HEADLINE",,2026-09-25,2026-09-25,1,L128,
F0453,film,Écrire la vie : Annie Ernaux racontée par des lycéennes et des lycéens,films,F0453,"https://relay.mvtx.us/ticketing/dbz?code_theater=P0071&gid_entity=movie.movie._.1000028074&tags=Localization.Language.French,Showtime.Accessibility.Accessible,Showtime.Event.Preview,Showtime.Event.Headline,Format.Projection.Digital&perfd=20260915&perft=20:15&code=VF; DISABLED ACCESS; PREVIEW; HEADLINE",,2026-09-15,2026-09-15,1,L127,
A0002,theatre,Les faux british,artistes,A0002,https://new.3tcafetheatre.com/spectacle/les-faux-british/,,2026-09-08,2026-09-23,7,L047,
A0003,musique,Arthur Barutel,artistes,A0003,https://lesjardinsdecandie.com/,,2026-08-27,2026-09-17,4,L092,
A0004,musique,JLN,artistes,A0004,https://www.info-lux.com/horaires-rose-festival-2026-timetable-complete/themes/,,2026-08-27,2026-08-29,3,L085,
A0005,musique,Sphère,artistes,A0005,https://www.info-lux.com/horaires-rose-festival-2026-timetable-complete/themes/,,2026-08-27,2026-08-29,3,L085,
A0006,musique,Made On Block,artistes,A0006,https://www.info-lux.com/horaires-rose-festival-2026-timetable-complete/themes/,,2026-08-27,2026-08-29,3,L085,
A0008,theatre,Anne Roumanoff,artistes,A0008,https://new.3tcafetheatre.com/spectacle/anne-roumanoff-lage-libre/,,2026-09-03,2026-09-05,3,L047,
A0011,musique,SKS,artistes,A0011,https://lebikini.com/2026/08/28/after-officiel-rampage-modestep-the-clamps-emberline-sks,,2026-08-28,2026-08-28,2,L083|L132,
A0015,theatre,Les Clotildes : La bonne surprise !,artistes,A0015,https://new.3tcafetheatre.com/spectacle/la-bonne-surprise/,,2026-09-05,2026-09-19,2,L047,
A0016,theatre,"Les Femmes ont toujours raison, les hommes n’ont jamais tort",artistes,A0016,https://new.3tcafetheatre.com/spectacle/les-femmes-ont-toujours-raison-les-hommes-nont-jamais-tort/,,2026-09-05,2026-09-26,2,L047,
A0018,theatre,Fabien Olicard Experimente,artistes,A0018,https://new.3tcafetheatre.com/spectacle/fabien-olicard-experimente/,,2026-09-10,2026-09-11,2,L047,
A0019,theatre,"Les Clotildes : Amour, ex et alibi",artistes,A0019,https://new.3tcafetheatre.com/spectacle/les-clotildes-amour-ex-et-alibi/,,2026-09-11,2026-09-18,2,L047,
A0022,musique,Ben l'Oncle Soul,artistes,A0022,https://www.sallenougaro.com/programmation/,,2026-10-14,2026-10-15,2,L081,
A0024,musique,Bakermat,artistes,A0024,https://31.agendaculturel.fr/festival/poney-club.html,,2026-08-26,2026-08-26,1,L132,
A0025,musique,Aether,artistes,A0025,https://monuments.toulouse.fr/saison-musicale-toulouse/,,2026-08-27,2026-08-27,1,L071,
A0026,musique,Novah,artistes,A0026,https://www.info-lux.com/horaires-rose-festival-2026-timetable-complete/themes/,,2026-08-27,2026-08-27,1,L085,
A0027,musique,JHF,artistes,A0027,https://www.info-lux.com/horaires-rose-festival-2026-timetable-complete/themes/,,2026-08-27,2026-08-27,1,L085,
A0028,musique,Zalbecino,artistes,A0028,https://www.info-lux.com/horaires-rose-festival-2026-timetable-complete/themes/,,2026-08-27,2026-08-27,1,L085,
A0029,musique,David (McFly),artistes,A0029,https://www.info-lux.com/horaires-rose-festival-2026-timetable-complete/themes/,,2026-08-27,2026-08-27,1,L085,
A0030,musique,Sarāb (génération Spédidam),artistes,A0030,https://www.info-lux.com/horaires-rose-festival-2026-timetable-complete/themes/,,2026-08-27,2026-08-27,1,L085,
A0031,musique,Lujipeka,artistes,A0031,https://www.info-lux.com/horaires-rose-festival-2026-timetable-complete/themes/,,2026-08-27,2026-08-27,1,L085,
A0032,musique,Alma Rechtman,artistes,A0032,https://www.info-lux.com/horaires-rose-festival-2026-timetable-complete/themes/,,2026-08-27,2026-08-27,1,L085,
A0033,musique,La Cercleuse,artistes,A0033,https://www.info-lux.com/horaires-rose-festival-2026-timetable-complete/themes/,,2026-08-27,2026-08-27,1,L085,
A0034,musique,Miki,artistes,A0034,https://www.info-lux.com/horaires-rose-festival-2026-timetable-complete/themes/,,2026-08-27,2026-08-27,1,L085,
A0035,musique,Lushe,artistes,A0035,https://www.info-lux.com/horaires-rose-festival-2026-timetable-complete/themes/,,2026-08-27,2026-08-27,1,L085,
A0036,musique,Ino Casablanca,artistes,A0036,https://www.info-lux.com/horaires-rose-festival-2026-timetable-complete/themes/,,2026-08-27,2026-08-27,1,L085,
A0037,musique,Kamilou,artistes,A0037,https://www.info-lux.com/horaires-rose-festival-2026-timetable-complete/themes/,,2026-08-27,2026-08-27,1,L085,
A0038,musique,Louise Charbonnel,artistes,A0038,https://www.info-lux.com/horaires-rose-festival-2026-timetable-complete/themes/,,2026-08-27,2026-08-27,1,L085,
A0039,musique,Franglish,artistes,A0039,https://www.info-lux.com/horaires-rose-festival-2026-timetable-complete/themes/,,2026-08-27,2026-08-27,1,L085,
A0040,musique,Naïka,artistes,A0040,https://www.info-lux.com/horaires-rose-festival-2026-timetable-complete/themes/,,2026-08-27,2026-08-27,1,L085,
A0041,musique,Paolo.,artistes,A0041,https://www.info-lux.com/horaires-rose-festival-2026-timetable-complete/themes/,,2026-08-27,2026-08-27,1,L085,
A0042,musique,Andy 4000,artistes,A0042,https://www.info-lux.com/horaires-rose-festival-2026-timetable-complete/themes/,,2026-08-27,2026-08-27,1,L085,
A0043,musique,Disiz,artistes,A0043,https://www.info-lux.com/horaires-rose-festival-2026-timetable-complete/themes/,,2026-08-27,2026-08-27,1,L085,
A0044,musique,Ultragama,artistes,A0044,https://www.info-lux.com/horaires-rose-festival-2026-timetable-complete/themes/,,2026-08-27,2026-08-27,1,L085,
A0045,musique,Romsii,artistes,A0045,https://www.info-lux.com/horaires-rose-festival-2026-timetable-complete/themes/,,2026-08-27,2026-08-27,1,L085,
A0046,musique,Macklemore,artistes,A0046,https://www.info-lux.com/horaires-rose-festival-2026-timetable-complete/themes/,,2026-08-27,2026-08-27,1,L085,
A0047,musique,Doka,artistes,A0047,https://www.info-lux.com/horaires-rose-festival-2026-timetable-complete/themes/,,2026-08-27,2026-08-27,1,L085,
A0048,musique,Mosimann,artistes,A0048,https://www.info-lux.com/horaires-rose-festival-2026-timetable-complete/themes/,,2026-08-27,2026-08-27,1,L085,
A0049,musique,Lost Frequencies,artistes,A0049,https://festscanner.com/fr/event/lost-frequencies-x-poney-club-toulouse-2026-08-27,,2026-08-27,2026-08-27,1,L132,
A0050,musique,The Clamps,artistes,A0050,https://lebikini.com/2026/08/28/after-officiel-rampage-modestep-the-clamps-emberline-sks,,2026-08-28,2026-08-28,1,L083,
A0051,musique,Emberline,artistes,A0051,https://lebikini.com/2026/08/28/after-officiel-rampage-modestep-the-clamps-emberline-sks,,2026-08-28,2026-08-28,1,L083,
A0052,musique,Broma,artistes,A0052,https://lebikini.com/2026/08/28/after-officiel-rampage-modestep-the-clamps-emberline-sks,,2026-08-28,2026-08-28,1,L083,
A0053,musique,Modestep,artistes,A0053,https://lebikini.com/2026/08/28/after-officiel-rampage-modestep-the-clamps-emberline-sks,,2026-08-28,2026-08-28,1,L083,
A0054,musique,Vladimir Cauchemar,artistes,A0054,https://www.info-lux.com/horaires-rose-festival-2026-timetable-complete/themes/,,2026-08-28,2026-08-28,1,L085,
A0055,musique,William NC,artistes,A0055,https://www.info-lux.com/horaires-rose-festival-2026-timetable-complete/themes/,,2026-08-28,2026-08-28,1,L085,
A0056,musique,Kaïlen,artistes,A0056,https://www.info-lux.com/horaires-rose-festival-2026-timetable-complete/themes/,,2026-08-28,2026-08-28,1,L085,
A0057,musique,Milhan,artistes,A0057,https://www.info-lux.com/horaires-rose-festival-2026-timetable-complete/themes/,,2026-08-28,2026-08-28,1,L085,
A0058,musique,Adam El Mouna (MPourMontréal),artistes,A0058,https://www.info-lux.com/horaires-rose-festival-2026-timetable-complete/themes/,,2026-08-28,2026-08-28,1,L085,
A0059,musique,Mel,artistes,A0059,https://www.info-lux.com/horaires-rose-festival-2026-timetable-complete/themes/,,2026-08-28,2026-09-25,2,L078|L085,
A0060,musique,R2,artistes,A0060,https://www.info-lux.com/horaires-rose-festival-2026-timetable-complete/themes/,,2026-08-28,2026-08-28,1,L085,
A0061,musique,Blynk (MPourMontréal),artistes,A0061,https://www.info-lux.com/horaires-rose-festival-2026-timetable-complete/themes/,,2026-08-28,2026-08-28,1,L085,
A0062,musique,Big Ass Cat,artistes,A0062,https://www.info-lux.com/horaires-rose-festival-2026-timetable-complete/themes/,,2026-08-28,2026-08-28,1,L085,
A0063,musique,ElGrandeToto,artistes,A0063,https://www.info-lux.com/horaires-rose-festival-2026-timetable-complete/themes/,,2026-08-28,2026-08-28,1,L085,
A0064,musique,Marianne,artistes,A0064,https://www.info-lux.com/horaires-rose-festival-2026-timetable-complete/themes/,,2026-08-28,2026-08-28,1,L085,
A0065,musique,Jetlag,artistes,A0065,https://www.info-lux.com/horaires-rose-festival-2026-timetable-complete/themes/,,2026-08-28,2026-08-28,1,L085,
A0066,musique,Lisaa Camin,artistes,A0066,https://www.info-lux.com/horaires-rose-festival-2026-timetable-complete/themes/,,2026-08-28,2026-08-28,1,L085,
A0067,musique,Marguerite,artistes,A0067,https://www.info-lux.com/horaires-rose-festival-2026-timetable-complete/themes/,,2026-08-28,2026-08-28,1,L085,
A0068,musique,Feel,artistes,A0068,https://www.info-lux.com/horaires-rose-festival-2026-timetable-complete/themes/,,2026-08-28,2026-08-28,1,L085,
A0069,musique,Bekar,artistes,A0069,https://www.info-lux.com/horaires-rose-festival-2026-timetable-complete/themes/,,2026-08-28,2026-08-28,1,L085,
A0070,musique,Lowey,artistes,A0070,https://www.info-lux.com/horaires-rose-festival-2026-timetable-complete/themes/,,2026-08-28,2026-08-28,1,L085,
A0071,musique,Myra,artistes,A0071,https://www.info-lux.com/horaires-rose-festival-2026-timetable-complete/themes/,,2026-08-28,2026-08-28,1,L085,
A0072,musique,Meryl,artistes,A0072,https://www.info-lux.com/horaires-rose-festival-2026-timetable-complete/themes/,,2026-08-28,2026-08-28,1,L085,
A0073,musique,Maheva,artistes,A0073,https://www.info-lux.com/horaires-rose-festival-2026-timetable-complete/themes/,,2026-08-28,2026-08-28,1,L085,
A0074,musique,Ants & Madzes,artistes,A0074,https://www.info-lux.com/horaires-rose-festival-2026-timetable-complete/themes/,,2026-08-28,2026-08-28,1,L085,
A0075,musique,L2B,artistes,A0075,https://www.info-lux.com/horaires-rose-festival-2026-timetable-complete/themes/,,2026-08-28,2026-08-28,1,L085,
A0076,musique,Cēzange,artistes,A0076,https://www.info-lux.com/horaires-rose-festival-2026-timetable-complete/themes/,,2026-08-28,2026-08-28,1,L085,
A0077,musique,DJ Lucky,artistes,A0077,https://www.info-lux.com/horaires-rose-festival-2026-timetable-complete/themes/,,2026-08-28,2026-08-28,1,L085,
A0078,musique,Aya Nakamura,artistes,A0078,https://www.info-lux.com/horaires-rose-festival-2026-timetable-complete/themes/,,2026-08-28,2026-08-28,1,L085,
A0079,musique,Manigance,artistes,A0079,https://www.info-lux.com/horaires-rose-festival-2026-timetable-complete/themes/,,2026-08-28,2026-08-28,1,L085,
A0080,musique,Kungs,artistes,A0080,https://www.info-lux.com/horaires-rose-festival-2026-timetable-complete/themes/,,2026-08-28,2026-08-28,1,L085,
A0081,musique,Zingabe (Afrobeat),artistes,A0081,https://www.halledelamachine.fr/evenements/halle-night-long/,,2026-08-28,2026-08-28,1,L130,
A0082,musique,Pendulum (DJ set),artistes,A0082,https://lebikini.com/2026/08/28/rampage,,2026-08-28,2026-08-28,1,L132,
A0083,musique,Camo & Krooked,artistes,A0083,https://lebikini.com/2026/08/28/rampage,,2026-08-28,2026-08-28,1,L132,
A0084,musique,Eptic,artistes,A0084,https://lebikini.com/2026/08/28/rampage,,2026-08-28,2026-08-28,1,L132,
A0085,musique,Habstrakt,artistes,A0085,https://lebikini.com/2026/08/28/rampage,,2026-08-28,2026-08-28,1,L132,
A0086,musique,Murdock & MC Mota,artistes,A0086,https://lebikini.com/2026/08/28/rampage,,2026-08-28,2026-08-28,1,L132,
A0087,musique,Zomboy,artistes,A0087,https://lebikini.com/2026/08/28/rampage,,2026-08-28,2026-08-28,1,L132,
A0088,musique,A5KM,artistes,A0088,https://lebikini.com/,,2026-08-29,2026-08-29,1,L083,
A0089,musique,Creeds,artistes,A0089,https://lebikini.com/,,2026-08-29,2026-08-29,1,L083,
A0090,musique,Evil Grimace,artistes,A0090,https://lebikini.com/,,2026-08-29,2026-08-29,1,L083,
A0091,musique,Neika,artistes,A0091,https://lebikini.com/,,2026-08-29,2026-08-29,1,L083,
A0092,musique,Persin Down,artistes,A0092,https://www.info-lux.com/horaires-rose-festival-2026-timetable-complete/themes/,,2026-08-29,2026-08-29,1,L085,
A0093,musique,Deen CK,artistes,A0093,https://www.info-lux.com/horaires-rose-festival-2026-timetable-complete/themes/,,2026-08-29,2026-08-29,1,L085,
A0094,musique,Odeza,artistes,A0094,https://www.info-lux.com/horaires-rose-festival-2026-timetable-complete/themes/,,2026-08-29,2026-08-29,1,L085,
A0095,musique,Kulturr,artistes,A0095,https://www.info-lux.com/horaires-rose-festival-2026-timetable-complete/themes/,,2026-08-29,2026-08-29,1,L085,
A0096,musique,Noé Extrat,artistes,A0096,https://www.info-lux.com/horaires-rose-festival-2026-timetable-complete/themes/,,2026-08-29,2026-08-29,1,L085,
A0097,musique,Timar,artistes,A0097,https://www.info-lux.com/horaires-rose-festival-2026-timetable-complete/themes/,,2026-08-29,2026-08-29,1,L085,
A0098,musique,Etane,artistes,A0098,https://www.info-lux.com/horaires-rose-festival-2026-timetable-complete/themes/,,2026-08-29,2026-08-29,1,L085,
A0099,musique,Juliane Piermay,artistes,A0099,https://www.info-lux.com/horaires-rose-festival-2026-timetable-complete/themes/,,2026-08-29,2026-08-29,1,L085,
A0100,musique,Iliona,artistes,A0100,https://www.info-lux.com/horaires-rose-festival-2026-timetable-complete/themes/,,2026-08-29,2026-08-29,1,L085,
A0102,musique,Béeseau,artistes,A0102,https://www.info-lux.com/horaires-rose-festival-2026-timetable-complete/themes/,,2026-08-29,2026-08-29,1,L085,
A0103,musique,Médine,artistes,A0103,https://www.info-lux.com/horaires-rose-festival-2026-timetable-complete/themes/,,2026-08-29,2026-08-29,1,L085,
A0104,musique,Noée,artistes,A0104,https://www.info-lux.com/horaires-rose-festival-2026-timetable-complete/themes/,,2026-08-29,2026-08-29,1,L085,
A0105,musique,Eva,artistes,A0105,https://www.info-lux.com/horaires-rose-festival-2026-timetable-complete/themes/,,2026-08-29,2026-08-29,1,L085,
A0106,musique,Maïa,artistes,A0106,https://www.info-lux.com/horaires-rose-festival-2026-timetable-complete/themes/,,2026-08-29,2026-08-29,1,L085,
A0107,musique,Triangle des Bermudes,artistes,A0107,https://www.info-lux.com/horaires-rose-festival-2026-timetable-complete/themes/,,2026-08-29,2026-08-29,1,L085,
A0108,musique,Ajar,artistes,A0108,https://www.info-lux.com/horaires-rose-festival-2026-timetable-complete/themes/,,2026-08-29,2026-08-29,1,L085,
A0109,musique,Jethro Nine (génération Spédidam),artistes,A0109,https://www.info-lux.com/horaires-rose-festival-2026-timetable-complete/themes/,,2026-08-29,2026-08-29,1,L085,
A0110,musique,Danyl,artistes,A0110,https://www.info-lux.com/horaires-rose-festival-2026-timetable-complete/themes/,,2026-08-29,2026-08-29,1,L085,
A0111,musique,2L,artistes,A0111,https://www.info-lux.com/horaires-rose-festival-2026-timetable-complete/themes/,,2026-08-29,2026-08-29,1,L085,
A0112,musique,Zaho,artistes,A0112,https://www.info-lux.com/horaires-rose-festival-2026-timetable-complete/themes/,,2026-08-29,2026-08-29,1,L085,
A0113,musique,Yiadé,artistes,A0113,https://www.info-lux.com/horaires-rose-festival-2026-timetable-complete/themes/,,2026-08-29,2026-08-29,1,L085,
A0114,musique,St Graal,artistes,A0114,https://www.info-lux.com/horaires-rose-festival-2026-timetable-complete/themes/,,2026-08-29,2026-08-29,1,L085,
A0115,musique,Josman,artistes,A0115,https://www.info-lux.com/horaires-rose-festival-2026-timetable-complete/themes/,,2026-08-29,2026-08-29,1,L085,
A0116,musique,Sunsept France,artistes,A0116,https://www.info-lux.com/horaires-rose-festival-2026-timetable-complete/themes/,,2026-08-29,2026-08-29,1,L085,
A0117,musique,DJ Snake,artistes,A0117,https://www.info-lux.com/horaires-rose-festival-2026-timetable-complete/themes/,,2026-08-29,2026-08-29,1,L085,
A0118,musique,Karpouzi Mon Amour (Bulgarock),artistes,A0118,https://www.halledelamachine.fr/evenements/halle-night-long/,,2026-08-29,2026-08-29,1,L130,
A0120,musique,Juliette Magnevasoa,artistes,A0120,https://lemetronum.fr/,,2026-09-04,2026-09-04,2,L082,
A0121,musique,Unfaced,artistes,A0121,https://lebikini.com/programmation,,2026-09-04,2026-09-04,1,L083,
A0122,theatre,Un putain de conte de fée,artistes,A0122,https://new.3tcafetheatre.com/spectacle/un-putain-de-conte-de-fee/,,2026-09-05,2026-09-05,1,L047,
A0126,musique,Javier Perianes,artistes,A0126,https://www.radiofrance.fr/francemusique/evenements/festival-festival-piano-jacobins-du-8-au-30-septembre-2026-6541388,,2026-09-08,2026-09-08,1,L134,
A0127,musique,Magdalene Ho,artistes,A0127,https://www.radiofrance.fr/francemusique/evenements/festival-festival-piano-jacobins-du-8-au-30-septembre-2026-6541388,,2026-09-09,2026-09-09,1,L134,
A0129,musique,Ilyun Bürkev,artistes,A0129,https://www.radiofrance.fr/francemusique/evenements/festival-festival-piano-jacobins-du-8-au-30-septembre-2026-6541388,,2026-09-10,2026-09-10,1,L134,
A0130,musique,Amareia,artistes,A0130,https://theatredepochetoulouse.fr/la-programmation-2/septembre/amareia-en-concert/,,2026-09-11,2026-09-11,1,L055,
A0131,musique,CHELABÔM,artistes,A0131,https://billetterie.festik.net/le-taquin/product/chelabom,,2026-09-11,2026-09-11,1,L075,
A0132,musique,Hortense de Beauharnais,artistes,A0132,https://www.lerextoulouse.com/fr/programmation/,,2026-09-11,2026-09-11,1,L076,
A0133,musique,Vadym Kholodenko,artistes,A0133,https://www.radiofrance.fr/francemusique/evenements/festival-festival-piano-jacobins-du-8-au-30-septembre-2026-6541388,,2026-09-11,2026-09-11,1,L134,
A0137,musique,DELI ZIRZOP,artistes,A0137,https://billetterie.festik.net/le-taquin/product/deli-zirzop,,2026-09-12,2026-09-12,1,L075,
A0139,musique,Jodylin Gallavardin,artistes,A0139,https://jacobins.toulouse.fr/fr/piano-aux-jacobins/,,2026-09-12,2026-09-12,1,L134,
A0140,musique,Paul Lay (carte blanche jazz),artistes,A0140,https://www.radiofrance.fr/francemusique/evenements/festival-festival-piano-jacobins-du-8-au-30-septembre-2026-6541388,,2026-09-14,2026-09-14,1,L134,
A0141,musique,Pierre-Laurent Aimard,artistes,A0141,https://www.radiofrance.fr/francemusique/evenements/festival-festival-piano-jacobins-du-8-au-30-septembre-2026-6541388,,2026-09-15,2026-09-15,1,L134,
A0142,musique,TABANAR,artistes,A0142,https://billetterie.festik.net/le-taquin/product/tabanar,,2026-09-16,2026-09-16,1,L075,
A0143,musique,FEELING THE SPIRIT OF GRANT GREEN,artistes,A0143,https://billetterie.festik.net/le-taquin/product/feeling-the-spirit-of-grant-green,,2026-09-17,2026-09-17,1,L075,
A0144,musique,Anna Petrova-Forster,artistes,A0144,https://www.radiofrance.fr/francemusique/evenements/festival-festival-piano-jacobins-du-8-au-30-septembre-2026-6541388,,2026-09-17,2026-09-17,1,L134,
A0145,theatre,Kody,artistes,A0145,https://new.3tcafetheatre.com/spectacle/kody-evolue/,,2026-09-18,2026-09-18,1,L047,
A0146,musique,La Mòssa + Sollùna,artistes,A0146,https://billetterie.festik.net/le-taquin/product/la-mossa--et--solluna-festival-occitania/,,2026-09-18,2026-09-18,1,L075,
A0147,musique,Urge,artistes,A0147,https://www.lerextoulouse.com/fr/programmation/,,2026-09-18,2026-09-18,1,L076,
A0148,musique,Mourir,artistes,A0148,https://www.lerextoulouse.com/fr/programmation/,,2026-09-18,2026-09-18,1,L076,
A0149,musique,The Young Gods,artistes,A0149,https://lebikini.com/2026/09/18/the-young-gods,,2026-09-18,2026-09-18,4,L083|L093|L132,
A0150,musique,Elisabeth Pion,artistes,A0150,https://www.radiofrance.fr/francemusique/evenements/festival-festival-piano-jacobins-du-8-au-30-septembre-2026-6541388,,2026-09-18,2026-09-18,1,L134,
A0152,theatre,Les Bonobos,artistes,A0152,https://new.3tcafetheatre.com/spectacle/les-bonobos/,,2026-09-19,2026-09-19,1,L047,
A0154,musique,Einar Solberg,artistes,A0154,https://www.lerextoulouse.com/fr/programmation/,,2026-09-20,2026-09-20,1,L076,
A0155,musique,Les Clefs de Saint-Pierre,artistes,A0155,https://monuments.toulouse.fr/saison-musicale-toulouse/,,2026-09-21,2026-09-21,1,L071,
A0156,theatre,"Pianip–Pianop (Pierre Rigal, Constant Despres, Brice Mvie)",artistes,A0156,https://www.radiofrance.fr/francemusique/evenements/festival-festival-piano-jacobins-du-8-au-30-septembre-2026-6541388,,2026-09-22,2026-09-22,1,L072,
A0157,theatre,Aéro malgré lui !,artistes,A0157,https://new.3tcafetheatre.com/spectacle/aero-malgre-lui/,,2026-09-23,2026-09-23,1,L047,
A0158,musique,Valentin POMMERAY TRIO,artistes,A0158,https://billetterie.festik.net/le-taquin/product/valentin-pommeray-trio,,2026-09-23,2026-09-23,1,L075,
A0160,musique,Bernard Sellam And The Boyz From The Hood,artistes,A0160,https://www.le-taquin.fr/concerts-a-venir/,,2026-09-24,2026-09-24,1,L075,
A0161,musique,Labess,artistes,A0161,https://lemetronum.fr/,,2026-09-24,2026-09-24,1,L082,
A0162,musique,Tiwiza,artistes,A0162,https://lemetronum.fr/,,2026-09-24,2026-09-24,1,L082,
A0163,theatre,Gabrielle Giraud,artistes,A0163,https://new.3tcafetheatre.com/spectacle/gabrielle-giraud-au-naturel/,,2026-09-25,2026-09-25,1,L047,
A0164,theatre,Lisa Perrio,artistes,A0164,https://new.3tcafetheatre.com/spectacle/lisa-perrio-cest-complique-je-texpliquerai/,,2026-09-25,2026-09-25,1,L047,
A0165,musique,Gabriel Delmas invite Jakob Manz + JAM,artistes,A0165,https://www.le-taquin.fr/concerts-a-venir/,,2026-09-25,2026-09-25,1,L075,
A0166,musique,Potochkine,artistes,A0166,https://www.lerextoulouse.com/fr/programmation/,,2026-09-25,2026-09-25,1,L076,
A0167,musique,Light Asylum,artistes,A0167,https://www.lerextoulouse.com/fr/programmation/,,2026-09-25,2026-09-25,1,L076,
A0168,musique,Jérémy Rollando,artistes,A0168,https://www.sallenougaro.com/programmation/,,2026-09-25,2026-09-25,1,L081,
A0169,musique,Zinée,artistes,A0169,https://lemetronum.fr/,,2026-09-25,2026-09-25,1,L082,
A0170,musique,Etane,artistes,A0170,https://lemetronum.fr/,,2026-09-25,2026-09-25,1,L082,
A0174,musique,MOWGLI + NAAMLOZE,artistes,A0174,https://billetterie.festik.net/le-taquin/product/mowgli--et--naamloze,,2026-09-26,2026-09-26,1,L075,
A0175,musique,LEE BURRIDGE,artistes,A0175,https://halles-cartoucherie.fr/la-cabane/,,2026-09-26,2026-09-26,1,L080,
A0176,musique,Paloma Colombe,artistes,A0176,https://lemetronum.fr/,,2026-09-26,2026-09-26,1,L082,
A0177,musique,La Louuve,artistes,A0177,https://lemetronum.fr/,,2026-09-26,2026-09-26,1,L082,
A0178,musique,Shahzen,artistes,A0178,https://lemetronum.fr/,,2026-09-26,2026-09-26,1,L082,
A0179,musique,Forever Nu,artistes,A0179,https://www.lerextoulouse.com/fr/programmation/,,2026-09-27,2026-09-27,1,L076,
A0180,theatre,Kevin Levy : Cocu,artistes,A0180,https://new.3tcafetheatre.com/spectacle/kevin-levy-cocu/,,2026-09-28,2026-09-28,1,L047,
A0181,musique,Seven Spires,artistes,A0181,https://www.lerextoulouse.com/fr/programmation/,,2026-09-28,2026-09-28,1,L076,
A0182,musique,Tulip,artistes,A0182,https://www.lerextoulouse.com/fr/programmation/,,2026-09-28,2026-09-28,1,L076,
A0183,musique,Xandria,artistes,A0183,https://www.lerextoulouse.com/fr/programmation/,,2026-09-28,2026-09-28,1,L076,
A0184,musique,FAT FREDDY'S DROP,artistes,A0184,https://lebikini.com/programmation,,2026-09-28,2026-09-28,1,L083,
A0186,musique,Schooet,artistes,A0186,https://theatredepochetoulouse.fr/la-programmation-2/septembre/schooet-des-goguettes/,,2026-09-30,2026-09-30,1,L055,
A0187,musique,FIBR 4TET,artistes,A0187,https://billetterie.festik.net/le-taquin/product/fibr-4tet,,2026-09-30,2026-09-30,1,L075,
A0188,musique,LOUIS CATTELAT,artistes,A0188,https://halles-cartoucherie.fr/la-cabane/,,2026-09-30,2026-09-30,1,L080,
A0189,musique,DJ Pone,artistes,A0189,https://www.lerextoulouse.com/fr/programmation/,,2026-10-01,2026-10-01,2,L076,
A0190,musique,Talisco,artistes,A0190,https://www.lerextoulouse.com/fr/programmation/,,2026-10-03,2026-10-03,1,L076,
A0191,musique,Primal Fear,artistes,A0191,https://www.lerextoulouse.com/fr/programmation/,,2026-10-06,2026-10-06,1,L076,
A0192,musique,HIPPOTRAKTOR,artistes,A0192,https://www.lerextoulouse.com/fr/programmation/,,2026-10-08,2026-10-08,1,L076,
A0193,musique,HYPNO5E,artistes,A0193,https://www.lerextoulouse.com/fr/programmation/,,2026-10-08,2026-10-08,1,L076,
A0194,musique,A6EL,artistes,A0194,https://www.lerextoulouse.com/fr/programmation/,,2026-10-09,2026-10-09,1,L076,
A0195,musique,Dopelord,artistes,A0195,https://www.lerextoulouse.com/fr/programmation/,,2026-10-12,2026-10-12,1,L076,
A0196,musique,Monolord,artistes,A0196,https://www.lerextoulouse.com/fr/programmation/,,2026-10-12,2026-10-12,1,L076,
A0197,musique,Earth Tongue,artistes,A0197,https://www.lerextoulouse.com/fr/programmation/,,2026-10-14,2026-10-14,1,L076,
A0198,musique,Hällas,artistes,A0198,https://www.lerextoulouse.com/fr/programmation/,,2026-10-14,2026-10-14,1,L076,
A0200,musique,Neon Paradise,artistes,A0200,https://www.lerextoulouse.com/fr/programmation/,,2026-10-17,2026-10-17,1,L076,
A0201,musique,Neon Kult,artistes,A0201,https://www.lerextoulouse.com/fr/programmation/,,2026-10-17,2026-10-17,1,L076,
A0202,musique,Vector Seven,artistes,A0202,https://www.lerextoulouse.com/fr/programmation/,,2026-10-17,2026-10-17,1,L076,
A0203,musique,Owls Woods Graves,artistes,A0203,https://www.lerextoulouse.com/fr/programmation/,,2026-10-22,2026-10-22,1,L076,
A0204,musique,Profanation,artistes,A0204,https://www.lerextoulouse.com/fr/programmation/,,2026-10-22,2026-10-22,1,L076,
A0205,musique,Gorrch,artistes,A0205,https://www.lerextoulouse.com/fr/programmation/,,2026-10-22,2026-10-22,1,L076,
A0206,musique,Mispyrming,artistes,A0206,https://www.lerextoulouse.com/fr/programmation/,,2026-10-22,2026-10-22,1,L076,
A0207,musique,Boris,artistes,A0207,https://www.lerextoulouse.com/fr/programmation/,,2026-10-25,2026-10-25,1,L076,
A0208,musique,Imparfait,artistes,A0208,https://www.lerextoulouse.com/fr/programmation/,,2026-10-28,2026-10-28,1,L076,
A0209,musique,Calva Louise,artistes,A0209,https://www.lerextoulouse.com/fr/programmation/,,2026-10-28,2026-10-28,1,L076,
A0210,musique,Two Lanes,artistes,A0210,https://www.lerextoulouse.com/fr/programmation/,,2026-10-30,2026-10-30,1,L076,
A0211,musique,Spider Zed,artistes,A0211,https://www.lerextoulouse.com/fr/programmation/,,2026-11-04,2026-11-04,1,L076,
A0212,musique,Mammal Hands,artistes,A0212,https://www.sallenougaro.com/programmation/,,2026-11-04,2026-11-04,1,L081,
A0213,musique,7WEEKS,artistes,A0213,https://www.lerextoulouse.com/fr/programmation/,,2026-11-05,2026-11-05,1,L076,
A0214,musique,Within Destruction,artistes,A0214,https://www.lerextoulouse.com/fr/programmation/,,2026-11-06,2026-11-06,1,L076,
A0215,musique,Abbie Falls,artistes,A0215,https://www.lerextoulouse.com/fr/programmation/,,2026-11-06,2026-11-06,1,L076,
A0216,musique,The Browning,artistes,A0216,https://www.lerextoulouse.com/fr/programmation/,,2026-11-06,2026-11-06,1,L076,
A0217,musique,Storm Orchestra,artistes,A0217,https://www.lephemereguinguette.com/evenement/?event=6180,,2026-08-28,2026-11-07,2,L076|L109,
A0218,musique,Fulci,artistes,A0218,https://www.lephemereguinguette.com/evenement/?event=6158,,2026-08-29,2026-11-08,2,L076|L109,
A0219,musique,Arottenbit,artistes,A0219,https://www.lerextoulouse.com/fr/programmation/,,2026-11-08,2026-11-08,1,L076,
A0220,musique,Master Boot Record,artistes,A0220,https://www.brasseur-toulousain.fr/la-guinguette-bbt/,,2026-08-28,2026-11-08,2,L076|L110,
A0221,musique,The Vintage Caravan,artistes,A0221,https://www.lerextoulouse.com/fr/programmation/,,2026-11-09,2026-11-09,1,L076,
A0222,musique,Magyd Cherfi,artistes,A0222,https://www.sallenougaro.com/programmation/,,2026-11-12,2026-11-12,1,L081,
A0223,musique,Stanislas,artistes,A0223,https://www.lerextoulouse.com/fr/programmation/,,2026-11-14,2026-11-14,1,L076,
A0224,musique,Jupiter & Okwess,artistes,A0224,https://www.sallenougaro.com/programmation/,,2026-11-18,2026-11-18,1,L081,
A0225,musique,ROADRUNNERS,artistes,A0225,https://www.lerextoulouse.com/fr/programmation/,,2026-11-19,2026-11-19,1,L076,
A0226,musique,63OG,artistes,A0226,https://www.lerextoulouse.com/fr/programmation/,,2026-11-21,2026-11-21,1,L076,
A0227,musique,Spike and the Gimme Gimmes,artistes,A0227,https://www.lerextoulouse.com/fr/programmation/,,2026-11-22,2026-11-22,1,L076,
A0228,musique,Colours in the Street,artistes,A0228,https://www.lerextoulouse.com/fr/programmation/,,2026-11-26,2026-11-26,1,L076,
A0229,musique,Florent Marchet,artistes,A0229,https://www.sallenougaro.com/programmation/,,2026-11-26,2026-11-26,1,L081,
A0230,musique,Knoll,artistes,A0230,https://www.lerextoulouse.com/fr/programmation/,,2026-11-27,2026-11-27,1,L076,
A0231,musique,Imperial Triumphant,artistes,A0231,https://www.lerextoulouse.com/fr/programmation/,,2026-11-27,2026-11-27,1,L076,
A0232,musique,DINAA,artistes,A0232,https://www.lerextoulouse.com/fr/programmation/,,2026-11-28,2026-11-28,1,L076,
A0233,musique,Malefino,artistes,A0233,https://www.lerextoulouse.com/fr/programmation/,,2026-12-02,2026-12-02,1,L076,
A0234,musique,Gaouta,artistes,A0234,https://www.lerextoulouse.com/fr/programmation/,,2026-12-02,2026-12-02,1,L076,
A0235,musique,Rosa Crux,artistes,A0235,https://www.lerextoulouse.com/fr/programmation/,,2026-12-02,2026-12-02,1,L076,
A0236,musique,Tribulation,artistes,A0236,https://www.lerextoulouse.com/fr/programmation/,,2026-12-03,2026-12-03,1,L076,
A0237,musique,Soen,artistes,A0237,https://www.lerextoulouse.com/fr/programmation/,,2026-12-03,2026-12-03,1,L076,
A0238,musique,JWLES,artistes,A0238,https://www.lerextoulouse.com/fr/programmation/,,2026-12-04,2026-12-04,1,L076,
A0239,musique,Changeline,artistes,A0239,https://www.lerextoulouse.com/fr/programmation/,,2026-12-05,2026-12-05,1,L076,
A0240,musique,Solventis,artistes,A0240,https://www.lerextoulouse.com/fr/programmation/,,2026-12-11,2026-12-11,1,L076,
A0241,musique,Esthesis,artistes,A0241,https://www.lerextoulouse.com/fr/programmation/,,2026-12-11,2026-12-11,1,L076,
A0242,musique,The Sexy Music Live Band,artistes,A0242,https://www.lerextoulouse.com/fr/programmation/,,2026-12-12,2026-12-12,1,L076,
A0243,musique,Theo Juice,artistes,A0243,https://www.lerextoulouse.com/fr/programmation/,,2026-12-12,2026-12-12,1,L076,
A0244,musique,Seth Gueko,artistes,A0244,https://www.lerextoulouse.com/fr/programmation/,,2026-12-19,2026-12-19,1,L076,
A0245,musique,Tonique & Man,artistes,A0245,https://www.lerextoulouse.com/fr/programmation/,,2027-01-29,2027-01-29,1,L076,
A0246,musique,The Black Dahlia Murder,artistes,A0246,https://www.lerextoulouse.com/fr/programmation/,,2027-02-09,2027-02-09,1,L076,
A0247,musique,Pestilence,artistes,A0247,https://www.lerextoulouse.com/fr/programmation/,,2027-02-11,2027-02-11,1,L076,
A0248,musique,Cryptic Shift,artistes,A0248,https://www.lerextoulouse.com/fr/programmation/,,2027-02-11,2027-02-11,1,L076,
A0249,musique,Thus,artistes,A0249,https://www.lerextoulouse.com/fr/programmation/,,2027-02-11,2027-02-11,1,L076,
A0250,musique,DVRK,artistes,A0250,https://www.lerextoulouse.com/fr/programmation/,,2027-02-11,2027-02-11,1,L076,
A0251,musique,Obscura,artistes,A0251,https://www.lerextoulouse.com/fr/programmation/,,2027-02-11,2027-02-11,1,L076,
A0252,musique,Revnoir,artistes,A0252,https://www.lerextoulouse.com/fr/programmation/,,2027-02-13,2027-02-13,1,L076,
A0253,musique,Eloiz,artistes,A0253,https://www.lerextoulouse.com/fr/programmation/,,2027-02-19,2027-02-19,1,L076,
A0254,musique,Cuarteto Tafi,artistes,A0254,https://www.lephemereguinguette.com/evenement/?event=6161,,2026-08-30,2026-08-30,1,L109,
A0255,musique,Candie,artistes,A0255,https://lesjardinsdecandie.com/,,2026-08-24,2026-08-24,1,L092,
A0256,musique,Musique live (Candie),artistes,A0256,https://lesjardinsdecandie.com/,,2026-08-26,2026-09-23,5,L092,
A0257,musique,Aether,artistes,A0257,,,,,0,,
A0258,musique,Kamilou (Festival d’été de Québec),artistes,A0258,,,,,0,,
A0259,musique,Juste Shani,artistes,A0259,https://www.info-lux.com/horaires-rose-festival-2026-timetable-complete/themes/,,2026-08-27,2027-01-14,2,L076|L085,
A0260,autre,Soirée Candie Pop,artistes,A0260,,,,,0,,
A0261,musique,DJ set Candie,artistes,A0261,https://lesjardinsdecandie.com/,,2026-08-28,2026-09-19,8,L092,
A0262,autre,Tu Luz Habana,artistes,A0262,,,,,0,,
A0263,autre,LEON Show Man,artistes,A0263,,,,,0,,
A0264,musique,Concert La Cuma,artistes,A0264,https://www.lamaisondelaterre.fr/concert-cuma-samedi-28-aout-a-20h/,,2026-08-28,2026-08-28,1,L152,
A0265,musique,Deeplodocus,artistes,A0265,https://www.lamaisondelaterre.fr/concert-deeplodocus-samedi-28-aout-a-21h30/,,2026-08-28,2026-08-28,1,L152,
A0266,musique,Retro Fever,artistes,A0266,https://www.hautegaronnetourisme.com/agenda/festival-31-notes-dete-buzet-sur-tarn/,,2026-08-28,2026-08-28,1,L155,
A0267,musique,L'Esbrouf,artistes,A0267,https://www.hautegaronnetourisme.com/agenda/festival-31-notes-dete-buzet-sur-tarn/,,2026-08-28,2026-08-28,1,L155,
A0268,musique,Pianomuses,artistes,A0268,https://monuments.toulouse.fr/saison-musicale-toulouse/,,2026-08-29,2026-09-06,2,L071,
A0269,musique,Lauréat Tremplin V and B Fest’ 2026,artistes,A0269,https://www.info-lux.com/horaires-rose-festival-2026-timetable-complete/themes/,,2026-08-29,2026-08-29,1,L085,
A0270,autre,Moher,artistes,A0270,,,,,0,,
A0271,musique,Création FÔM,artistes,A0271,https://www.ville-pechbonnieu.fr/evenement/festival-31-notes-dete/,,2026-08-29,2026-08-29,1,L154,
A0272,musique,Adelante Quintet,artistes,A0272,https://www.ville-pechbonnieu.fr/evenement/festival-31-notes-dete/,,2026-08-29,2026-08-29,1,L154,
A0273,theatre,Chers parents,artistes,A0273,https://new.3tcafetheatre.com/spectacle/chers-parents/,,2026-09-03,2026-09-29,3,L047,
A0274,theatre,"Anne Roumanoff, L’âge libre",artistes,A0274,,,,,0,,
A0275,theatre,À vies contraires,artistes,A0275,https://new.3tcafetheatre.com/spectacle/a-vies-contraires/,,2026-09-04,2026-09-25,2,L047,
A0276,theatre,Venise sous la neige,artistes,A0276,https://new.3tcafetheatre.com/spectacle/venise-sous-la-neige/,,2026-09-04,2026-09-17,2,L047,
A0277,musique,LE TAQUIN FETE SES 10 ANS #1,artistes,A0277,https://www.le-taquin.fr/programmation/le-taquin-fete-ses-10-ans-1/?wcs_timestamp=1788544800,,2026-09-04,2026-09-04,1,L075,
A0278,theatre,"Les Femmes ont toujours raison, les hommes n’ont jamais tort",artistes,A0278,,,,,0,,
A0279,musique,LE TAQUIN FETE SES 10 ANS #2,artistes,A0279,https://www.le-taquin.fr/programmation/le-taquin-fete-ses-10-ans-1-2/?wcs_timestamp=1788631200,,2026-09-05,2026-09-05,1,L075,
A0280,musique,PLEIN PHARE,artistes,A0280,https://www.lerextoulouse.com/fr/programmation/,,2026-09-05,2026-09-05,1,L076,
A0281,musique,REX TECHNO OPENING,artistes,A0281,https://www.lerextoulouse.com/fr/programmation/,,2026-09-05,2026-09-05,1,L076,
A0282,musique,Closing,artistes,A0282,https://lepetitlu-guinguette.fr/,,2026-09-05,2026-09-05,1,L106,
A0283,musique,JAM#1 en mixité choisie,artistes,A0283,https://www.le-taquin.fr/programmation/jam1-en-mixite-choisie/?wcs_timestamp=1788985800,,2026-09-09,2026-09-09,1,L075,
A0284,theatre,Houriaa,artistes,A0284,https://festivalramonville-arto.fr/programmation/festival-2026,,2026-09-09,2026-09-09,1,L156,
A0285,theatre,"Psy, sex and fun",artistes,A0285,https://new.3tcafetheatre.com/spectacle/psy-sex-and-fun/,,2026-09-10,2026-09-25,2,L047,
A0286,musique,datziraGrain présente ECHO JAZZ,artistes,A0286,https://billetterie.festik.net/le-taquin/product/datziragrain___-presente-echo-jazz/,,2026-09-10,2026-09-10,1,L075,
A0287,theatre,Sax Machines Foundation,artistes,A0287,https://festivalramonville-arto.fr/programmation/festival-2026,,2026-09-10,2026-09-10,1,L157,
A0288,theatre,Vacances de rêve,artistes,A0288,https://new.3tcafetheatre.com/spectacle/vacances-de-reve/,,2026-09-11,2026-09-24,3,L047,
A0289,theatre,Une semaine pas plus !,artistes,A0289,https://new.3tcafetheatre.com/spectacle/une-semaine-pas-plus/,,2026-09-12,2026-09-19,2,L047,
A0290,theatre,Les Clotildes : Vive la mariée !,artistes,A0290,https://new.3tcafetheatre.com/spectacle/vive-la-mariae/,,2026-09-12,2026-09-12,1,L047,
A0291,theatre,En toutes amitiés,artistes,A0291,https://new.3tcafetheatre.com/spectacle/en-toutes-amities/,,2026-09-12,2026-09-12,1,L047,
A0292,theatre,On est tous portés sur la question,artistes,A0292,https://new.3tcafetheatre.com/spectacle/on-est-tous-portes-sur-la-question/,,2026-09-12,2026-09-12,1,L047,
A0293,musique,Le Rex fête ses 10 ans,artistes,A0293,https://www.lerextoulouse.com/fr/programmation/,,2026-09-12,2026-09-12,1,L076,
A0294,theatre,Les Dents du Rire,artistes,A0294,https://theatredepochetoulouse.fr/la-programmation-2/septembre/les-dents-du-rire/,,2026-09-16,2026-09-17,2,L055,
A0295,musique,La Mòssa + Sollùna,artistes,A0295,,,,,0,,
A0296,musique,Bonjour Au Revoir joue les Beatles,artistes,A0296,https://foyerrurallasserrepradere.fr/agenda/agenda-culturel-le-buvart/,,2026-09-18,2026-09-18,1,L153,
A0297,theatre,Le meilleur de l’homme c’est sa femme,artistes,A0297,https://new.3tcafetheatre.com/spectacle/le-meilleur-de-lhomme-cest-sa-femme/,,2026-09-19,2026-09-19,1,L047,
A0298,theatre,Divagueries sentimentales,artistes,A0298,https://theatredepochetoulouse.fr/la-programmation-2/septembre/divagueries-sentimentales/,,2026-09-19,2026-09-19,1,L055,
A0299,musique,Irina González JAM LATINA #2 Destination Brésil !,artistes,A0299,https://billetterie.festik.net/le-taquin/product/irina-gonzalez-jam-latina-2-destination-bresil,,2026-09-19,2026-09-19,1,L075,
A0300,musique,Concert : musique et cinéma | bibliothèque,artistes,A0300,https://www.lacinemathequedetoulouse.com/programmation/agenda,,2026-09-19,2026-09-19,1,L131,
A0301,musique,Wonder Brass Quartet,artistes,A0301,https://www.archives.haute-garonne.fr/,,2026-09-19,2026-09-19,3,L149,
A0302,musique,Tolosa Trobadors,artistes,A0302,https://www.comdt.org/evenement/journee-portes-ouvertes-sortie-de-residence-tolosa-trobadors/,,2026-09-20,2026-09-20,1,L151,
A0303,musique,Les Clefs de Saint-Pierre,artistes,A0303,,,,,0,,
A0304,theatre,Le Grand Hôtel,artistes,A0304,https://new.3tcafetheatre.com/spectacle/le-grand-hotel/,,2026-09-24,2026-09-24,1,L047,
A0305,theatre,"Lisa Perrio, C'est compliqué je t'expliquerai",artistes,A0305,,,,,0,,
A0306,theatre,Les Monologues du Vagin,artistes,A0306,https://new.3tcafetheatre.com/spectacle/les-monologues-du-vagin/,,2026-09-26,2026-09-26,1,L047,
A0307,theatre,Le Prénom,artistes,A0307,https://new.3tcafetheatre.com/spectacle/le-prenom/,,2026-09-26,2026-09-26,1,L047,
A0308,theatre,Trop Parfaite !,artistes,A0308,https://new.3tcafetheatre.com/spectacle/trop-parfaite/,,2026-09-26,2026-09-26,1,L047,
A0309,musique,FAT FREDDY'S DROP,artistes,A0309,,,,,0,,
A0310,theatre,Toc Toc,artistes,A0310,https://new.3tcafetheatre.com/spectacle/toc-toc/,,2026-09-30,2026-09-30,1,L047,
A0311,musique,Tarmo Peltokoski / Daniel Lozakovich,artistes,A0311,https://onct.toulouse.fr/tarmo-peltokoski-daniel-lozakovich-6075101/,,2026-10-01,2026-10-01,1,L070,
A0312,musique,Pierre-Emmanuel Barré,artistes,A0312,https://lebikini.com/2026/10/02/pierre-emmanuel-barre-la-halle-aux-grains,,2026-10-02,2026-10-02,1,L070,
A0313,musique,Lio Kuokman / Nelson Goerner,artistes,A0313,https://onct.toulouse.fr/lio-kuokman-nelson-goerner-4763660/,,2026-10-08,2026-10-08,1,L070,
A0314,musique,CORNÉLIUS,artistes,A0314,https://kiwiramonville-arto.fr/evenement/cornelius/,,2026-10-08,2026-10-08,1,L150,
A0315,musique,Cercle de l’Harmonie,artistes,A0315,https://www.grandsinterpretes.fr/concerts/le-cercle-de-lharmonie-jeremie-rhorer-choeur-orfeon-donostiarra-jose-antonio-sainz-alfaro/,,2026-10-12,2026-10-12,1,L070,
A0316,musique,Ben l'Oncle Soul,artistes,A0316,,,,,0,,
A0317,musique,READY FOR PROG FESTIVAL,artistes,A0317,https://www.lerextoulouse.com/fr/programmation/,,2026-10-16,2026-10-16,1,L076,
A0318,musique,Comme John // Ring of Cash,artistes,A0318,https://kiwiramonville-arto.fr/evenement/futal-2026/,,2026-10-17,2026-10-17,1,L150,
A0319,musique,Pierre et le Loup,artistes,A0319,https://onct.toulouse.fr/pierre-et-le-loup-7912342/,,2026-10-18,2026-10-18,2,L070,
A0320,musique,Sage & Zaza,artistes,A0320,https://kiwiramonville-arto.fr/evenement/futal-2026/,,2026-10-18,2026-10-18,1,L150,
A0321,musique,Symphonie Africaine,artistes,A0321,https://onct.toulouse.fr/symphonie-africaine-5810855/,,2026-10-23,2026-10-23,1,L070,
A0322,musique,Stephan Eicher,artistes,A0322,https://onct.toulouse.fr/la-halle-aux-grains/programmation-halle-aux-grains/,,2026-10-24,2026-10-25,2,L070,
A0323,musique,Cocoon,artistes,A0323,https://lebikini.com/2026/10/30/cocoon-la-halle-aux-grains,,2026-10-30,2026-10-30,1,L070,
A0324,theatre,Concert Framboyán,artistes,A0324,https://kiwiramonville-arto.fr/evenement/grande-fete-mortelle/,,2026-10-31,2026-10-31,1,L150,
A0325,musique,Chamber Orchestra of Europe,artistes,A0325,https://www.grandsinterpretes.fr/concerts/chamber-orchestra-of-europe-sir-antonio-pappano-alexandre-kantorow/,,2026-11-05,2026-11-05,1,L070,
A0326,musique,Eva Ollikainen / Beatrice Rana,artistes,A0326,https://onct.toulouse.fr/eva-ollikainen-beatrice-rana-97145/,,2026-11-06,2026-11-06,1,L070,
A0327,musique,Alexander Soddy / Stefan Dohr,artistes,A0327,https://onct.toulouse.fr/alexander-soddy-stefan-dohr-4964772/,,2026-11-14,2026-11-14,1,L070,
A0328,musique,Lang Lang,artistes,A0328,https://www.gdp.fr/fr/acheter/billets-certifies-grand-public-lang-lang-2024-wqy7ut8baw7y/plan,,2026-11-15,2026-11-15,1,L070,
A0329,musique,Nikolaï Lugansky,artistes,A0329,https://www.grandsinterpretes.fr/concerts/nikolai-lugansky/,,2026-11-17,2026-11-17,1,L070,
A0330,musique,Concert étudiants,artistes,A0330,https://onct.toulouse.fr/concert-etudiants-1638965/,,2026-11-19,2026-11-19,1,L070,
A0331,musique,Legrand enchanteur avec Nathalie Dessay,artistes,A0331,https://www.odyssud.com/spectacles/musiques/legrand-enchanteur-tout-public,,2026-11-22,2026-11-22,1,L070,
A0332,musique,Jean-François Zygel met en musique le canal du Midi,artistes,A0332,https://onct.toulouse.fr/jean-francois-zygel-met-en-musique-le-canal-du-midi-4354691/,,2026-11-26,2026-11-26,1,L070,
A0333,musique,Let’s Swing Again!,artistes,A0333,https://onct.toulouse.fr/lets-swing-again-8806982/,,2026-12-03,2026-12-04,2,L070,
A0334,musique,Philippe Jaroussky,artistes,A0334,https://www.grandsinterpretes.fr/concerts/philippe-jaroussky-ensemble-artaserse/,,2026-12-05,2026-12-05,1,L070,
A0335,musique,Noël avec Britten,artistes,A0335,https://onct.toulouse.fr/noel-avec-britten-2716898/,,2026-12-06,2026-12-06,1,L070,
A0336,musique,Chœur Accentus,artistes,A0336,https://www.grandsinterpretes.fr/concerts/choeur-accentus-insula-orchestra-laurence-equilbey/,,2026-12-08,2026-12-08,1,L070,
A0337,musique,Riccardo Minasi / Nobuyuki Tsujii,artistes,A0337,https://onct.toulouse.fr/la-halle-aux-grains/programmation-halle-aux-grains/,,2026-12-10,2026-12-10,1,L070,
A0338,musique,Happy Hour avec le violon,artistes,A0338,https://onct.toulouse.fr/happy-hour-avec-le-violon-6869851/,,2026-12-12,2026-12-12,1,L070,
A0339,musique,Barbara Hannigan / Bertrand Chamayou,artistes,A0339,https://onct.toulouse.fr/barbara-hannigan-bertrand-chamayou-9702167/,,2026-12-17,2026-12-17,1,L070,
A0340,theatre,Hugues Lavigne,artistes,A0340,,,,,0,,
A0341,theatre,Félix Junier,artistes,A0341,,,,,0,,
A0342,theatre,Caroline Seba,artistes,A0342,,,,,0,,
A0343,musique,les classiques,artistes,A0343,https://lebikini.com/2026/09/01/les-classiques,,2026-09-01,2026-09-02,6,L083|L093|L132,
A0344,musique,SEPTEMBRE au BUV'ART,artistes,A0344,https://foyerrurallasserrepradere.fr/agenda/agenda-culturel-le-buvart/septembre-au-buvart-5269881,,2026-09-01,2026-09-01,1,L153,
A0345,musique,Café des parents: une rentrée à partager,artistes,A0345,https://foyerrurallasserrepradere.fr/agenda/agenda-culturel-le-buvart/cafe-des-parents-une-rentree-a-partager,,2026-09-01,2026-09-01,1,L153,
A0346,musique,tropical discoteq emile omar and friends,artistes,A0346,https://lebikini.com/2026/09/03/tropical-discoteq-emile-omar-and-friends,,2026-09-03,2026-09-03,3,L083|L093|L132,
A0347,musique,𝗞𝗔𝗥𝗡𝗔𝗚𝗘 𝗥𝗘𝗫 𝗢𝗣𝗘𝗡𝗜𝗡𝗚 𝗜𝗡𝗗𝗨𝗦𝗧𝗥𝗜𝗔𝗟 ⻽ (electro|hardcore),artistes,A0347,https://www.lerextoulouse.com/fr/programmation/et120286-et120276-et120293-et120289-et120276-et120282-et120280-et120293-et120280-et120299-et120290-et120291-et120280-et120289-et120284-et120289-et120282-et120284-et120289-et120279-et120296-et120294-et120295-et120293-et120284-et120276-et120287-et12029/,,2026-09-04,2026-09-04,1,L076,
A0348,musique,apero 2000 vs 2010,artistes,A0348,https://lebikini.com/2026/09/04/apero-2000-vs-2010,,2026-09-04,2026-09-04,3,L083|L093|L132,
A0349,musique,unfaced jacidorex part time killer dj cringey danke al,artistes,A0349,https://lebikini.com/2026/09/04/unfaced-jacidorex-part-time-killer-dj-cringey-danke-al,,2026-09-04,2026-09-04,3,L083|L093|L132,
A0350,musique,REX TECHNO OPENING x PLEIN PHARE,artistes,A0350,https://www.lerextoulouse.com/fr/programmation/rex-techno-opening-x-plein-phare-entree-gratuite-/,,2026-09-05,2026-09-05,1,L076,
A0351,musique,apero 80 s,artistes,A0351,https://lebikini.com/2026/09/05/apero-80-s,,2026-09-05,2026-09-05,3,L083|L093|L132,
A0352,musique,la qlub dj sexstasy dj caline belladonna sohier,artistes,A0352,https://lebikini.com/2026/09/05/la-qlub-dj-sexstasy-dj-caline-belladonna-sohier,,2026-09-05,2026-09-05,3,L083|L093|L132,
A0353,musique,Lecture pour les tout-petits,artistes,A0353,https://foyerrurallasserrepradere.fr/agenda/agenda-culturel-le-buvart/lecture-pour-les-tout-petits-7083520,,2026-09-09,2026-09-09,1,L153,
A0354,musique,Karaoké,artistes,A0354,https://foyerrurallasserrepradere.fr/agenda/agenda-culturel-le-buvart/karaoke-8897278,,2026-09-10,2026-09-10,1,L153,
A0355,musique,HORTENSE DE BEAUHARNAIS (all night long) (techno|hardstyle),artistes,A0355,https://www.lerextoulouse.com/fr/programmation/hortense-de-beauharnais-all-night-long-/,,2026-09-11,2026-09-11,1,L076,
A0356,musique,playground metrik simula monty against humanity rinma,artistes,A0356,https://lebikini.com/2026/09/11/playground-metrik-simula-monty-against-humanity-rinma,,2026-09-11,2026-09-11,3,L083|L093|L132,
A0357,musique,LE REX FTE SES 10 ANS (electro|funk|pop-rock),artistes,A0357,https://www.lerextoulouse.com/fr/programmation/le-rex-fete-ses-10-ans/,,2026-09-12,2026-09-12,1,L076,
A0358,musique,reevolt uberkikz caiva kandelissa,artistes,A0358,https://lebikini.com/2026/09/12/reevolt-uberkikz-caiva-kandelissa,,2026-09-12,2026-09-12,3,L083|L093|L132,
A0359,musique,Atelier Conteurs Amateurs,artistes,A0359,https://foyerrurallasserrepradere.fr/agenda/agenda-culturel-le-buvart/atelier-conteurs-amateurs-3064200,,2026-09-12,2026-09-12,1,L153,
A0360,musique,stand with lebanon belaria b2b secret guest arabian panther lyss jaad,artistes,A0360,https://lebikini.com/2026/09/13/stand-with-lebanon-belaria-b2b-secret-guest-arabian-panther-lyss-jaad,,2026-09-13,2026-09-13,3,L083|L093|L132,
A0361,musique,Le voyage de zacario,artistes,A0361,https://foyerrurallasserrepradere.fr/agenda/agenda-culturel-le-buvart/le-voyage-de-zacario-8252135,,2026-09-13,2026-09-13,1,L153,
A0362,musique,Café lecture,artistes,A0362,https://foyerrurallasserrepradere.fr/agenda/agenda-culturel-le-buvart/cafe-lecture-8724724,,2026-09-16,2026-09-16,1,L153,
A0363,musique,Apéro Entre'Elles,artistes,A0363,https://foyerrurallasserrepradere.fr/agenda/agenda-culturel-le-buvart/apero-entreelles,,2026-09-17,2026-09-17,1,L153,
A0364,musique,Noise Party : Mourir & Urge (black-metal|post-punk),artistes,A0364,https://www.lerextoulouse.com/fr/programmation/noise-party-mourir-et-urge/,,2026-09-18,2026-09-18,1,L076,
A0365,musique,Shelter Disco (disco|electro),artistes,A0365,https://www.lerextoulouse.com/fr/programmation/shelter-disco/,,2026-09-18,2026-09-18,1,L076,
A0366,musique,meet the beat avalon major7 djantrix x noize hu bee,artistes,A0366,https://lebikini.com/2026/09/18/meet-the-beat-avalon-major7-djantrix-x-noize-hu-bee,,2026-09-18,2026-09-18,3,L083|L093|L132,
A0367,musique,Après-midi récréative des aîné·es,artistes,A0367,https://foyerrurallasserrepradere.fr/agenda/agenda-culturel-le-buvart/apres-midi-recreative-des-ainees,,2026-09-18,2026-09-18,1,L153,
A0368,musique,COMMENT RÉDUIRE L’UTILISATION DE NOTRE VOITURE INDIVIDUELLE ?,artistes,A0368,https://foyerrurallasserrepradere.fr/agenda/agenda-culturel-le-buvart/comment-reduire-lutilisation-de-notre-voiture-individuelle,,2026-09-18,2026-09-18,1,L153,
A0369,musique,CONCERT,artistes,A0369,https://foyerrurallasserrepradere.fr/agenda/agenda-culturel-le-buvart/concert-1351729,,2026-09-18,2026-09-18,1,L153,
A0370,musique,RAVE 90'S (trance),artistes,A0370,https://www.lerextoulouse.com/fr/programmation/rave-90-s/,,2026-09-19,2026-09-19,1,L076,
A0371,musique,karnage grand opening,artistes,A0371,https://lebikini.com/2026/09/19/karnage-grand-opening,,2026-09-19,2026-09-19,3,L083|L093|L132,
A0372,musique,DEBOUT AVEC LE BUV'ART,artistes,A0372,https://foyerrurallasserrepradere.fr/agenda/agenda-culturel-le-buvart/debout-avec-le-buvart,,2026-09-19,2026-09-19,1,L153,
A0373,musique,Théâtre avec l'Agit à 18h30 dans la cour du Buv'Art,artistes,A0373,https://foyerrurallasserrepradere.fr/agenda/agenda-culturel-le-buvart/theatre-avec-lagit-a-18h30-dans-la-cour-du-buvart,,2026-09-19,2026-09-19,1,L153,
A0374,musique,Einar Solberg & Guest (metal-progressif),artistes,A0374,https://www.lerextoulouse.com/fr/programmation/einar-solberg-et-guest/,,2026-09-20,2026-09-20,1,L076,
A0375,musique,27eme convention du disque de toulouse,artistes,A0375,https://lebikini.com/2026/09/20/27eme-convention-du-disque-de-toulouse,,2026-09-20,2026-09-20,3,L083|L093|L132,
A0376,musique,Les Ateliers du Vill'Âge : Art floral,artistes,A0376,https://foyerrurallasserrepradere.fr/agenda/agenda-culturel-le-buvart/les-ateliers-du-village-art-floral-4586753,,2026-09-22,2026-09-22,1,L153,
A0377,musique,Les commandos Percu,artistes,A0377,,,2026-09-24,2026-09-24,1,L094,
A0378,musique,pagination,artistes,A0378,http://conservatoire.toulouse.fr/presentation-de-saison-suivie-du-conte-dhiver-de-w-shakespeare/,,2026-09-25,2026-12-12,28,L072|L122,
A0379,musique,Light Asylum + Potochkine (darkwave),artistes,A0379,https://www.lerextoulouse.com/fr/programmation/light-asylum-potochkine/,,2026-09-25,2026-09-25,1,L076,
A0380,musique,BELFIELD x PLEIN PHARE inv. KIRK (electro),artistes,A0380,https://www.lerextoulouse.com/fr/programmation/belfield-x-plein-phare-inv-kirk/,,2026-09-25,2026-09-25,1,L076,
A0381,musique,2much kander linds lobsta b riana holley zelva,artistes,A0381,https://lebikini.com/2026/09/25/2much-kander-linds-lobsta-b-riana-holley-zelva,,2026-09-25,2026-09-25,3,L083|L093|L132,
A0382,musique,Forever Nu (metal|tribute),artistes,A0382,https://www.lerextoulouse.com/fr/programmation/forever-nu/,,2026-09-27,2026-09-27,1,L076,
A0383,musique,Xandria + Seven Spires + Tulip (metal),artistes,A0383,https://www.lerextoulouse.com/fr/programmation/xandria-seven-spires-tulip/,,2026-09-28,2026-09-28,1,L076,
A0384,musique,Complet,artistes,A0384,https://lebikini.com/2026/09/28/fat-freddy-s-drop,,2026-09-28,2026-09-28,3,L083|L093|L132,
A0385,musique,Talisco (folk|pop),artistes,A0385,https://www.lerextoulouse.com/fr/programmation/talisco/,,2026-10-03,2026-10-03,1,L076,
A0386,musique,"PLEIN PHARE inv. H! DUDE, BLAZE & MARCEL DK (electro|hardcore|indie)",artistes,A0386,https://www.lerextoulouse.com/fr/programmation/plein-phare-inv-h-dude-blaze-et-marcel-dk/,,2026-10-03,2026-10-03,1,L076,
A0387,musique,Primal Fear (metal),artistes,A0387,https://www.lerextoulouse.com/fr/programmation/primal-fear/,,2026-10-06,2026-10-06,1,L076,
A0388,musique,Musiques,artistes,A0388,,,2026-10-07,2026-11-22,2,L094,
A0389,musique,HYPNO5E & HIPPOTRAKTOR (metal|post-metal),artistes,A0389,https://www.lerextoulouse.com/fr/programmation/hypno5e-et-hippotraktor/,,2026-10-08,2026-10-08,1,L076,
A0390,musique,A6EL (hip-hop|rap),artistes,A0390,https://www.lerextoulouse.com/fr/programmation/a6el/,,2026-10-09,2026-10-09,1,L076,
A0391,musique,Monolord & Dopelord (doom|metal|stoner),artistes,A0391,https://www.lerextoulouse.com/fr/programmation/monolord-et-dopelord/,,2026-10-12,2026-10-12,1,L076,
A0392,musique,Hllas + Earth Tongue (),artistes,A0392,https://www.lerextoulouse.com/fr/programmation/hallas-earth-tongue/,,2026-10-14,2026-10-14,1,L076,
A0393,musique,Cirque,artistes,A0393,,,2026-10-15,2026-12-01,4,L094,
A0394,musique,MUSIQUE DU MONDE,artistes,A0394,,,2026-10-15,2026-10-15,1,L094,
A0395,musique,READY FOR PROG FESTIVAL (metal),artistes,A0395,https://www.lerextoulouse.com/fr/programmation/ready-for-prog-festival/,,2026-10-16,2026-10-16,1,L076,
A0396,musique,Cybersynth 2026 : Vector Seven + Neon Paradise + DJ set Neon Kult (dark-electro|synthwave|darksynth),artistes,A0396,https://www.lerextoulouse.com/fr/programmation/cybersynth-2026-vector-seven-neon-paradise-dj-set-neon-kult/,,2026-10-17,2026-10-17,1,L076,
A0397,musique,Mispyrming & Owls Woods Graves & Profanation & Gorrch (black-metal|experimental),artistes,A0397,https://www.lerextoulouse.com/fr/programmation/mispyrming-et-owls-woods-graves-et-profanation-et-gorrch/,,2026-10-22,2026-10-22,1,L076,
A0398,musique,Boris (experimental),artistes,A0398,https://www.lerextoulouse.com/fr/programmation/boris/,,2026-10-25,2026-10-25,1,L076,
A0399,musique,Calva Louise & Imparfait (metal|punk),artistes,A0399,https://www.lerextoulouse.com/fr/programmation/calva-louise-et-imparfait/,,2026-10-28,2026-10-28,1,L076,
A0400,musique,Two Lanes (electro),artistes,A0400,https://www.lerextoulouse.com/fr/programmation/two-lanes/,,2026-10-30,2026-10-30,1,L076,
A0401,musique,Spider Zed (rap),artistes,A0401,https://www.lerextoulouse.com/fr/programmation/spider-zed/,,2026-11-04,2026-11-04,1,L076,
A0402,musique,7WEEKS & Guest (rock|stoner),artistes,A0402,https://www.lerextoulouse.com/fr/programmation/7weeks-et-guest/,,2026-11-05,2026-11-05,1,L076,
A0403,musique,Théâtre,artistes,A0403,,,2026-11-05,2026-12-18,8,L094,
A0404,musique,The Browning & Within Destruction & Abbie Falls (metal),artistes,A0404,https://www.lerextoulouse.com/fr/programmation/the-browning-et-within-destruction-et-abbie-falls/,,2026-11-06,2026-11-06,1,L076,
A0405,musique,Danse,artistes,A0405,,,2026-11-06,2026-11-07,2,L094,
A0406,musique,Storm Orchestra (rock),artistes,A0406,https://www.lerextoulouse.com/fr/programmation/storm-orchestra/,,2026-11-07,2026-11-07,1,L076,
A0407,musique,Master Boot Record & Fulci & Arottenbit (metal),artistes,A0407,https://www.lerextoulouse.com/fr/programmation/master-boot-record-et-fulci-et-arottenbit/,,2026-11-08,2026-11-08,1,L076,
A0408,musique,The Vintage Caravan (rock-psychedelique|stoner|hard-rock),artistes,A0408,https://www.lerextoulouse.com/fr/programmation/the-vintage-caravan/,,2026-11-09,2026-11-09,1,L076,
A0409,musique,Stanislas (pop|rap),artistes,A0409,https://www.lerextoulouse.com/fr/programmation/stanislas/,,2026-11-14,2026-11-14,1,L076,
A0410,musique,"ROADRUNNERS ""Never Say Never Again"" (rock)",artistes,A0410,https://www.lerextoulouse.com/fr/programmation/roadrunners-never-say-never-again-/,,2026-11-19,2026-11-19,1,L076,
A0411,musique,THÉÂTRE D’OBJETS,artistes,A0411,,,2026-11-20,2026-11-20,1,L094,
A0412,musique,63OG (hip-hop|rap),artistes,A0412,https://www.lerextoulouse.com/fr/programmation/63og/,,2026-11-21,2026-11-21,1,L076,
A0413,musique,Spike and the Gimme Gimmes (punk|rock),artistes,A0413,https://www.lerextoulouse.com/fr/programmation/spike-and-the-gimme-gimmes/,,2026-11-22,2026-11-22,1,L076,
A0414,musique,Colours in the Street (pop-rock),artistes,A0414,https://www.lerextoulouse.com/fr/programmation/colours-in-the-street/,,2026-11-26,2026-11-26,1,L076,
A0415,musique,Imperial Triumphant & Knoll (black-metal|experimental),artistes,A0415,https://www.lerextoulouse.com/fr/programmation/imperial-triumphant-et-knoll/,,2026-11-27,2026-11-27,1,L076,
A0416,musique,DINAA (pop-rock|psytrance|soul),artistes,A0416,https://www.lerextoulouse.com/fr/programmation/dinaa/,,2026-11-28,2026-11-28,1,L076,
A0417,musique,CIRQUE / DANSE,artistes,A0417,,,2026-12-11,2026-12-12,2,L094,
A0418,musique,Juste Shani (rap),artistes,A0418,https://www.lerextoulouse.com/fr/programmation/juste-shani/,,2027-01-14,2027-01-14,1,L076,
A0419,musique,Tonique & Man (disco),artistes,A0419,https://www.lerextoulouse.com/fr/programmation/tonique-et-man/,,2027-01-29,2027-01-29,1,L076,
A0420,musique,KARNAGE REX OPENING (electro|hardcore),artistes,A0420,https://www.lerextoulouse.com/fr/programmation/karnage-rex-opening/,,2026-09-04,2026-09-04,1,L076,
A0421,musique,Lancement de Saison,artistes,A0421,https://www.le-bijou.net/event-details/lancement-de-saison-1,,2026-09-05,2026-09-05,1,L078,
A0422,musique,Le Bijou Comédie Club,artistes,A0422,https://www.le-bijou.net/event-details/le-bijou-comedie-club-15,,2026-09-08,2026-09-08,1,L078,
A0423,musique,Le Lukaraoké,artistes,A0423,https://www.le-bijou.net/event-details/le-lukaraoke-17,,2026-09-09,2026-09-09,1,L078,
A0424,musique,Tioma,artistes,A0424,https://www.le-bijou.net/event-details/tioma,,2026-09-10,2026-09-10,1,L078,
A0425,musique,Syrano feat. Danielito de Tryo,artistes,A0425,https://www.le-bijou.net/event-details/syrano-feat-danielito-de-tryo,,2026-09-11,2026-09-11,1,L078,
A0426,musique,Les Fils de ta Mère,artistes,A0426,https://www.le-bijou.net/event-details/les-fils-de-ta-mere-10,,2026-09-12,2026-09-12,1,L078,
A0427,musique,Le Bal du Bijou,artistes,A0427,https://www.le-bijou.net/event-details/le-bal-du-bijou,,2026-09-13,2026-09-13,1,L078,
A0428,musique,Qu'ouis-je,artistes,A0428,https://www.le-bijou.net/event-details/quouis-je-le-blind-test-decale-4,,2026-09-15,2026-09-15,1,L078,
A0429,musique,Scène ouverte de Slam Poésie,artistes,A0429,https://www.le-bijou.net/event-details/scene-ouverte-de-slam-poesie-avec-jerome-pinel-3,,2026-09-16,2026-09-16,1,L078,
A0430,musique,Soirée Sharabia,artistes,A0430,https://www.le-bijou.net/event-details/soiree-sharabia-lectures-poetiques-et-litteraires-impro-jazz-scene-ouverte,,2026-09-17,2026-09-17,1,L078,
A0431,musique,Melba + Telma,artistes,A0431,https://www.le-bijou.net/event-details/melba-telma,,2026-09-18,2026-09-18,1,L078,
A0432,musique,Ukulélé Boboys,artistes,A0432,https://www.le-bijou.net/event-details/ukulele-boboys-10-ans-melopee-2,,2026-09-19,2026-09-19,1,L078,
A0433,musique,Réservez vos places de concert à partir du 1er septembre 2026 !,artistes,A0433,https://www.comdt.org/evenement/journee-portes-ouvertes-sortie-de-residence-tolosa-trobadors/,,2026-09-20,2026-09-20,1,L151,
A0434,musique,Osons le Tremplin,artistes,A0434,https://www.le-bijou.net/event-details/osons-le-tremplin-soiree-de-selection-31,,2026-09-22,2026-09-22,1,L078,
A0435,musique,Les Acides,artistes,A0435,https://www.le-bijou.net/event-details/les-acides-74,,2026-09-23,2026-09-23,1,L078,
A0436,musique,San-Nom,artistes,A0436,https://www.le-bijou.net/event-details/san-nom-1,,2026-09-24,2026-09-24,1,L078,
A0437,musique,Labess + Tiwiza,artistes,A0437,https://lemetronum.fr/evenement/labess-tiwiza/,,2026-09-24,2026-09-24,1,L082,
A0438,musique,Zinée + Etane,artistes,A0438,https://lemetronum.fr/evenement/zinee/,,2026-09-25,2026-09-25,1,L082,
A0439,musique,VERNISSAGE,artistes,A0439,https://foyerrurallasserrepradere.fr/agenda/agenda-culturel-le-buvart/vernissage-exposition-larche-des-bambins,,2026-09-25,2026-09-25,1,L153,
A0440,musique,BANGER 1 (psytrance|trance),artistes,A0440,https://www.lerextoulouse.com/fr/programmation/banger-1/,,2026-09-26,2026-09-26,1,L076,
A0441,musique,La Scène Ouverte du Bijou,artistes,A0441,https://www.le-bijou.net/event-details/la-scene-ouverte-du-bijou-15,,2026-09-26,2026-09-26,1,L078,
A0442,musique,Paloma Colombe + La Louuve + Shahzen(xxx),artistes,A0442,https://lemetronum.fr/evenement/paloma-colombe-la-louuve-shahzenxxx/,,2026-09-26,2026-09-26,1,L082,
A0443,musique,De Fleur + Big Ass Cat + Coeur d'Artichaut + Mafia Matou,artistes,A0443,https://lemetronum.fr/evenement/de-fleur-big-ass-cat-coeur-dartichaut-mafia-matou/,,2026-09-27,2026-09-27,1,L082,
A0444,musique,Atelier D'écritures Le Lab' des mots,artistes,A0444,https://www.le-bijou.net/event-details/atelier-decritures-le-lab-des-mots-29-septembre-18h30-20h30,,2026-09-29,2026-09-29,1,L078,
A0445,musique,Chanson Soudaine,artistes,A0445,https://www.le-bijou.net/event-details/chanson-soudaine-14,,2026-09-29,2026-09-29,1,L078,
A0446,musique,FÜLÜ,artistes,A0446,https://www.le-bijou.net/event-details/fulu,,2026-09-30,2026-09-30,1,L078,
A0447,musique,Super Parquet + Peldrut,artistes,A0447,https://lemetronum.fr/evenement/super-parquet-peldrut/,,2026-10-01,2026-10-01,1,L082,
A0448,musique,Puppetmastaz,artistes,A0448,https://lemetronum.fr/evenement/puppetmastaz-2/,,2026-10-02,2026-10-02,1,L082,
A0449,musique,Goûter-concert #4,artistes,A0449,https://lemetronum.fr/evenement/gouter-concert-4/,,2026-10-07,2026-11-04,2,L082,
A0450,musique,Mîrkut + Le Grand Ensemble Filos,artistes,A0450,https://lemetronum.fr/evenement/mirkut-le-grand-ensemble-filos/,,2026-10-07,2026-10-07,1,L082,
A0451,musique,Blue Jay + Mel,artistes,A0451,https://lemetronum.fr/evenement/blue-jay-mel/,,2026-10-08,2026-10-08,1,L082,
A0452,musique,Bianca Costa,artistes,A0452,https://lemetronum.fr/evenement/bianca-costa-2/,,2026-10-09,2026-10-09,1,L082,
A0453,musique,MAHOM ASHKABAD Dub lectro Live (dub),artistes,A0453,https://www.lerextoulouse.com/fr/programmation/mahom--ashkabad--dub-electro-live/,,2026-10-10,2026-10-10,1,L076,
A0454,musique,GIRLS ON RAVE (),artistes,A0454,https://www.lerextoulouse.com/fr/programmation/girls-on-rave/,,2026-10-10,2026-10-10,1,L076,
A0455,musique,Mariam,artistes,A0455,https://lemetronum.fr/evenement/mariam/,,2026-10-10,2026-10-10,1,L082,
A0456,musique,Julia Bondar + Sethi One,artistes,A0456,https://lemetronum.fr/evenement/julia-bondar-sethi-one/,,2026-10-15,2026-10-15,1,L082,
A0457,musique,Demi Portion,artistes,A0457,https://lemetronum.fr/evenement/demi-portion/,,2026-10-16,2026-10-16,1,L082,
A0458,musique,Alea Jacta Est,artistes,A0458,https://lemetronum.fr/evenement/alea-jacta-est/,,2026-10-17,2026-10-17,1,L082,
A0459,musique,Myrath,artistes,A0459,https://lemetronum.fr/evenement/myrath/,,2026-10-18,2026-10-18,1,L082,
A0460,musique,Mohand Baha,artistes,A0460,https://lemetronum.fr/evenement/mohand-baha/,,2026-10-22,2026-10-22,1,L082,
A0461,musique,Nono La Grinta,artistes,A0461,https://lemetronum.fr/evenement/nono-la-grinta/,,2026-10-24,2026-10-24,1,L082,
A0462,musique,Gérald Toto + Leïla Martial & friends,artistes,A0462,https://lemetronum.fr/evenement/gerald-toto-leila-martial-friends/,,2026-10-29,2026-10-29,1,L082,
A0463,musique,« Jubilä » par Leïla Martial,artistes,A0463,https://lemetronum.fr/evenement/jubila-par-leila-martial/,,2026-10-31,2026-10-31,1,L082,
A0464,musique,Soirée LaLaLa,artistes,A0464,https://lemetronum.fr/evenement/soiree-lalala/,,2026-11-12,2026-11-12,1,L082,
A0465,musique,Kamelot + Exit Eden + Temperance,artistes,A0465,https://lemetronum.fr/evenement/kamelot-exit-eden-temperance/,,2026-11-20,2026-11-20,1,L082,
A0466,musique,Kalika,artistes,A0466,https://lemetronum.fr/evenement/kalika/,,2026-11-21,2026-11-21,1,L082,
A0467,musique,EMMA,artistes,A0467,https://lemetronum.fr/evenement/emma/,,2026-11-27,2026-11-27,1,L082,
A0468,musique,Ibeyi,artistes,A0468,https://lemetronum.fr/evenement/ibeyi/,,2026-11-28,2026-11-28,1,L082,
T0001,musique,DJ SET ChokFunk,programme,T0001,https://www.boudupont.fr/programmation-septembre-2026-toulouse/,,2026-09-03,2026-09-03,1,L165,
T0002,musique,DJ SET Jumien Jumini,programme,T0002,https://www.boudupont.fr/programmation-septembre-2026-toulouse/,,2026-09-05,2026-09-05,1,L165,
T0003,musique,Concert Slim Paul,programme,T0003,https://www.boudupont.fr/programmation-septembre-2026-toulouse/,,2026-09-06,2026-09-06,1,L165,
T0004,musique,Yles trio,programme,T0004,https://cafe-maison-blanche.com/evenement/yles-trio-2/,,2026-09-11,2026-09-11,1,L158,
T0005,musique,DJ SET Deejayjomax,programme,T0005,https://www.boudupont.fr/programmation-septembre-2026-toulouse/,,2026-09-11,2026-09-11,1,L165,
T0006,musique,Mamelle Bent — RnB & Dancefloor — DJ Set,programme,T0006,https://bettypops.fr/,,2026-09-11,2026-09-11,1,L166,
T0007,musique,Chamarré en concert – Pop-Rock à l’Estanquet,programme,T0007,https://lestanquetdelolivier.fr/evenement/chamarre-concert-estanquet-2026/,,2026-09-12,2026-09-12,1,L159,
T0008,musique,DJ SET Ekyoz,programme,T0008,https://www.boudupont.fr/programmation-septembre-2026-toulouse/,,2026-09-12,2026-09-12,1,L165,
T0009,musique,Groovissimo — Popissimo invite Soleil Rouge (Nîmes) — DJ Set,programme,T0009,https://bettypops.fr/,,2026-09-12,2026-09-12,1,L166,
T0010,musique,Ziad Daroueche,programme,T0010,https://cafe-maison-blanche.com/evenement/ziad-daroueche/,,2026-09-17,2026-09-17,1,L158,
T0011,musique,DJ No Breakfast — Mas Perreo Menos Haters — DJ Set,programme,T0011,https://bettypops.fr/,,2026-09-18,2026-09-18,1,L166,
T0012,musique,"Hop Hop Hop – Funk, Soul & Jazz à l’Estanquet",programme,T0012,https://lestanquetdelolivier.fr/evenement/hop-hop-hop-funk-soul-jazz/,,2026-09-19,2026-09-19,1,L159,
T0013,musique,DJ SET Judoboy,programme,T0013,https://www.boudupont.fr/programmation-septembre-2026-toulouse/,,2026-09-19,2026-09-19,1,L165,
T0014,musique,DJ Konstroy — This is Post-Punk — DJ Set,programme,T0014,https://bettypops.fr/,,2026-09-19,2026-09-19,1,L166,
T0015,musique,La Roda Dominicale de La Casa De Choro,programme,T0015,https://lestanquetdelolivier.fr/evenement/roda-dominicale-la-casa-de-choro/2026-09-20/,,2026-09-20,2026-11-15,3,L159,
T0016,musique,Makemba,programme,T0016,https://cafe-maison-blanche.com/evenement/makemba/,,2026-09-24,2026-09-24,1,L158,
T0017,musique,Karantika night fever,programme,T0017,https://cafe-maison-blanche.com/evenement/karantika-night-fever-3/,,2026-09-25,2026-09-25,1,L158,
T0018,musique,DJ SET Mamelle Bent,programme,T0018,https://www.boudupont.fr/programmation-septembre-2026-toulouse/,,2026-09-25,2026-09-25,1,L165,
T0019,musique,Mr Boom — Musique à danser — DJ Set,programme,T0019,https://bettypops.fr/,,2026-09-25,2026-09-25,1,L166,
T0020,musique,Concert The Roommates,programme,T0020,https://www.boudupont.fr/programmation-septembre-2026-toulouse/,,2026-09-26,2026-09-26,1,L165,
T0021,musique,Monkey Leo — Groovy House — DJ Set,programme,T0021,https://bettypops.fr/,,2026-09-26,2026-09-26,1,L166,
T0022,musique,Camping sauvage (quartet),programme,T0022,https://cafe-maison-blanche.com/evenement/camping-sauvage-quartet/,,2026-09-30,2026-09-30,1,L158,
T0023,musique,BLACK CAT BONES,programme,T0023,https://www.marins-eau-douce.com/evenement/%c3%a9v%c3%a9nement-du-9-octobre-2026/,,2026-10-09,2026-10-09,1,L175,
T0024,musique,Lluis Coloma — Jazz Blues & Boogie-Woogie,programme,T0024,https://www.jazzaubistrot.fr/,,2026-10-15,2026-10-15,1,L160,
T0025,musique,THE SILVER LININGS,programme,T0025,https://www.marins-eau-douce.com/evenement/%c3%a9v%c3%a9nement-du-16-octobre-2026/,,2026-10-16,2026-10-16,1,L175,
T0026,musique,CROSSROADS,programme,T0026,https://www.marins-eau-douce.com/evenement/%c3%a9v%c3%a9nement-du-23-octobre-2026/,,2026-10-23,2026-10-23,1,L175,
T0027,musique,CARINA BANDITA,programme,T0027,https://www.marins-eau-douce.com/evenement/%c3%a9v%c3%a9nement-du-30-octobre-2026/,,2026-10-30,2026-10-30,1,L175,
T0028,musique,Mississippi Jazz Band — Jazz New Orleans,programme,T0028,https://www.jazzaubistrot.fr/,,2026-11-05,2026-11-05,1,L160,
T0029,musique,SNAPPY TONES,programme,T0029,https://www.marins-eau-douce.com/evenement/%c3%a9v%c3%a9nement-du-13-novembre-2026/,,2026-11-13,2026-11-13,1,L175,
T0030,musique,FUNK’IT,programme,T0030,https://www.marins-eau-douce.com/evenement/%c3%a9v%c3%a9nement-du-20-novembre-2026/,,2026-11-20,2026-11-20,1,L175,
T0031,musique,Gead Mulheran Quintet — Sinatra & les grands crooners,programme,T0031,https://www.jazzaubistrot.fr/,,2026-11-26,2026-11-26,1,L160,
T0032,musique,LOST ON MOON,programme,T0032,https://www.marins-eau-douce.com/evenement/%c3%a9v%c3%a9nement-du-27-novembre-2026/,,2026-11-27,2026-11-27,1,L175,
