film_id,titre,titre_normalise,genre_principal,nb_seances,nb_salles,lieux_ids,image_url,notes
F0001,Spider-Man: Brand New Day,spider-man-brand-new-day,fiction,1124,11,L137|L138|L139|L140|L142|L143|L144|L145|L146|L147|L148,https://fr.web.img5.acsta.net/img/cd/90/cd90255ae37ff659dab73bd1c422c9b5.jpg,auto (1124 séances / 11 salles)
F0002,L'Odyssée,lodyssee,fiction,923,14,L125|L126|L137|L138|L139|L140|L141|L142|L143|L144|L145|L146|L147|L148,https://fr.web.img6.acsta.net/img/a7/70/a770a3822c90a655af05961cda53f3a1.jpg,auto (923 séances / 14 salles)
F0003,Tombé du ciel,tombe-du-ciel,animation_jeune_public,719,10,L137|L138|L139|L140|L142|L144|L145|L146|L147|L148,https://fr.web.img5.acsta.net/img/78/a7/78a70db88122966584f6dd674da06a6d.jpg,auto (719 séances / 10 salles)
F0004,The Dog Stars,the-dog-stars,fiction,589,9,L137|L138|L139|L140|L142|L144|L145|L147|L148,https://fr.web.img3.acsta.net/img/49/53/4953b0ca2f415faf7afb40c6cf9c1cf5.jpg,auto (589 séances / 9 salles)
F0005,Fjord,fjord,fiction,513,13,L125|L126|L127|L128|L137|L138|L142|L143|L144|L145|L146|L147|L148,https://fr.web.img5.acsta.net/img/7d/a3/7da334b5a024f1960d11cefab25107bc.jpg,auto (513 séances / 13 salles)
F0006,Heart Of The Beast,heart-of-the-beast,fiction,481,8,L137|L138|L139|L140|L142|L144|L147|L148,https://fr.web.img2.acsta.net/img/6f/af/6faf7d9aa879bd9374e773f31db44956.jpg,auto (481 séances / 8 salles)
F0007,La fin d’Oak Street,la-fin-doak-street,fiction,388,11,L125|L137|L138|L139|L140|L142|L144|L145|L146|L147|L148,https://fr.web.img6.acsta.net/img/2b/1b/2b1bc2ebbf00d185baa83a18177317c6.jpg,auto (388 séances / 11 salles)
F0008,La Vie d'une femme,la-vie-dune-femme,fiction,387,13,L125|L126|L137|L138|L139|L141|L142|L143|L144|L145|L146|L147|L148,https://fr.web.img6.acsta.net/img/46/d4/46d4170eaca90b7bd1dae27db18ed739.jpg,auto (387 séances / 13 salles)
F0009,Justin le Juste,justin-le-juste,fiction,334,9,L137|L138|L139|L140|L142|L144|L145|L147|L148,https://fr.web.img6.acsta.net/img/a4/da/a4dac200a65518d1db35e7dba6ddd4e7.jpg,auto (334 séances / 9 salles)
F0010,Tad l'explorateur et la lampe magique,tad-lexplorateur-et-la-lampe-magique,animation_jeune_public,331,10,L137|L138|L139|L140|L142|L144|L145|L146|L147|L148,https://fr.web.img2.acsta.net/img/7a/89/7a89c362c3c4180669ce471a947d2f70.jpg,auto (331 séances / 10 salles)
F0011,Pressure,pressure,fiction,324,10,L137|L138|L139|L140|L142|L144|L145|L146|L147|L148,https://fr.web.img2.acsta.net/img/92/fb/92fb57911489ab17bfa8ecf0b29712c5.jpg,auto (324 séances / 10 salles)
F0012,Resident Evil,resident-evil,fiction,298,6,L137|L138|L140|L142|L144|L147,https://fr.web.img5.acsta.net/img/26/36/26361c61500df7070f3524fe56c83103.jpg,auto (298 séances / 6 salles)
F0013,La Pat' Patrouille : Le film mission Dino,la-pat-patrouille-le-film-mission-dino,animation_jeune_public,294,11,L137|L138|L139|L140|L142|L143|L144|L145|L146|L147|L148,https://fr.web.img6.acsta.net/img/bb/35/bb358019448f4fcd5c37b0d19c04fd0d.jpg,auto (294 séances / 11 salles)
F0014,Digger,digger,fiction,266,9,L127|L137|L138|L139|L140|L142|L144|L147|L148,https://fr.web.img3.acsta.net/img/ca/46/ca467fa6a145bb9d8fda93417d4374cf.jpg,auto (266 séances / 9 salles)
F0015,Garance,garance,fiction,258,10,L126|L128|L137|L138|L141|L142|L143|L144|L147|L148,https://fr.web.img3.acsta.net/img/22/e4/22e455446c0461e270e5341d9f88f43f.jpg,auto (258 séances / 10 salles)
F0016,Verity,verity,fiction,224,7,L137|L138|L139|L140|L142|L144|L147,https://fr.web.img6.acsta.net/img/f0/bf/f0bfbb3dc69cb51a8dadfbef66d50c07.jpg,auto (224 séances / 7 salles)
F0017,De la Comédie-Française,de-la-comedie-francaise,fiction,222,13,L125|L126|L128|L137|L138|L139|L142|L143|L144|L145|L146|L147|L148,https://fr.web.img2.acsta.net/img/9c/4d/9c4daa6e94f7107c83f7d732700c44a0.jpg,auto (222 séances / 13 salles)
F0018,Insidious : l'invasion du lointain,insidious-linvasion-du-lointain,fiction,220,6,L137|L138|L139|L140|L144|L147,https://fr.web.img5.acsta.net/img/ec/35/ec35f784920486fc0e3ff35b7aa4fc41.jpg,auto (220 séances / 6 salles)
F0019,Mutiny,mutiny,fiction,219,8,L138|L139|L140|L144|L145|L146|L147|L148,https://fr.web.img6.acsta.net/img/f6/c9/f6c9bc96111477a457737412606a7dd7.jpg,auto (219 séances / 8 salles)
F0020,La Bataille de Gaulle - Partie 2 : J’écris ton nom,la-bataille-de-gaulle-partie-2-jecris-ton-nom,fiction,216,11,L126|L137|L138|L139|L140|L143|L144|L145|L146|L147|L148,https://fr.web.img5.acsta.net/img/fe/af/feaf214ef84e96e437f8c65e7c540e86.jpg,auto (216 séances / 11 salles)
F0021,Les Ensorceleuses 2,les-ensorceleuses-2,fiction,215,8,L138|L139|L140|L142|L144|L145|L147|L148,https://fr.web.img5.acsta.net/img/05/d0/05d0dcb033bc9dced645815301b59394.jpg,auto (215 séances / 8 salles)
F0022,L'Inconnue,linconnue,fiction,201,10,L125|L126|L127|L128|L137|L143|L144|L145|L147|L148,https://fr.web.img3.acsta.net/img/af/a2/afa2a4e9bb49e003bceb86c209f46033.jpg,auto (201 séances / 10 salles)
F0023,Soudain,soudain,fiction,194,12,L125|L126|L128|L137|L138|L141|L143|L144|L145|L146|L147|L148,https://fr.web.img6.acsta.net/img/3e/42/3e425c3916d4f282734535c052079c8b.jpg,auto (194 séances / 12 salles)
F0024,Raison et sentiments,raison-et-sentiments,fiction,182,7,L126|L127|L138|L139|L140|L144|L148,https://fr.web.img6.acsta.net/medias/nmedia/18/74/37/04/19254802.jpg,auto (182 séances / 7 salles)
F0025,Avengers : Endgame Extended,avengers-endgame-extended,fiction,175,5,L137|L138|L139|L140|L142,https://fr.web.img4.acsta.net/img/53/e1/53e1e6f2d34748e3f07d101e103dbfb6.jpg,auto (175 séances / 5 salles)
F0026,Si tu penses bien,si-tu-penses-bien,fiction,162,9,L126|L128|L137|L139|L143|L144|L145|L147|L148,https://films.cinemas-utopia.org/wp-content/uploads/2026/07/Si-tu-penses-bien-COUV.jpg,auto (162 séances / 9 salles)
F0027,Histoires De La Nuit,histoires-de-la-nuit,fiction,160,11,L126|L127|L128|L137|L138|L142|L143|L144|L145|L147|L148,https://fr.web.img4.acsta.net/img/e4/05/e4057c680c238cc18211ffc8140eed28.jpg,auto (160 séances / 11 salles)
F0028,Toy Story 5,toy-story-5,animation_jeune_public,154,8,L137|L138|L139|L140|L142|L144|L145|L147,https://fr.web.img2.acsta.net/img/ba/a6/baa69b8aeb28ddae932549492cb5ed9c.jpg,auto (154 séances / 8 salles)
F0029,Les Contrebandiers,les-contrebandiers,fiction,145,7,L138|L139|L140|L144|L145|L147|L148,https://fr.web.img3.acsta.net/img/14/20/142026a9ee3fb83800e19232c9cc0998.jpg,auto (145 séances / 7 salles)
F0030,Oklahoma Honey,oklahoma-honey,fiction,136,7,L137|L139|L144|L145|L146|L147|L148,https://fr.web.img6.acsta.net/img/c5/9b/c59b5f11e1d8c447738dd7b4a8a49476.jpg,auto (136 séances / 7 salles)
F0031,Les Héros du Louvre,les-heros-du-louvre,fiction,134,6,L138|L139|L144|L145|L146|L148,https://fr.web.img4.acsta.net/img/5b/2e/5b2e76c638253f412a5deea5a9d849e7.jpg,auto (134 séances / 6 salles)
F0032,Trois adieux,trois-adieux,fiction,130,8,L126|L128|L137|L141|L143|L146|L147|L148,https://fr.web.img6.acsta.net/img/b7/c0/b7c02de28cf26d48eab1a78a340e887c.jpg,auto (130 séances / 8 salles)
F0033,"Vaiana, la légende du bout du monde",vaiana-la-legende-du-bout-du-monde,animation_jeune_public,130,8,L137|L138|L139|L140|L143|L144|L145|L147,https://fr.web.img4.acsta.net/img/49/13/4913eda52c42338d6920439130cec93a.jpg,auto (130 séances / 8 salles)
F0034,La Bataille de Gaulle - partie 1 : L'Âge de Fer,la-bataille-de-gaulle-partie-1-lage-de-fer,fiction,126,11,L126|L137|L138|L139|L140|L143|L144|L145|L146|L147|L148,https://fr.web.img6.acsta.net/img/61/de/61dec3511b1ef0a65757a438ca898bbb.jpg,auto (126 séances / 11 salles)
F0035,Notre salut,notre-salut,fiction,117,11,L125|L126|L128|L137|L141|L142|L143|L144|L145|L147|L148,https://fr.web.img4.acsta.net/img/b7/ac/b7acc48dac20e8329866a199e0ff78e8.jpg,auto (117 séances / 11 salles)
F0036,L'Invitation,linvitation,fiction,109,5,L126|L128|L137|L138|L148,https://fr.web.img2.acsta.net/img/31/b1/31b1faa3ca361d78ca82078f8accda1e.jpg,auto (109 séances / 5 salles)
F0037,La dernière patiente,la-derniere-patiente,fiction,108,6,L126|L127|L128|L137|L146|L148,https://fr.web.img4.acsta.net/img/75/98/7598684d2032a548ef251e6c915c6ef2.jpg,auto (108 séances / 6 salles)
F0038,La Frappe,la-frappe,fiction,98,8,L128|L137|L138|L141|L143|L145|L146|L148,https://fr.web.img5.acsta.net/img/64/13/641357276a6608346bae117825d1ef87.jpg,auto (98 séances / 8 salles)
F0039,Des Minions et des monstres,des-minions-et-des-monstres,animation_jeune_public,92,8,L137|L138|L139|L140|L142|L144|L145|L147,https://fr.web.img2.acsta.net/img/21/c4/21c43d8b03a44dbd5dd9659d6be3f5ef.jpg,auto (92 séances / 8 salles)
F0040,Avengers: Doomsday,avengers-doomsday,fiction,86,5,L137|L138|L139|L140|L142,https://fr.web.img4.acsta.net/img/d3/5f/d35f9f0615c4f5113709105a3590b362.jpg,auto (86 séances / 5 salles)
F0041,La Nirvana,la-nirvana,fiction,86,4,L138|L139|L140|L148,https://fr.web.img4.acsta.net/img/fa/9d/fa9d76abab2c46bd8f181903b904769d.jpg,auto (86 séances / 4 salles)
F0042,Les Survivants du Che,les-survivants-du-che,documentaire,81,8,L125|L126|L127|L128|L143|L145|L147|L148,https://films.cinemas-utopia.org/wp-content/uploads/2026/06/Survivants-du-Che-COUV.jpg,auto (81 séances / 8 salles)
F0043,Salvation,salvation,fiction,81,6,L125|L126|L127|L128|L143|L148,https://fr.web.img2.acsta.net/img/af/cb/afcbdf0c4270301632930da3d4002981.jpg,auto (81 séances / 6 salles)
F0044,Bombonera,bombonera,fiction,80,3,L138|L139|L148,https://fr.web.img2.acsta.net/img/fe/2d/fe2d216ab8e9ede95871ac7b99d049eb.jpg,auto (80 séances / 3 salles)
F0045,Cars,cars,animation_jeune_public,74,7,L137|L138|L139|L140|L142|L147|L148,https://fr.web.img3.acsta.net/img/59/da/59da33b9de0e915a94ce75dcd407df2d.jpg,auto (74 séances / 7 salles)
F0046,Primetime,primetime,fiction,71,2,L128|L137,https://fr.web.img2.acsta.net/img/b2/33/b2335224732f2a74fd22019277712f13.jpg,auto (71 séances / 2 salles)
F0047,Rose,rose,fiction,65,6,L125|L126|L127|L128|L143|L148,https://films.cinemas-utopia.org/wp-content/uploads/2026/07/Rose-COUV.jpg,auto (65 séances / 6 salles)
F0048,Kraken,kraken,fiction,64,2,L138|L139,https://fr.web.img6.acsta.net/img/c2/6c/c26c788c97df21a28934e260f090a68f.jpg,auto (64 séances / 2 salles)
F0049,Mémoire de fille,memoire-de-fille,fiction,64,6,L126|L127|L128|L137|L147|L148,https://fr.web.img5.acsta.net/img/a6/80/a68035287b2d9e0818ce43dd84822074.jpg,auto (64 séances / 6 salles)
F0050,Billie Melody,billie-melody,fiction,58,4,L137|L139|L146|L148,https://fr.web.img6.acsta.net/img/3b/9c/3b9c127ca28399dad473c4366b38cb60.jpg,auto (58 séances / 4 salles)
F0051,Dégel,degel,fiction,58,4,L126|L128|L141|L143,https://films.cinemas-utopia.org/wp-content/uploads/2026/07/Degel-COUV.jpg,auto (58 séances / 4 salles)
F0052,Decorado,decorado,animation_jeune_public,55,4,L125|L126|L128|L141,https://films.cinemas-utopia.org/wp-content/uploads/2026/07/Decorado-COUV.jpg,auto (55 séances / 4 salles)
F0053,Un grand raccourci,un-grand-raccourci,fiction,55,7,L125|L127|L128|L144|L146|L147|L148,https://fr.web.img2.acsta.net/img/0b/ba/0bba7c07804e33c96916e23ba1ee7ec2.jpg,auto (55 séances / 7 salles)
F0054,Les Gendarmes,les-gendarmes,fiction,48,8,L138|L139|L140|L144|L145|L146|L147|L148,https://fr.web.img5.acsta.net/img/49/8e/498e9c4d4f75557cdf9c3796e92a0a21.jpg,auto (48 séances / 8 salles)
F0055,The Good Sister,the-good-sister,fiction,45,4,L126|L128|L141|L148,https://films.cinemas-utopia.org/wp-content/uploads/2026/07/Good-Sister-COUV.jpg,auto (45 séances / 4 salles)
F0056,Juste pour une nuit,juste-pour-une-nuit,fiction,41,7,L138|L139|L140|L142|L144|L147|L148,https://fr.web.img3.acsta.net/img/3e/e5/3ee55833da929172da915df8db4d24b0.jpg,auto (41 séances / 7 salles)
F0057,Fini de rire ! L'humour politique au garde-à-vous ?,fini-de-rire-lhumour-politique-au-garde-a-vous,documentaire,40,5,L125|L126|L128|L141|L147,https://films.cinemas-utopia.org/wp-content/uploads/2026/07/Fini-de-rire-COUV.jpg,auto (40 séances / 5 salles)
F0058,Ma famille de samouraïs,ma-famille-de-samourais,animation_jeune_public,40,6,L125|L126|L128|L141|L144|L148,https://fr.web.img5.acsta.net/img/5d/72/5d72af42143f7d2d3ef6b00ac8c23699.jpg,auto (40 séances / 6 salles)
F0059,Les Matins merveilleux,les-matins-merveilleux,fiction,37,7,L125|L126|L128|L138|L141|L143|L148,https://fr.web.img5.acsta.net/img/c4/d7/c4d7a94755c795c00581abcbb45a2ee0.jpg,auto (37 séances / 7 salles)
F0060,Jim Queen,jim-queen,fiction,35,5,L125|L126|L128|L137|L141,https://fr.web.img4.acsta.net/img/0b/24/0b2475fd5c509b222ed908d2ee8bb3c5.jpg,auto (35 séances / 5 salles)
F0061,Des Fleurs pour Tokyo,des-fleurs-pour-tokyo,fiction,34,7,L125|L127|L128|L144|L145|L146|L148,https://fr.web.img4.acsta.net/img/c6/bc/c6bc3edaa4a08b95cf79b97274189363.jpg,auto (34 séances / 7 salles)
F0062,La bataille de Gaulle – J’écris ton nom,la-bataille-de-gaulle-jecris-ton-nom,fiction,33,2,L125|L126,https://films.cinemas-utopia.org/wp-content/uploads/2026/06/Bataille-de-Gaulle-J_ecris-ton-nom-COUV.jpg,auto (33 séances / 2 salles)
F0063,Marius et le Royaume des mers,marius-et-le-royaume-des-mers,animation_jeune_public,33,4,L138|L139|L146|L148,https://fr.web.img6.acsta.net/img/de/07/de07c88f2baa5a2d8f890dc5d7b39326.jpg,auto (33 séances / 4 salles)
F0064,Les Roches Rouges,les-roches-rouges,fiction,32,3,L128|L141|L143,https://fr.web.img6.acsta.net/img/98/2b/982b47b607f4719bc457f81b5ee8c510.jpg,auto (32 séances / 3 salles)
F0065,Les Éléphants dans la brume,les-elephants-dans-la-brume,fiction,32,4,L128|L141|L143|L148,https://fr.web.img2.acsta.net/img/00/94/00949f4ef8372d0da903da48aa36c1bf.jpg,auto (32 séances / 4 salles)
F0066,La bataille de Gaulle – L’âge de fer,la-bataille-de-gaulle-lage-de-fer,fiction,31,2,L125|L126,https://films.cinemas-utopia.org/wp-content/uploads/2026/05/Bataille-De-Gaulle-COUV.jpg,auto (31 séances / 2 salles)
F0067,The Last Viking,the-last-viking,fiction,31,5,L127|L128|L143|L145|L148,https://fr.web.img6.acsta.net/img/78/6b/786b7993221ab3a0d871f6510da3f91f.jpg,auto (31 séances / 5 salles)
F0068,Dune : Troisième partie,dune-troisieme-partie,fiction,29,8,L137|L138|L139|L140|L142|L144|L145|L147,https://fr.web.img2.acsta.net/img/21/29/2129fe829e43bdd836a3219ee3636b3c.jpg,auto (29 séances / 8 salles)
F0069,Paradise,paradise,fiction,28,4,L127|L128|L145|L148,https://fr.web.img5.acsta.net/img/e3/bc/e3bcdfc468de5e583a6b4789afcda3e0.jpg,auto (28 séances / 4 salles)
F0070,Sham,sham,fiction,28,3,L128|L141|L144,https://fr.web.img6.acsta.net/img/88/46/8846419356f19f600aed16f253958d89.jpg,auto (28 séances / 3 salles)
F0071,Adieu monde cruel,adieu-monde-cruel,fiction,27,3,L128|L141|L143,https://fr.web.img6.acsta.net/img/df/db/dfdb8f83b9bb92e5ba76f43452af06cd.jpg,auto (27 séances / 3 salles)
F0072,Écrire la vie : Annie Ernaux racontée par des lycéennes et des lycéens,ecrire-la-vie-annie-ernaux-racontee-par-des-lyceennes-et-des-lyceens,documentaire,27,2,L127|L128,https://fr.web.img5.acsta.net/img/3d/1c/3d1c834b2dfa29e4ac131563769755ff.jpg,auto (27 séances / 2 salles)
F0073,La bataille de Gaulle – J...,la-bataille-de-gaulle-j,fiction,26,2,L125|L126,https://fr.web.img5.acsta.net/img/fe/af/feaf214ef84e96e437f8c65e7c540e86.jpg,auto (26 séances / 2 salles)
F0074,La bataille de Gaulle – L...,la-bataille-de-gaulle-l,fiction,25,2,L125|L126,https://fr.web.img6.acsta.net/img/61/de/61dec3511b1ef0a65757a438ca898bbb.jpg,auto (25 séances / 2 salles)
F0075,Une affaire turque,une-affaire-turque,fiction,25,4,L127|L144|L146|L148,https://fr.web.img3.acsta.net/img/af/fb/affbc85d8e3d646b39700d0bd0dc1cfd.jpg,auto (25 séances / 4 salles)
F0076,Le Chant des oliviers,le-chant-des-oliviers,fiction,24,3,L128|L141|L148,https://fr.web.img2.acsta.net/img/d7/a5/d7a5df1e542bb55680dbbbc4ca0419a6.jpg,auto (24 séances / 3 salles)
F0077,Obsession,obsession,fiction,24,4,L137|L138|L139|L142,https://fr.web.img6.acsta.net/img/00/20/0020008382daf6b1305be800e8342a72.jpg,auto (24 séances / 4 salles)
F0078,Face à la mer,face-a-la-mer,fiction,23,1,L127,https://fr.web.img4.acsta.net/img/c9/da/c9da24b174d4021a4092ec4755906a1f.jpg,auto (23 séances / 1 salles)
F0079,La Fille Condor,la-fille-condor,fiction,23,2,L125|L126,https://films.cinemas-utopia.org/wp-content/uploads/2026/07/Fille-Condor-COUV.jpg,auto (23 séances / 2 salles)
F0080,Le Triangle d'or,le-triangle-dor,fiction,22,5,L125|L126|L128|L138|L148,https://fr.web.img5.acsta.net/img/8e/81/8e81e196c0cbbb89bdbbc4b45d4ded0c.jpg,auto (22 séances / 5 salles)
F0081,Harry Potter à l'école des sorciers,harry-potter-a-lecole-des-sorciers,animation_jeune_public,21,4,L137|L138|L139|L142,https://fr.web.img4.acsta.net/img/e7/3e/e73e85182622161d9546ca494a4db564.jpg,auto (21 séances / 4 salles)
F0082,Terminator 2 : le Jugement Dernier,terminator-2-le-jugement-dernier,patrimoine_retro,21,2,L137|L138,https://fr.web.img6.acsta.net/img/b6/c9/b6c9f7af0a6bef0b88c1e1482ff2dcef.jpg,auto (21 séances / 2 salles)
F0083,Chien bleu et autres belles histoires de l'école des loisirs,chien-bleu-et-autres-belles-histoires-de-lecole-des-loisirs,animation_jeune_public,20,6,L126|L127|L128|L142|L147|L148,https://fr.web.img6.acsta.net/img/99/a1/99a165c46cfdf1a5e80547d7317e854c.jpg,auto (20 séances / 6 salles)
F0084,Sous le ciel de Kyoto,sous-le-ciel-de-kyoto,fiction,20,3,L125|L128|L144,https://fr.web.img2.acsta.net/img/f5/c5/f5c59c0d93b30f3bd8ba4d657d668a9d.jpg,auto (20 séances / 3 salles)
F0085,Un amour d’épouvantail,un-amour-depouvantail,animation_jeune_public,20,8,L126|L128|L141|L143|L144|L145|L147|L148,https://fr.web.img5.acsta.net/img/69/17/6917a9ac903b1fbbc9bfa78aca1d257c.png,auto (20 séances / 8 salles)
F0086,Détective Conan : L'Ange déchu de l'asphalte,detective-conan-lange-dechu-de-lasphalte,animation_jeune_public,19,2,L138|L139,https://fr.web.img2.acsta.net/img/da/e4/dae4795cdfd54f5ebbdb34fe22455015.jpg,auto (19 séances / 2 salles)
F0087,"Ni vue, ni connue",ni-vue-ni-connue,fiction,19,3,L141|L144|L146,https://fr.web.img6.acsta.net/img/04/d2/04d24a4f7815a30efe7dd1202384832f.jpg,auto (19 séances / 3 salles)
F0088,Avengers: Endgame,avengers-endgame,fiction,17,4,L137|L138|L140|L142,https://fr.web.img2.acsta.net/pictures/19/04/04/09/04/0472053.jpg,auto (17 séances / 4 salles)
F0089,Cotton Queen,cotton-queen,fiction,17,4,L127|L128|L145|L148,https://fr.web.img5.acsta.net/img/eb/de/ebdef8e95f07a49c4d93c6942fe2fc5d.jpg,auto (17 séances / 4 salles)
F0090,Chicas tristes,chicas-tristes,fiction,16,4,L128|L141|L143|L148,https://fr.web.img4.acsta.net/img/57/32/5732fc7877b55cb456ac1a47200b74fc.jpg,auto (16 séances / 4 salles)
F0091,Entre ciel et terre,entre-ciel-et-terre,documentaire,16,4,L125|L128|L145|L147,https://fr.web.img4.acsta.net/img/b4/86/b4866c2f7eebdb5a67dfe51b23f6dee8.jpg,auto (16 séances / 4 salles)
F0092,La Providence et la Guitare,la-providence-et-la-guitare,fiction,16,2,L128|L141,https://fr.web.img6.acsta.net/img/0f/d1/0fd1cabac671c97c409d56bbc020f11e.jpg,auto (16 séances / 2 salles)
F0093,Ducobu et le fantôme de Saint-Potache,ducobu-et-le-fantome-de-saint-potache,animation_jeune_public,15,9,L138|L139|L140|L142|L143|L144|L145|L147|L148,https://fr.web.img6.acsta.net/img/54/16/54167f9b523fff67b07b2e80f5f9dd71.jpg,auto (15 séances / 9 salles)
F0094,Home stories,home-stories,fiction,14,1,L128,https://fr.web.img4.acsta.net/img/8e/b5/8eb5f1cd2f2737ce006e2bbb3a0957cc.jpg,auto (14 séances / 1 salles)
F0095,"Kayara, princesse Inca",kayara-princesse-inca,animation_jeune_public,14,2,L126|L143,https://fr.web.img4.acsta.net/img/8d/25/8d253a0a0ae870ed54287abc2a552bb4.jpeg,auto (14 séances / 2 salles)
F0096,Les Hommes du Président,les-hommes-du-president,fiction,14,1,L125,https://films.cinemas-utopia.org/wp-content/uploads/2026/08/Hommes-du-president-COUV.jpg,auto (14 séances / 1 salles)
F0097,"Notre histoire, chroniques du Caire",notre-histoire-chroniques-du-caire,documentaire,14,1,L125,https://films.cinemas-utopia.org/wp-content/uploads/2026/05/Notre-histoire-chroniques-du-Caire-COUV.jpg,auto (14 séances / 1 salles)
F0098,La Chaleur,la-chaleur,fiction,13,2,L128|L143,https://fr.web.img2.acsta.net/img/66/7a/667a6bfae865622207e1695971d1879e.png,auto (13 séances / 2 salles)
F0099,"Notre histoire, chroniques du C...",notre-histoire-chroniques-du-c,fiction,13,1,L125,https://films.cinemas-utopia.org/wp-content/uploads/2026/05/Notre-histoire-chroniques-du-Caire-AFF.jpg,auto (13 séances / 1 salles)
F0100,Akira,akira,animation_jeune_public,12,3,L137|L138|L139,https://fr.web.img4.acsta.net/img/15/bf/15bf220d29691722e98298080cccdfb7.jpg,auto (12 séances / 3 salles)
F0101,"Gavagai, et autres malentendus",gavagai-et-autres-malentendus,fiction,12,1,L128,https://fr.web.img2.acsta.net/img/b6/d8/b6d8881c22edda21ff44ccf430dc412c.jpg,auto (12 séances / 1 salles)
F0102,Le Corset,le-corset,festival_avp,12,9,L125|L126|L128|L142|L143|L144|L145|L147|L148,https://films.cinemas-utopia.org/wp-content/uploads/2026/06/Corset-COUV.jpg,auto (12 séances / 9 salles)
F0103,L’Abandon,labandon,fiction,12,2,L139|L148,https://fr.web.img5.acsta.net/img/2a/ff/2aff99358841773f126dd22734bbb72b.jpg,auto (12 séances / 2 salles)
F0104,Une aube nouvelle,une-aube-nouvelle,animation_jeune_public,12,3,L137|L139|L144,https://fr.web.img5.acsta.net/img/18/ab/18aba3e0fff8d3a713834677b8b17d83.png,auto (12 séances / 3 salles)
F0105,Wake in Fright,wake-in-fright,patrimoine_retro,12,1,L127,https://fr.web.img2.acsta.net/img/a4/f8/a4f8b6f57f8f10a497a0aa7cd09b87cc.jpg,auto (12 séances / 1 salles)
F0106,Délivre-nous du Mal,delivre-nous-du-mal,documentaire,11,4,L138|L139|L140|L142,https://fr.web.img3.acsta.net/img/cc/b1/ccb1117f709cc52f7b7e2f7123605f92.jpg,auto (11 séances / 4 salles)
F0107,Girl,girl,fiction,10,3,L127|L128|L148,https://fr.web.img5.acsta.net/img/d2/1d/d21d3d85194217a3d7519d2a5caab139.jpg,auto (10 séances / 3 salles)
F0108,L'Aventure rêvée,laventure-revee,fiction,10,2,L128|L143,https://fr.web.img6.acsta.net/img/8b/d9/8bd9d791f9b684bbe438f8542d0dc3ea.jpg,auto (10 séances / 2 salles)
F0109,La Ligne bleue,la-ligne-bleue,documentaire,10,1,L141,https://fr.web.img2.acsta.net/img/40/87/408798f808fd14489d3aba7af6112979.jpg,auto (10 séances / 1 salles)
F0110,Le Monde à l'endroit,le-monde-a-lendroit,documentaire,10,2,L127|L128,https://fr.web.img3.acsta.net/img/9e/ac/9eac1e0f025ec3b45db67212d01a5509.jpg,auto (10 séances / 2 salles)
F0111,The Holy Boy,the-holy-boy,fiction,10,2,L128|L141,https://fr.web.img2.acsta.net/img/67/03/6703b0d1f16def3f1fdae1e720bfaa85.jpg,auto (10 séances / 2 salles)
F0112,Animo rigolo,animo-rigolo,animation_jeune_public,9,4,L128|L139|L141|L147,https://fr.web.img4.acsta.net/img/73/a3/73a31e95f3bfaf550acfb9a63c5a9716.jpg,auto (9 séances / 4 salles)
F0113,Artus - Le Show XXL au cinéma,artus-le-show-xxl-au-cinema,fiction,9,7,L137|L138|L139|L140|L142|L144|L147,https://fr.web.img6.acsta.net/img/63/04/6304dab981dda5e2739ac3188eda1cc3.jpg,auto (9 séances / 7 salles)
F0114,La Maison de nos rêves,la-maison-de-nos-reves,festival_avp,9,5,L138|L139|L142|L146|L147,https://fr.web.img3.acsta.net/img/7f/e6/7fe6fefcab6e4951dac81cebd7c5e202.jpg,auto (9 séances / 5 salles)
F0115,Sur la route d'Omaha,sur-la-route-domaha,fiction,9,4,L128|L138|L143|L145,https://fr.web.img6.acsta.net/img/ab/5b/ab5bc7648275c47561064afa87d8d470.jpg,auto (9 séances / 4 salles)
F0116,Dry Leaf,dry-leaf,fiction,8,1,L128,https://fr.web.img6.acsta.net/img/10/ae/10ae74d27df20d4e5b843977d0b8674c.jpg,auto (8 séances / 1 salles)
F0117,Fini de rire ! L’humour p...,fini-de-rire-lhumour-p,fiction,8,2,L125|L126,https://films.cinemas-utopia.org/wp-content/uploads/2026/07/Fini-de-rire-AFF.jpg,auto (8 séances / 2 salles)
F0118,"Haute solitude, Jean Zay prisonnier politique",haute-solitude-jean-zay-prisonnier-politique,documentaire,8,2,L127|L128,https://fr.web.img4.acsta.net/img/25/c8/25c8bcdb0f418ddda4d9f5752eb5998d.jpg,auto (8 séances / 2 salles)
F0119,Les baleines bleues : le retour des géants,les-baleines-bleues-le-retour-des-geants,documentaire,8,1,L138,https://fr.web.img4.acsta.net/img/d2/c0/d2c0dbc44cf590682488c49d61655faa.jpg,auto (8 séances / 1 salles)
F0120,MARATHON HARRY POTTER  25 ANS DE MAGIE,marathon-harry-potter-25-ans-de-magie,patrimoine_retro,8,1,L142,,auto (8 séances / 1 salles)
F0121,Maspalomas,maspalomas,fiction,8,2,L128|L143,https://fr.web.img4.acsta.net/img/23/15/2315f43ab8450d3204f41426a899b98b.jpg,auto (8 séances / 2 salles)
F0122,"Hair, Paper, Water...",hair-paper-water,documentaire,7,1,L128,https://fr.web.img6.acsta.net/img/79/0a/790a91b9d0845235474a4781b2b80e25.jpg,auto (7 séances / 1 salles)
F0123,Harry Potter et la chambre des secrets,harry-potter-et-la-chambre-des-secrets,patrimoine_retro,7,3,L137|L138|L142,https://fr.web.img2.acsta.net/img/fe/58/fe58b7a45e90c1d5545b22b0b11fde17.jpg,auto (7 séances / 3 salles)
F0124,Hunger Games,hunger-games,fiction,7,6,L137|L138|L139|L140|L142|L147,https://fr.web.img5.acsta.net/img/11/0c/110cf16404f5660a06ce3f707a4b3efc.jpg,auto (7 séances / 6 salles)
F0125,Hunger Games - L'embrasement,hunger-games-lembrasement,fiction,7,6,L137|L138|L139|L140|L142|L147,https://fr.web.img5.acsta.net/img/13/ac/13acec041093db4933277c31074661ab.jpg,auto (7 séances / 6 salles)
F0126,Hunger Games - La Révolte : Partie 1,hunger-games-la-revolte-partie-1,fiction,7,6,L137|L138|L139|L140|L142|L147,https://fr.web.img2.acsta.net/img/59/5e/595e2c4249c13746be04d6f3f2b452e9.jpg,auto (7 séances / 6 salles)
F0127,Hunger Games - La Révolte : Partie 2,hunger-games-la-revolte-partie-2,fiction,7,6,L137|L138|L139|L140|L142|L147,https://fr.web.img3.acsta.net/img/62/0f/620f0ffa8f7e08d590b5b973411af6ee.jpg,auto (7 séances / 6 salles)
F0128,I Want Your Sex,i-want-your-sex,fiction,7,2,L128|L141,https://fr.web.img4.acsta.net/img/15/ad/15adab41a1612c7739f12d034a62f712.jpg,auto (7 séances / 2 salles)
F0129,Karma,karma,festival_avp,7,3,L137|L138|L142,https://fr.web.img3.acsta.net/img/37/68/376899ecafee7d4b20b3e73f1944be34.jpg,auto (7 séances / 3 salles)
F0130,L'Espèce explosive,lespece-explosive,fiction,7,2,L127|L128,https://fr.web.img2.acsta.net/img/45/96/4596f21ac87015ae6a3a4e833db30ba9.jpg,auto (7 séances / 2 salles)
F0131,L'île des souvenirs,lile-des-souvenirs,festival_avp,7,7,L138|L139|L140|L142|L144|L145|L147,https://fr.web.img6.acsta.net/img/56/7e/567e74d867a1c88b20897c5d7f92d4dd.jpg,auto (7 séances / 7 salles)
F0132,Lawrence d'Arabie,lawrence-darabie,patrimoine_retro,7,4,L125|L140|L142|L146,https://fr.web.img2.acsta.net/img/8b/55/8b5584e08ae3b9656f8bb67c84ccf884.jpeg,auto (7 séances / 4 salles)
F0133,Le Cygne et l'enfant,le-cygne-et-lenfant,animation_jeune_public,7,4,L128|L143|L147|L148,https://fr.web.img3.acsta.net/img/b9/dd/b9ddaa36d65452afbc94547d8202dc92.jpg,auto (7 séances / 4 salles)
F0134,Les Misérables,les-miserables,festival_avp,7,7,L137|L138|L139|L140|L142|L144|L147,https://fr.web.img4.acsta.net/img/5a/41/5a4186d62d534f2da65c2e9e8e822a34.jpg,auto (7 séances / 7 salles)
F0135,ANTONIA ET SES FILLES,antonia-et-ses-filles,patrimoine_retro,6,1,L141,https://fr.web.img5.acsta.net/img/d1/18/d1186418b0cee465ee2677e7aee7dd8e.jpg,auto (6 séances / 1 salles)
F0136,Aprile,aprile,patrimoine_retro,6,1,L141,https://fr.web.img6.acsta.net/img/cc/68/cc68fec53d84f9db91e5fab663ba815f.jpg,auto (6 séances / 1 salles)
F0137,Chien bleu,chien-bleu,animation_jeune_public,6,1,L126,https://films.cinemas-utopia.org/wp-content/uploads/2026/07/Chien-bleu-COUV.jpg,auto (6 séances / 1 salles)
F0138,Comète,comete,fiction,6,2,L128|L143,https://fr.web.img6.acsta.net/img/5f/9d/5f9da5d2b22d285ed5450284f5bbc668.jpg,auto (6 séances / 2 salles)
F0139,Flush,flush,fiction,6,1,L137,https://fr.web.img3.acsta.net/img/23/c3/23c3f995fbfac82ce004fbbac590f001.jpg,auto (6 séances / 1 salles)
F0140,Harry Potter et la Coupe de Feu,harry-potter-et-la-coupe-de-feu,patrimoine_retro,6,3,L137|L138|L142,https://fr.web.img3.acsta.net/medias/nmedia/18/35/52/34/18450888.jpg,auto (6 séances / 3 salles)
F0141,Harry Potter et le Prisonnier d'Azkaban,harry-potter-et-le-prisonnier-dazkaban,patrimoine_retro,6,3,L137|L138|L142,https://fr.web.img6.acsta.net/img/86/01/860174d306c76e4662eb4e6d4dba4e0c.jpg,auto (6 séances / 3 salles)
F0142,Joyeuse Jungle !,joyeuse-jungle,animation_jeune_public,6,3,L128|L141|L148,https://fr.web.img6.acsta.net/img/e8/6c/e86c9876fe8dc5abacfaacbd1bcd1cb3.jpg,auto (6 séances / 3 salles)
F0143,La Baleine et l'escargote,la-baleine-et-lescargote,animation_jeune_public,6,1,L137,https://fr.web.img4.acsta.net/pictures/20/07/28/17/09/2082147.jpg,auto (6 séances / 1 salles)
F0144,La Fille dans les nuages,la-fille-dans-les-nuages,animation_jeune_public,6,4,L128|L141|L143|L144,https://fr.web.img4.acsta.net/img/a6/9e/a69e4b47821ccc84f4ee63d57ffc5124.jpg,auto (6 séances / 4 salles)
F0145,La Forteresse cachée,la-forteresse-cachee,patrimoine_retro,6,2,L126|L141,https://films.cinemas-utopia.org/wp-content/uploads/2016/02/Forteresse-cachee-COUV.jpg,auto (6 séances / 2 salles)
F0146,La Nuit de la Glisse 2026 – The Call,la-nuit-de-la-glisse-2026-the-call,fiction,6,2,L139|L142,https://fr.web.img6.acsta.net/img/e5/59/e5592e4382ef350298fef765160288b0.jpg,auto (6 séances / 2 salles)
F0147,Le Château de l'araignée,le-chateau-de-laraignee,patrimoine_retro,6,2,L126|L141,https://fr.web.img6.acsta.net/img/20/aa/20aabb81d89d08d46a4393e859ae85f8.jpg,auto (6 séances / 2 salles)
F0148,Les Silences de Riyad,les-silences-de-riyad,fiction,6,2,L143|L148,https://fr.web.img6.acsta.net/img/77/4c/774c48b614b0db826e289da924860d6f.jpg,auto (6 séances / 2 salles)
F0149,Lettres d'amour de ma grand-mère,lettres-damour-de-ma-grand-mere,fiction,6,2,L128|L137,https://fr.web.img2.acsta.net/img/da/c3/dac3f9a9cb981f0bf677cc1e7ecd14a8.jpg,auto (6 séances / 2 salles)
F0150,Venez voir,venez-voir,fiction,6,2,L127|L128,https://fr.web.img5.acsta.net/pictures/22/11/29/12/36/2491334.jpg,auto (6 séances / 2 salles)
F0151,Visite du Centre de conservation et de recherche de la Cinémathèque de Toulouse – Balma,visite-du-centre-de-conservation-et-de-recherche-de-la-cinematheque-de-toulouse-,fiction,6,1,L131,https://res.cloudinary.com/ct-cloudinary/image/upload/v1785224920/archives-en-action_z3j5cz,auto (6 séances / 1 salles)
F0152,Wake in fright (Réveil dans la terreur),wake-in-fright-reveil-dans-la-terreur,patrimoine_retro,6,1,L127,https://abc-toulouse.fr/images/affiches/w/Wake%20in%20Fright%20aff%20site.jpg,auto (6 séances / 1 salles)
F0153,Butterfly Jam,butterfly-jam,fiction,5,1,L128,https://fr.web.img6.acsta.net/img/7c/2a/7c2a1b58e4e7ca30ea9816bb10d4b4ac.jpg,auto (5 séances / 1 salles)
F0154,Charlie et les kangourous,charlie-et-les-kangourous,animation_jeune_public,5,4,L139|L144|L145|L148,https://fr.web.img2.acsta.net/img/9f/4a/9f4af8841cf8a30055df79e676984b5c.jpg,auto (5 séances / 4 salles)
F0155,Eva en août,eva-en-aout,fiction,5,2,L127|L128,https://fr.web.img6.acsta.net/pictures/20/07/17/15/19/2457575.jpg,auto (5 séances / 2 salles)
F0156,Fast & Furious,fast-furious,patrimoine_retro,5,3,L139|L140|L142,https://fr.web.img5.acsta.net/medias/nmedia/00/02/30/50/69215495_af.jpg,auto (5 séances / 3 salles)
F0157,Harry Potter et les reliques de la mort - partie 1,harry-potter-et-les-reliques-de-la-mort-partie-1,patrimoine_retro,5,3,L137|L138|L142,https://fr.web.img5.acsta.net/medias/nmedia/18/69/69/81/19590744.jpg,auto (5 séances / 3 salles)
F0158,Harry Potter et les reliques de la mort - partie 2,harry-potter-et-les-reliques-de-la-mort-partie-2,patrimoine_retro,5,3,L137|L138|L142,https://fr.web.img3.acsta.net/medias/nmedia/18/78/64/49/19762436.jpg,auto (5 séances / 3 salles)
F0159,Hunger Games: la Ballade du serpent et de l'oiseau chanteur,hunger-games-la-ballade-du-serpent-et-de-loiseau-chanteur,fiction,5,4,L139|L140|L142|L147,https://fr.web.img4.acsta.net/img/83/fd/83fdacdaceb7e25b257d44bef7f6d133.jpg,auto (5 séances / 4 salles)
F0160,La Vie en relief - Jacques Henri Lartigue,la-vie-en-relief-jacques-henri-lartigue,documentaire,5,1,L128,https://fr.web.img2.acsta.net/img/fd/d8/fdd88f9e61c3f4da1059df2dff02ae3a.jpg,auto (5 séances / 1 salles)
F0161,La reconquista,la-reconquista,fiction,5,1,L128,https://fr.web.img4.acsta.net/img/c0/9d/c09de5d58cc2bddcaaf5aa3049c99328.jpg,auto (5 séances / 1 salles)
F0162,Les Nouvelles aventures de Gros-Pois et Petit-point,les-nouvelles-aventures-de-gros-pois-et-petit-point,animation_jeune_public,5,4,L126|L141|L143|L147,https://fr.web.img6.acsta.net/pictures/15/01/06/14/38/393337.jpg,auto (5 séances / 4 salles)
F0163,L’Être Aimé,letre-aime,fiction,5,2,L128|L148,https://fr.web.img6.acsta.net/img/fb/ce/fbce99c777dbeedf8a6d8290cbd25b2a.jpg,auto (5 séances / 2 salles)
F0164,Mylène Farmer – Égrégore – L’avant-première,mylene-farmer-egregore-lavant-premiere,fiction,5,3,L137|L138|L140,https://fr.web.img6.acsta.net/img/2c/3b/2c3b6aef39460882e215ef39e08dac16.jpg,auto (5 séances / 3 salles)
F0165,Oasis: Don't Look Back In Anger,oasis-dont-look-back-in-anger,documentaire,5,5,L137|L138|L139|L140|L147,https://fr.web.img4.acsta.net/img/27/1d/271d5eaf553814418bc2b5abe3a4bcfb.jpg,auto (5 séances / 5 salles)
F0166,Patouille et Momo les contes de la forêt,patouille-et-momo-les-contes-de-la-foret,festival_avp,5,2,L139|L141,https://fr.web.img4.acsta.net/img/28/c6/28c61f5d85c2b5f33bb724dc9fdd20b3.jpg,auto (5 séances / 2 salles)
F0167,RRR,rrr,fiction,5,1,L128,https://fr.web.img6.acsta.net/img/c5/3a/c53a1a379f5efd5c58ae238e530e6927.jpg,auto (5 séances / 1 salles)
F0168,RoboCop,robocop,patrimoine_retro,5,1,L141,https://fr.web.img2.acsta.net/pictures/24/03/19/09/30/3388638.jpg,auto (5 séances / 1 salles)
F0169,Street Fighter,street-fighter,festival_avp,5,4,L138|L139|L140|L147,https://fr.web.img2.acsta.net/img/fc/20/fc20187ddbbd4af991999e32c9a03fb4.jpg,auto (5 séances / 4 salles)
F0170,Top Gun: Maverick,top-gun-maverick,fiction,5,1,L140,https://fr.web.img3.acsta.net/img/e3/d5/e3d59ee245e055bf0c49d24edfc17b36.jpg,auto (5 séances / 1 salles)
F0171,Bleach - Le Film 4 : Hell Verse,bleach-le-film-4-hell-verse,animation_jeune_public,4,3,L137|L138|L139,https://fr.web.img4.acsta.net/img/03/24/0324d97da29c70065c1a72a7c66ef006.png,auto (4 séances / 3 salles)
F0172,Bleach : Fade to Black,bleach-fade-to-black,animation_jeune_public,4,3,L137|L138|L139,https://fr.web.img5.acsta.net/img/d6/a9/d6a91cbe1a97a89782616ccfdc7f38ae.png,auto (4 séances / 3 salles)
F0173,Bleach : Memories of Nobody,bleach-memories-of-nobody,animation_jeune_public,4,3,L137|L138|L139,https://fr.web.img4.acsta.net/img/cb/4d/cb4daaaee3183f71ac3f4311710b42f5.png,auto (4 séances / 3 salles)
F0174,Bleach : The DiamondDust Rebellion,bleach-the-diamonddust-rebellion,animation_jeune_public,4,3,L137|L138|L139,https://fr.web.img3.acsta.net/img/a0/fe/a0feaff83798efc2b041aa847be6475a.png,auto (4 séances / 3 salles)
F0175,Così fan tutte (Metropolitan Opera),cosi-fan-tutte-metropolitan-opera,fiction,4,4,L137|L138|L145|L147,https://fr.web.img6.acsta.net/img/d1/9d/d19de0686e05c9a32c18310d8d51a2d1.jpg,auto (4 séances / 4 salles)
F0176,Gorgonà,gorgona,fiction,4,1,L128,https://fr.web.img3.acsta.net/img/9b/1b/9b1b011383742e306a8e8e79c59fff9d.jpg,auto (4 séances / 1 salles)
F0177,In Waves,in-waves,animation_jeune_public,4,1,L128,https://fr.web.img3.acsta.net/img/66/95/66956c0d0a15062c936b14d7dd48c5b7.jpg,auto (4 séances / 1 salles)
F0178,La Belle et la bête,la-belle-et-la-bete,patrimoine_retro,4,1,L128,https://fr.web.img3.acsta.net/pictures/210/201/21020192_2013092716451197.jpg,auto (4 séances / 1 salles)
F0179,Le Berger et les ours,le-berger-et-les-ours,documentaire,4,2,L128|L148,https://fr.web.img2.acsta.net/img/8a/22/8a22bf3670d6e30e9434ec9fd5aed923.jpg,auto (4 séances / 2 salles)
F0180,Le Monde à l'envers,le-monde-a-lenvers,animation_jeune_public,4,2,L127|L147,https://fr.web.img4.acsta.net/img/69/54/695460e78e996175a81de234a0603f87.jpg,auto (4 séances / 2 salles)
F0181,Lydia et le vaisseau des tempêtes,lydia-et-le-vaisseau-des-tempetes,animation_jeune_public,4,3,L138|L139|L148,https://fr.web.img6.acsta.net/img/a9/56/a956b39c861f91bf3252abbe92836765.jpg,auto (4 séances / 3 salles)
F0182,Malfaisante,malfaisante,festival_avp,4,4,L137|L138|L140|L147,https://fr.web.img5.acsta.net/img/9e/c5/9ec5c971224bc443153c1a8da6c73e07.jpg,auto (4 séances / 4 salles)
F0183,Mon petit Halloween,mon-petit-halloween,animation_jeune_public,4,2,L147|L148,https://fr.web.img4.acsta.net/img/3f/15/3f15cc868c8c4bf6a932e2fb01f2ffca.jpg,auto (4 séances / 2 salles)
F0184,Polvo serán,polvo-seran,fiction,4,2,L128|L148,https://fr.web.img6.acsta.net/img/bd/8e/bd8e0ce12b46a1c68db15743b1b40b0a.jpg,auto (4 séances / 2 salles)
F0185,Retour au collège,retour-au-college,documentaire,4,2,L126|L148,https://films.cinemas-utopia.org/wp-content/uploads/2026/07/Retour-au-college-COUV.jpg,auto (4 séances / 2 salles)
F0186,Romería,romeria,fiction,4,1,L128,https://fr.web.img5.acsta.net/img/7d/71/7d71d5cb3807d32a852e5725c3c91974.jpg,auto (4 séances / 1 salles)
F0187,Sanjuro,sanjuro,patrimoine_retro,4,1,L126,https://films.cinemas-utopia.org/wp-content/uploads/2016/02/Sanjuro-COUV.jpg,auto (4 séances / 1 salles)
F0188,Septembre sans attendre,septembre-sans-attendre,fiction,4,1,L128,https://fr.web.img6.acsta.net/img/86/ef/86ef4fd30e03877ad59a19cd1854d9af.jpg,auto (4 séances / 1 salles)
F0189,Sorda,sorda,fiction,4,2,L128|L148,https://fr.web.img6.acsta.net/img/ff/de/ffde10f946a815725bb5cd6e5b47bbe3.jpg,auto (4 séances / 2 salles)
F0190,Superasticot,superasticot,animation_jeune_public,4,2,L137|L138,https://fr.web.img2.acsta.net/pictures/22/05/13/16/18/0993251.jpg,auto (4 séances / 2 salles)
F0191,"Venise, la lune et toi",venise-la-lune-et-toi,patrimoine_retro,4,1,L141,https://fr.web.img2.acsta.net/img/69/04/6904c06e8192e2a94d3a374a85d7d320.jpg,auto (4 séances / 1 salles)
F0192,Wolfy ! Et les loups en délire,wolfy-et-les-loups-en-delire,animation_jeune_public,4,1,L144,https://fr.web.img6.acsta.net/pictures/20/09/01/09/09/4507895.jpg,auto (4 séances / 1 salles)
F0193,Bohemian Rhapsody,bohemian-rhapsody,fiction,3,1,L140,https://fr.web.img6.acsta.net/pictures/18/05/15/16/26/2028013.jpg,auto (3 séances / 1 salles)
F0194,"Carmen, l’oiseau rebelle",carmen-loiseau-rebelle,festival_avp,3,2,L143|L148,https://fr.web.img6.acsta.net/img/82/96/82969ffb61835e6d309161ec46daf0b9.jpg,auto (3 séances / 2 salles)
F0195,Challengers,challengers,fiction,3,2,L131|L142,https://fr.web.img4.acsta.net/pictures/24/01/15/10/08/2202044.jpg,auto (3 séances / 2 salles)
F0196,Coup de coeur surprise 2 AFCAE Octobre 2026,coup-de-coeur-surprise-2-afcae-octobre-2026,fiction,3,3,L143|L147|L148,https://fr.web.img2.acsta.net/pictures/23/09/15/11/38/1205557.jpg,auto (3 séances / 3 salles)
F0197,Entroncamento,entroncamento,fiction,3,1,L128,https://fr.web.img2.acsta.net/img/f0/22/f022eabeca6e14c50037017e82e83072.jpg,auto (3 séances / 1 salles)
F0198,Fantastique,fantastique,documentaire,3,1,L128,https://fr.web.img6.acsta.net/img/c9/9f/c99f5b4c66554c2f06956555cb977547.jpg,auto (3 séances / 1 salles)
F0199,Gouffres et merveilles,gouffres-et-merveilles,documentaire,3,1,L128,https://fr.web.img5.acsta.net/img/84/24/8424b60674d60d3a36e3eae1577ce500.jpg,auto (3 séances / 1 salles)
F0200,Hanami,hanami,fiction,3,1,L128,https://fr.web.img2.acsta.net/img/6c/90/6c900bb511aba24796a124cc0630d8e6.jpg,auto (3 séances / 1 salles)
F0201,Harry Potter et l'Ordre du Phénix,harry-potter-et-lordre-du-phenix,animation_jeune_public,3,2,L137|L142,https://fr.web.img6.acsta.net/medias/nmedia/18/36/32/70/18778375.jpg,auto (3 séances / 2 salles)
F0202,Harry Potter et le Prince de sang mêlé,harry-potter-et-le-prince-de-sang-mele,patrimoine_retro,3,2,L137|L142,https://fr.web.img2.acsta.net/medias/nmedia/18/65/64/35/19116952.jpg,auto (3 séances / 2 salles)
F0203,Jean-Michel le caribou et les histoires d'amour interdites,jean-michel-le-caribou-et-les-histoires-damour-interdites,animation_jeune_public,3,1,L144,https://fr.web.img2.acsta.net/pictures/20/10/02/17/00/3548007.jpg,auto (3 séances / 1 salles)
F0204,"Kyma, l’onde mystérieuse",kyma-londe-mysterieuse,fiction,3,1,L148,https://fr.web.img6.acsta.net/img/c5/38/c53817b82f09f1a3546dd43904cfdaea.jpg,auto (3 séances / 1 salles)
F0205,La Grande rêvasion,la-grande-revasion,animation_jeune_public,3,1,L128,https://fr.web.img5.acsta.net/img/de/c0/dec0a9439dda983e4fab8fe508f525e0.jpg,auto (3 séances / 1 salles)
F0206,La Règle du jeu,la-regle-du-jeu,patrimoine_retro,3,1,L128,https://fr.web.img3.acsta.net/pictures/22/03/21/14/47/5791881.jpg,auto (3 séances / 1 salles)
F0207,Le Château dans le ciel (Tenkû no shiro Rapyuta),le-chateau-dans-le-ciel-tenku-no-shiro-rapyuta,animation_jeune_public,3,1,L131,"https://res.cloudinary.com/ct-cloudinary/image/upload/c_fill,dpr_2.0,f_auto,g_north_west,h_122,q_80,w_185/cinematheque_de_toulouse_logo",auto (3 séances / 1 salles)
F0208,Le Goût des autres,le-gout-des-autres,patrimoine_retro,3,3,L145|L147|L148,https://fr.web.img2.acsta.net/img/e5/dd/e5ddf82c4aacee8474ba464d3fda23ff.jpg,auto (3 séances / 3 salles)
F0209,Le Sud,le-sud,patrimoine_retro,3,2,L128|L147,https://fr.web.img3.acsta.net/img/fc/6d/fc6d49f3011e61a0b9a5b43971d725e9.jpg,auto (3 séances / 2 salles)
F0210,Le Tombeau des lucioles,le-tombeau-des-lucioles,animation_jeune_public,3,3,L126|L131|L140,https://fr.web.img5.acsta.net/img/4c/e5/4ce5eb41dee26f90d52da68353d7d38b.jpg,auto (3 séances / 3 salles)
F0211,Les Caprices de l’Enfant Roi,les-caprices-de-lenfant-roi,fiction,3,2,L143|L145,https://fr.web.img4.acsta.net/img/36/8f/368f8ae0d4f0928b0523eb6a5347576a.jpg,auto (3 séances / 2 salles)
F0212,Les Dimanches,les-dimanches,fiction,3,1,L128,https://fr.web.img4.acsta.net/img/18/71/18717c10a7a89df2cbf10f6584181ebd.jpg,auto (3 séances / 1 salles)
F0213,Les Saisons,les-saisons,documentaire,3,1,L128,https://fr.web.img5.acsta.net/img/62/ca/62caeca5817cd8ab73ee47d75629cd09.jpg,auto (3 séances / 1 salles)
F0214,Les Tourouges et les Toubleus,les-tourouges-et-les-toubleus,animation_jeune_public,3,1,L127,https://fr.web.img3.acsta.net/pictures/23/06/27/16/09/1673570.jpg,auto (3 séances / 1 salles)
F0215,Les Vacances de Monsieur Hulot,les-vacances-de-monsieur-hulot,patrimoine_retro,3,3,L126|L127|L143,https://fr.web.img3.acsta.net/img/98/95/98957abe085b0f16eba3fa7291c77b58.jpg,auto (3 séances / 3 salles)
F0216,Lorie Party 2026 au cinéma,lorie-party-2026-au-cinema,fiction,3,3,L137|L138|L139,https://fr.web.img6.acsta.net/img/f9/4e/f94ef029ebe995c277b481578b93a603.jpg,auto (3 séances / 3 salles)
F0217,Los Tigres,los-tigres,fiction,3,1,L128,https://fr.web.img5.acsta.net/img/e6/07/e6072a30a6045a3cdc545da6bbafe62a.jpg,auto (3 séances / 1 salles)
F0218,Low Expectations,low-expectations,fiction,3,1,L128,https://fr.web.img5.acsta.net/img/69/30/6930e4e1db0efba869e452bee7ee0685.jpg,auto (3 séances / 1 salles)
F0219,Memory Of Princess Mumbi,memory-of-princess-mumbi,fiction,3,1,L128,https://fr.web.img6.acsta.net/img/a6/3f/a63fd4133896b53a7411cd619cc4be80.jpg,auto (3 séances / 1 salles)
F0220,Mochy,mochy,festival_avp,3,3,L138|L140|L142,https://fr.web.img4.acsta.net/img/2e/29/2e292d36aa0d7fc0efb2e1d08578357d.jpg,auto (3 séances / 3 salles)
F0221,Moulin,moulin,festival_avp,3,3,L137|L139|L145,https://fr.web.img2.acsta.net/img/ae/69/ae69b0a93292a62cbe17343c9625b5a9.jpg,auto (3 séances / 3 salles)
F0222,Nightborn,nightborn,fiction,3,1,L128,https://fr.web.img3.acsta.net/img/67/e4/67e46aeae8cd8f627262d4a1e3e05651.jpg,auto (3 séances / 1 salles)
F0223,Nimrods : A Green Day Comedy,nimrods-a-green-day-comedy,fiction,3,2,L139|L142,https://fr.web.img6.acsta.net/img/5b/e6/5be6dff936b1d7b7b4721f54ea06a700.png,auto (3 séances / 2 salles)
F0224,Oklahoma Honey (vf&vostfr),oklahoma-honey-vf-vostfr,fiction,3,1,L148,https://fr.web.img6.acsta.net/img/c5/9b/c59b5f11e1d8c447738dd7b4a8a49476.jpg,auto (3 séances / 1 salles)
F0225,Projet dernière chance,projet-derniere-chance,fiction,3,1,L140,https://fr.web.img4.acsta.net/img/99/2a/992abd2d7fd54a1c00db5b43aee847d0.jpg,auto (3 séances / 1 salles)
F0226,Queen Budapest,queen-budapest,fiction,3,3,L137|L138|L139,https://fr.web.img6.acsta.net/img/a1/d9/a1d93da564046502d8abe2da0be06c1c.jpg,auto (3 séances / 3 salles)
F0227,Rita et Crocodile,rita-et-crocodile,animation_jeune_public,3,3,L125|L141|L147,https://fr.web.img5.acsta.net/pictures/17/10/23/09/41/4746507.jpg,auto (3 séances / 3 salles)
F0228,Roméo et Juliette (Opéra de Paris),romeo-et-juliette-opera-de-paris,fiction,3,3,L137|L138|L147,https://fr.web.img2.acsta.net/img/52/4f/524f18fa05092e02f9cc0ffd728c1123.jpg,auto (3 séances / 3 salles)
F0229,Seuls les rebelles,seuls-les-rebelles,fiction,3,1,L143,https://fr.web.img3.acsta.net/img/a8/59/a85973532048532206be1d8261d8e50c.jpg,auto (3 séances / 1 salles)
F0230,The Batman,the-batman,fiction,3,1,L140,https://fr.web.img5.acsta.net/pictures/22/02/16/17/42/3125788.jpg,auto (3 séances / 1 salles)
F0231,Ton animal maternel,ton-animal-maternel,fiction,3,1,L128,https://fr.web.img5.acsta.net/img/f5/49/f549c77401560798e02b0c2d182f8448.jpg,auto (3 séances / 1 salles)
F0232,Tout en haut du monde,tout-en-haut-du-monde,animation_jeune_public,3,2,L127|L128,https://fr.web.img3.acsta.net/pictures/15/11/10/15/36/414149.jpg,auto (3 séances / 2 salles)
F0233,Un hiver russe,un-hiver-russe,documentaire,3,2,L128|L148,https://fr.web.img5.acsta.net/img/ca/58/ca5828b0f6411d701a32919bd73e3c8d.jpg,auto (3 séances / 2 salles)
F0234,Un petit air de famille,un-petit-air-de-famille,animation_jeune_public,3,2,L127|L147,https://fr.web.img6.acsta.net/pictures/19/06/28/12/11/5522147.jpg,auto (3 séances / 2 salles)
F0235,Undertone,undertone,fiction,3,1,L137,https://fr.web.img5.acsta.net/img/aa/09/aa097ecc9757a22dabfabc6469ce62f1.jpg,auto (3 séances / 1 salles)
F0236,Wallace & Gromit : Cœurs à modeler,wallace-gromit-c-urs-a-modeler,animation_jeune_public,3,2,L137|L138,https://fr.web.img3.acsta.net/pictures/17/11/08/16/55/0945006.jpg,auto (3 séances / 2 salles)
F0237,A Swedish Love Story,a-swedish-love-story,patrimoine_retro,2,1,L128,https://fr.web.img6.acsta.net/img/ef/73/ef73c0003d3ed94f0dbdf60d62de0c3c.jpg,auto (2 séances / 1 salles)
F0238,Always Lalisa,always-lalisa,documentaire,2,2,L137|L138,https://fr.web.img4.acsta.net/img/f9/2c/f92ce45962a0e2c7f89b4f6b6d2a8a3f.jpg,auto (2 séances / 2 salles)
F0239,Apocalypse Now Final Cut,apocalypse-now-final-cut,patrimoine_retro,2,2,L145|L148,https://fr.web.img6.acsta.net/img/06/b1/06b11504fe86b460ca43da6b1072bbba.jpg,auto (2 séances / 2 salles)
F0240,Arrebato – Leo es pardo,arrebato-leo-es-pardo,fiction,2,1,L131,https://res.cloudinary.com/ct-cloudinary/image/upload/v1788792337/Arrebato_jnd9bh,auto (2 séances / 1 salles)
F0241,Au-delà du réel,au-dela-du-reel,patrimoine_retro,2,1,L128,https://fr.web.img4.acsta.net/medias/nmedia/18/69/56/92/19067698.jpg,auto (2 séances / 1 salles)
F0242,Autofiction,autofiction,fiction,2,1,L128,https://fr.web.img4.acsta.net/img/99/ee/99ee4688f7d7695bf36eff48bf9da890.jpg,auto (2 séances / 1 salles)
F0243,Avant / Après,avant-apres,festival_avp,2,1,L141,https://fr.web.img3.acsta.net/img/24/34/24342b6ff0ce44013185de74ea0e4120.jpg,auto (2 séances / 1 salles)
F0244,BTS World Tour 'ARIRANG' In Buenos Aires : Live viewing,bts-world-tour-arirang-in-buenos-aires-live-viewing,fiction,2,2,L137|L140,https://fr.web.img6.acsta.net/img/11/85/1185b03bdcff589b57a67f1ca3057aa2.jpg,auto (2 séances / 2 salles)
F0245,BTS World Tour 'ARIRANG' In São Paulo : Live viewing,bts-world-tour-arirang-in-sao-paulo-live-viewing,fiction,2,2,L137|L140,https://fr.web.img6.acsta.net/img/11/85/1185b03bdcff589b57a67f1ca3057aa2.jpg,auto (2 séances / 2 salles)
F0246,Barcelona sur,barcelona-sur,fiction,2,1,L131,https://res.cloudinary.com/ct-cloudinary/image/upload/v1788851995/Barcelona-sur_mvkuid,auto (2 séances / 1 salles)
F0247,Batman Begins,batman-begins,patrimoine_retro,2,2,L140|L144,https://fr.web.img3.acsta.net/pictures/22/10/04/08/52/2484953.jpg,auto (2 séances / 2 salles)
F0248,Belladonna,belladonna,animation_jeune_public,2,1,L131,https://fr.web.img3.acsta.net/pictures/16/04/28/15/16/259768.jpg,auto (2 séances / 1 salles)
F0249,Belladonna des tristesses (Kanashimi no Beradonna),belladonna-des-tristesses-kanashimi-no-beradonna,animation_jeune_public,2,1,L131,https://image.tmdb.org/t/p/w500/fN1HY3qaapQGAvsek7j4bMgOovs.jpg,auto (2 séances / 1 salles)
F0250,Blaise,blaise,festival_avp,2,1,L137,https://fr.web.img6.acsta.net/img/1d/5c/1d5c817e552ede9a34144241336ac7dc.jpg,auto (2 séances / 1 salles)
F0251,Buena Vista Social Club,buena-vista-social-club,documentaire,2,1,L147,https://fr.web.img6.acsta.net/pictures/23/09/27/16/15/3564960.jpg,auto (2 séances / 1 salles)
F0252,Cervantes avant Don Quichotte,cervantes-avant-don-quichotte,fiction,2,1,L128,https://fr.web.img4.acsta.net/img/9a/f6/9af667817bac2a36c89d6b85af253a81.jpg,auto (2 séances / 1 salles)
F0253,Chicas triste,chicas-triste,fiction,2,1,L148,https://fr.web.img4.acsta.net/img/57/32/5732fc7877b55cb456ac1a47200b74fc.jpg,auto (2 séances / 1 salles)
F0254,Chicas triste (vostfr),chicas-triste-vostfr,fiction,2,1,L148,https://www.mjc-castanet-tolosan.fr/wp-content/uploads/2026/08/CHICAS-TRISTES.jpg,auto (2 séances / 1 salles)
F0255,"Chouette, chat, chien... show",chouette-chat-chien-show,patrimoine_retro,2,1,L137,https://films.cinemas-utopia.org/wp-content/uploads/2025/12/J_ai-des-orties-sur-mon-balcon-AFF.jpg,auto (2 séances / 1 salles)
F0256,Coco,coco,animation_jeune_public,2,2,L140|L142,https://fr.web.img2.acsta.net/pictures/17/09/15/12/42/0056825.jpg,auto (2 séances / 2 salles)
F0257,Compète | AVANT / APRÈS,compete-avant-apres,fiction,2,1,L128,https://www.cinemalecratere.fr/images/stories/films/Fifigrot-2026_post-1080x1350px.jpg,auto (2 séances / 1 salles)
F0258,Compète | GABIN,compete-gabin,fiction,2,1,L128,https://www.cinemalecratere.fr/images/stories/films/Fifigrot-2026_post-1080x1350px.jpg,auto (2 séances / 1 salles)
F0259,Compète | LES ROCHES ROUGES,compete-les-roches-rouges,fiction,2,1,L128,https://www.cinemalecratere.fr/images/stories/films/Fifigrot-2026_post-1080x1350px.jpg,auto (2 séances / 1 salles)
F0260,Compète | L’ESPÈCE EXPLOSIVE,compete-lespece-explosive,fiction,2,1,L128,https://www.cinemalecratere.fr/images/stories/films/Fifigrot-2026_post-1080x1350px.jpg,auto (2 séances / 1 salles)
F0261,Cotton queen (vostfr),cotton-queen-vostfr,fiction,2,1,L148,https://www.mjc-castanet-tolosan.fr/wp-content/uploads/2026/08/COTTON-QUEEN-390x205.jpg,auto (2 séances / 1 salles)
F0262,Coup de coeur surprise 1 AFCAE Septembre 2026,coup-de-coeur-surprise-1-afcae-septembre-2026,fiction,2,2,L143|L145,https://fr.web.img2.acsta.net/pictures/23/09/15/11/38/1205557.jpg,auto (2 séances / 2 salles)
F0263,Coup de coeur surprise 2 AFCAE Septembre 2026,coup-de-coeur-surprise-2-afcae-septembre-2026,fiction,2,1,L148,https://fr.web.img2.acsta.net/pictures/23/09/15/11/38/1205557.jpg,auto (2 séances / 1 salles)
F0264,Coup de coeur surprise 3 AFCAE Octobre 2026,coup-de-coeur-surprise-3-afcae-octobre-2026,fiction,2,2,L144|L145,https://fr.web.img2.acsta.net/pictures/23/09/15/11/38/1205557.jpg,auto (2 séances / 2 salles)
F0265,Coup de coeur surprise 4 AFCAE Septembre 2026,coup-de-coeur-surprise-4-afcae-septembre-2026,fiction,2,2,L144|L147,https://fr.web.img2.acsta.net/pictures/23/09/15/11/38/1205557.jpg,auto (2 séances / 2 salles)
F0266,Cowboy Bebop,cowboy-bebop,animation_jeune_public,2,2,L131|L144,https://fr.web.img6.acsta.net/img/a3/46/a3467c668b02d6ae8d458f353ff78e31.jpg,auto (2 séances / 2 salles)
F0267,D'où vient le vent,dou-vient-le-vent,fiction,2,1,L143,https://fr.web.img3.acsta.net/img/a5/a2/a5a28fa7f4ca8d7f28d47fa38401fa55.jpg,auto (2 séances / 1 salles)
F0268,Dans les ténèbres (Entre tinieblas),dans-les-tenebres-entre-tinieblas,fiction,2,1,L131,https://res.cloudinary.com/ct-cloudinary/image/upload/v1788853586/Dans-les-tenebres-2_k6jvly,auto (2 séances / 1 salles)
F0269,"Docteur Mabuse, le joueur",docteur-mabuse-le-joueur,patrimoine_retro,2,1,L131,https://fr.web.img5.acsta.net/medias/nmedia/18/36/03/99/18447444.jpg,auto (2 séances / 1 salles)
F0270,Dreamland au cinéma,dreamland-au-cinema,animation_jeune_public,2,1,L139,https://fr.web.img2.acsta.net/img/85/a5/85a57b3f1da01b1631c5314fdacc34d7.png,auto (2 séances / 1 salles)
F0271,Du côté d'Orouët,du-cote-dorouet,patrimoine_retro,2,1,L128,https://fr.web.img5.acsta.net/img/00/f6/00f6157b78feb35c1200a0109a1268a5.jpg,auto (2 séances / 1 salles)
F0272,El muerto y ser feliz,el-muerto-y-ser-feliz,fiction,2,1,L127,,auto (2 séances / 1 salles)
F0273,El puente,el-puente,fiction,2,1,L131,https://res.cloudinary.com/ct-cloudinary/image/upload/v1788790109/El-PuentE_qi27xm,auto (2 séances / 1 salles)
F0274,El sacerdote,el-sacerdote,fiction,2,1,L131,https://res.cloudinary.com/ct-cloudinary/image/upload/v1785228251/THE-PRIEST-07_sglco5,auto (2 séances / 1 salles)
F0275,Exorcismo,exorcismo,fiction,2,1,L131,https://res.cloudinary.com/ct-cloudinary/image/upload/v1785227978/EXORCISMO_still5_zysgz8,auto (2 séances / 1 salles)
F0276,Furie,furie,patrimoine_retro,2,1,L131,https://fr.web.img4.acsta.net/medias/nmedia/18/35/14/71/18363890.jpg,auto (2 séances / 1 salles)
F0277,Furie (Fury),furie-fury,patrimoine_retro,2,1,L131,https://fr.web.img4.acsta.net/medias/nmedia/18/35/14/71/18363890.jpg,auto (2 séances / 1 salles)
F0278,GHOST: 2 Big To Rig,ghost-2-big-to-rig,fiction,2,2,L137|L138,https://fr.web.img3.acsta.net/img/cb/98/cb98b59f1f3de43ccf019ac2056e8ea0.jpg,auto (2 séances / 2 salles)
F0279,Gabin,gabin,festival_avp,2,1,L127,https://fr.web.img3.acsta.net/img/8d/05/8d0593277c6585f2183ab43b2926708a.jpg,auto (2 séances / 1 salles)
F0280,Gueux | IL EST DIFFICILE D’ETRE UN DIEU,gueux-il-est-difficile-detre-un-dieu,fiction,2,1,L128,https://www.cinemalecratere.fr/images/stories/films/Fifigrot-2026_post-1080x1350px.jpg,auto (2 séances / 1 salles)
F0281,Gueux | MACADAM COWBOY,gueux-macadam-cowboy,fiction,2,1,L128,https://www.cinemalecratere.fr/images/stories/films/Fifigrot-2026_post-1080x1350px.jpg,auto (2 séances / 1 salles)
F0282,Hamlet,hamlet,fiction,2,2,L137|L138,https://fr.web.img2.acsta.net/img/73/78/73787e7e2b5cc7201126b2eda82a1267.jpg,auto (2 séances / 2 salles)
F0283,Histoires de la bonne vallée,histoires-de-la-bonne-vallee,documentaire,2,1,L128,https://fr.web.img4.acsta.net/img/12/89/12891bdab3b9c17700a3c72747a8f563.jpg,auto (2 séances / 1 salles)
F0284,House,house,patrimoine_retro,2,1,L141,https://fr.web.img3.acsta.net/pictures/23/06/01/16/18/3717931.jpg,auto (2 séances / 1 salles)
F0285,House by the River,house-by-the-river,patrimoine_retro,2,1,L131,https://fr.web.img6.acsta.net/pictures/19/01/15/14/05/4162665.jpg,auto (2 séances / 1 salles)
F0286,Il est difficile d'être un dieu,il-est-difficile-detre-un-dieu,fiction,2,1,L128,https://fr.web.img3.acsta.net/pictures/15/01/20/16/29/153038.jpg,auto (2 séances / 1 salles)
F0287,James et la pêche géante,james-et-la-peche-geante,animation_jeune_public,2,2,L145|L148,https://fr.web.img6.acsta.net/img/c7/b6/c7b67d31753ca615803d252ac927790d.jpg,auto (2 séances / 2 salles)
F0288,Katy Perry: The Lifetimes Tour - Live from Paris,katy-perry-the-lifetimes-tour-live-from-paris,fiction,2,2,L138|L139,https://fr.web.img6.acsta.net/img/eb/53/eb53d0663e53846152ba427d8e4bc918.jpg,auto (2 séances / 2 salles)
F0289,La Bola Negra,la-bola-negra,festival_avp,2,2,L137|L141,https://fr.web.img3.acsta.net/img/ee/11/ee1175844a9ec9a1601ffa8101bbd8bc.jpg,auto (2 séances / 2 salles)
F0290,La Faille,la-faille,festival_avp,2,1,L141,https://fr.web.img6.acsta.net/img/f8/59/f859dbd0d44102084cfaa9154fab5a03.jpg,auto (2 séances / 1 salles)
F0291,La Pat’Patrouille : Mission Dino,la-patpatrouille-mission-dino,animation_jeune_public,2,1,L148,https://fr.web.img6.acsta.net/img/bb/35/bb358019448f4fcd5c37b0d19c04fd0d.jpg,auto (2 séances / 1 salles)
F0292,La Randonnée,la-randonnee,patrimoine_retro,2,1,L137,https://fr.web.img6.acsta.net/pictures/15/04/23/11/11/508991.jpg,auto (2 séances / 1 salles)
F0293,Le Bossu de Notre-Dame,le-bossu-de-notre-dame,animation_jeune_public,2,2,L142|L144,https://fr.web.img6.acsta.net/pictures/210/111/21011147_20130607174439608.jpg,auto (2 séances / 2 salles)
F0294,Le Château dans le ciel,le-chateau-dans-le-ciel,animation_jeune_public,2,1,L131,https://fr.web.img6.acsta.net/medias/nmedia/00/02/55/80/affiche.jpg,auto (2 séances / 1 salles)
F0295,Le Dictateur,le-dictateur,patrimoine_retro,2,1,L131,https://fr.web.img6.acsta.net/pictures/19/06/24/15/19/0423711.jpg,auto (2 séances / 1 salles)
F0296,Le Dictateur (The Great Dictator),le-dictateur-the-great-dictator,patrimoine_retro,2,1,L131,https://fr.web.img6.acsta.net/pictures/19/06/24/15/19/0423711.jpg,auto (2 séances / 1 salles)
F0297,Le Journal d’une femme de chambre,le-journal-dune-femme-de-chambre,festival_avp,2,1,L127,https://fr.web.img6.acsta.net/img/1a/94/1a94f70e94137ca2e2cd1230eee55273.jpg,auto (2 séances / 1 salles)
F0298,Le Quatuor à cornes,le-quatuor-a-cornes,animation_jeune_public,2,1,L144,https://fr.web.img2.acsta.net/pictures/18/07/23/16/02/2537326.jpg,auto (2 séances / 1 salles)
F0299,Le Roi du Game,le-roi-du-game,festival_avp,2,2,L138|L139,https://fr.web.img5.acsta.net/img/21/11/211184243b4ab7c37127ace9ced2e939.jpg,auto (2 séances / 2 salles)
F0300,Le Royaume des chats,le-royaume-des-chats,animation_jeune_public,2,1,L131,https://fr.web.img6.acsta.net/medias/nmedia/18/35/08/08/affiche.jpg,auto (2 séances / 1 salles)
F0301,Le Royaume des chats (Neko no ongaeshi),le-royaume-des-chats-neko-no-ongaeshi,animation_jeune_public,2,1,L131,https://fr.web.img6.acsta.net/medias/nmedia/18/35/08/08/affiche.jpg,auto (2 séances / 1 salles)
F0302,Le Testament du docteur Mabuse,le-testament-du-docteur-mabuse,patrimoine_retro,2,1,L131,https://fr.web.img2.acsta.net/pictures/19/03/29/11/45/5616896.jpg,auto (2 séances / 1 salles)
F0303,Le Testament du docteur Mabuse (Das Testament des Dr. Mabuse),le-testament-du-docteur-mabuse-das-testament-des-dr-mabuse,patrimoine_retro,2,1,L131,"https://res.cloudinary.com/ct-cloudinary/image/upload/c_fill,dpr_2.0,f_auto,g_north_west,h_122,q_80,w_185/cinematheque_de_toulouse_logo",auto (2 séances / 1 salles)
F0304,Le Voyage de Chihiro,le-voyage-de-chihiro,animation_jeune_public,2,2,L131|L142,https://fr.web.img6.acsta.net/medias/nmedia/00/02/36/71/chihiro.jpg,auto (2 séances / 2 salles)
F0305,Le lac des cygnes (Opéra de Paris),le-lac-des-cygnes-opera-de-paris,fiction,2,2,L137|L138,https://fr.web.img6.acsta.net/img/a2/32/a2323739cd38d060e85a85646eef1359.jpg,auto (2 séances / 2 salles)
F0306,Les Braves (Coward),les-braves-coward,festival_avp,2,2,L144|L145,https://fr.web.img6.acsta.net/img/d1/a3/d1a36df2d9ac6be2ab01ec53ac96b503.jpg,auto (2 séances / 2 salles)
F0307,Les Contes de Terremer,les-contes-de-terremer,animation_jeune_public,2,1,L131,https://fr.web.img5.acsta.net/medias/nmedia/18/36/23/46/18739695.jpg,auto (2 séances / 1 salles)
F0308,Les Contes de Terremer (Gedo senki),les-contes-de-terremer-gedo-senki,animation_jeune_public,2,1,L131,"https://res.cloudinary.com/ct-cloudinary/image/upload/c_fill,dpr_2.0,f_auto,g_north_west,h_122,q_80,w_185/cinematheque_de_toulouse_logo",auto (2 séances / 1 salles)
F0309,Les Fraises,les-fraises,festival_avp,2,2,L137|L143,https://fr.web.img5.acsta.net/img/67/16/67160b0735692417ed3ca86b737ba4a3.jpg,auto (2 séances / 2 salles)
F0310,Les Mal-aimés,les-mal-aimes,animation_jeune_public,2,1,L145,https://fr.web.img5.acsta.net/pictures/20/06/05/15/01/0883022.jpg,auto (2 séances / 1 salles)
F0311,Les Tontons flingueurs,les-tontons-flingueurs,patrimoine_retro,2,2,L137|L145,https://fr.web.img6.acsta.net/medias/nmedia/00/02/29/95/aff.jpg,auto (2 séances / 2 salles)
F0312,Les bourreaux meurent aussi,les-bourreaux-meurent-aussi,patrimoine_retro,2,1,L131,https://fr.web.img2.acsta.net/pictures/23/03/08/08/26/0407810.jpg,auto (2 séances / 1 salles)
F0313,Les bourreaux meurent aussi (Hangmen Also Die!),les-bourreaux-meurent-aussi-hangmen-also-die,fiction,2,1,L131,"https://res.cloudinary.com/ct-cloudinary/image/upload/c_fill,dpr_2.0,f_auto,g_north_west,h_122,q_80,w_185/cinematheque_de_toulouse_logo",auto (2 séances / 1 salles)
F0314,Linkin Park: Unshatter,linkin-park-unshatter,documentaire,2,1,L138,https://fr.web.img6.acsta.net/img/e5/98/e59803bbbe7976de8da9176e7b1461de.jpg,auto (2 séances / 1 salles)
F0315,Lolita malgré moi,lolita-malgre-moi,patrimoine_retro,2,1,L131,https://fr.web.img4.acsta.net/img/40/80/4080aa6749107ac45e4fcd4f90218293.jpg,auto (2 séances / 1 salles)
F0316,Lolita malgré moi (Mean Girls),lolita-malgre-moi-mean-girls,fiction,2,1,L131,https://fr.web.img4.acsta.net/img/40/80/4080aa6749107ac45e4fcd4f90218293.jpg,auto (2 séances / 1 salles)
F0317,Los Golfos,los-golfos,patrimoine_retro,2,1,L128,https://fr.web.img6.acsta.net/img/40/c9/40c9c3d1ff0d2255d5fdfdc50a56f6f7.jpg,auto (2 séances / 1 salles)
F0318,L’âge ingrat | HOUSE,lage-ingrat-house,fiction,2,1,L128,https://www.cinemalecratere.fr/images/stories/films/Fifigrot-2026_post-1080x1350px.jpg,auto (2 séances / 1 salles)
F0319,M le maudit,m-le-maudit,patrimoine_retro,2,1,L131,https://fr.web.img6.acsta.net/pictures/17/12/05/12/20/4542669.jpg,auto (2 séances / 1 salles)
F0320,M le maudit (M – Eine Stadt sucht einen Mörder),m-le-maudit-m-eine-stadt-sucht-einen-morder,patrimoine_retro,2,1,L131,"https://res.cloudinary.com/ct-cloudinary/image/upload/c_fill,dpr_2.0,f_auto,g_north_west,h_122,q_80,w_185/cinematheque_de_toulouse_logo",auto (2 séances / 1 salles)
F0321,Macadam Cowboy,macadam-cowboy,patrimoine_retro,2,1,L128,https://fr.web.img3.acsta.net/pictures/16/08/03/14/48/441582.jpg,auto (2 séances / 1 salles)
F0322,Macbeth (Metropolitan Opera),macbeth-metropolitan-opera,fiction,2,2,L137|L138,https://fr.web.img6.acsta.net/img/6e/46/6e46e68da541e3354de5e2d856e998d2.jpg,auto (2 séances / 2 salles)
F0323,Maine Océan,maine-ocean,patrimoine_retro,2,1,L128,https://fr.web.img4.acsta.net/img/34/c6/34c630239df81789436fea386a8b31d4.jpg,auto (2 séances / 1 salles)
F0324,Marius et le royaume des mers (ciné p’tit-dèj),marius-et-le-royaume-des-mers-cine-ptit-dej,fiction,2,1,L148,,auto (2 séances / 1 salles)
F0325,Melpomène,melpomene,fiction,2,1,L128,https://fr.web.img6.acsta.net/img/25/d7/25d723442a7e7a1a1da9bf1c99143438.jpg,auto (2 séances / 1 salles)
F0326,Mes voisins les Yamada,mes-voisins-les-yamada,animation_jeune_public,2,1,L131,https://fr.web.img3.acsta.net/pictures/21/02/09/12/41/2829112.jpg,auto (2 séances / 1 salles)
F0327,Mes voisins les Yamada (Hôhokekyo tonari no Yamada-kun),mes-voisins-les-yamada-hohokekyo-tonari-no-yamada-kun,animation_jeune_public,2,1,L131,"https://res.cloudinary.com/ct-cloudinary/image/upload/c_fill,dpr_2.0,f_auto,g_north_west,h_122,q_80,w_185/cinematheque_de_toulouse_logo",auto (2 séances / 1 salles)
F0328,Metropolis,metropolis,animation_jeune_public,2,1,L131,https://fr.web.img6.acsta.net/img/72/c6/72c61c79514ba283ac913d92d5f80d58.jpg,auto (2 séances / 1 salles)
F0329,Metropolis (Meteroporisu),metropolis-meteroporisu,animation_jeune_public,2,1,L131,https://fr.web.img6.acsta.net/img/72/c6/72c61c79514ba283ac913d92d5f80d58.jpg,auto (2 séances / 1 salles)
F0330,Minotaure,minotaure,fiction,2,1,L128,https://fr.web.img6.acsta.net/img/f9/db/f9dbbc962b3358af6569ec1739edfa54.jpg,auto (2 séances / 1 salles)
F0331,Mon voisin Totoro,mon-voisin-totoro,animation_jeune_public,2,1,L131,https://fr.web.img4.acsta.net/pictures/18/06/12/12/17/5068927.jpg,auto (2 séances / 1 salles)
F0332,Mon voisin Totoro (Tonari no Totoro),mon-voisin-totoro-tonari-no-totoro,animation_jeune_public,2,1,L131,https://fr.web.img4.acsta.net/pictures/18/06/12/12/17/5068927.jpg,auto (2 séances / 1 salles)
F0333,Morlaix,morlaix,fiction,2,1,L128,https://fr.web.img3.acsta.net/img/e3/7c/e37c38238df63e2fe38ced2714b1e4f4.jpg,auto (2 séances / 1 salles)
F0334,New Group,new-group,fiction,2,1,L128,https://fr.web.img3.acsta.net/img/7c/10/7c104be704c24e5ba2eb923c4e20e5d3.jpg,auto (2 séances / 1 salles)
F0335,Non-Non dans l'espace,non-non-dans-lespace,animation_jeune_public,2,2,L126|L127,https://fr.web.img3.acsta.net/pictures/24/02/08/15/26/2913149.jpg,auto (2 séances / 2 salles)
F0336,On Falling,on-falling,fiction,2,1,L128,https://fr.web.img5.acsta.net/img/90/98/9098cf258c64fe191071f944477f208f.jpg,auto (2 séances / 1 salles)
F0337,Paprika,paprika,animation_jeune_public,2,1,L131,https://fr.web.img2.acsta.net/img/60/cf/60cf663b944df9e6514e92a04c6feb0b.jpg,auto (2 séances / 1 salles)
F0338,Paprika (Papurika),paprika-papurika,animation_jeune_public,2,1,L131,https://fr.web.img2.acsta.net/img/60/cf/60cf663b944df9e6514e92a04c6feb0b.jpg,auto (2 séances / 1 salles)
F0339,Parade,parade,fiction,2,2,L125|L127,https://fr.web.img2.acsta.net/img/a2/63/a263805c6f36d9eb8ab5ec2ca59acc65.jpg,auto (2 séances / 2 salles)
F0340,Pelechian Project (1966-1975),pelechian-project-1966-1975,documentaire,2,1,L141,https://fr.web.img2.acsta.net/img/a4/37/a437554fa5bf753a3b7492c837e7425d.jpg,auto (2 séances / 1 salles)
F0341,Poppers,poppers,fiction,2,1,L131,https://res.cloudinary.com/ct-cloudinary/image/upload/v1785227761/POPPERS-16_ofbwqa,auto (2 séances / 1 salles)
F0342,Princesse Mononoké,princesse-mononoke,animation_jeune_public,2,1,L131,https://fr.web.img4.acsta.net/img/f5/f3/f5f37444f34efe37d3bd982f577f0473.jpg,auto (2 séances / 1 salles)
F0343,Princesse Mononoké (Mononoke-hime),princesse-mononoke-mononoke-hime,animation_jeune_public,2,1,L131,https://fr.web.img4.acsta.net/img/f5/f3/f5f37444f34efe37d3bd982f577f0473.jpg,auto (2 séances / 1 salles)
F0344,Qui vit encore,qui-vit-encore,documentaire,2,1,L128,https://fr.web.img3.acsta.net/img/a2/fb/a2fbee3cc1b3a04f65a945981e175743.jpg,auto (2 séances / 1 salles)
F0345,Qui à part nous,qui-a-part-nous,documentaire,2,1,L137,https://fr.web.img3.acsta.net/pictures/22/03/28/17/05/4848182.jpg,auto (2 séances / 1 salles)
F0346,Rencontre avec les étudiants de Po's Culture,rencontre-avec-les-etudiants-de-pos-culture,fiction,2,1,L128,https://www.cinemalecratere.fr/images/stories/films/Licorice_Pizza-affiche-320.jpg,auto (2 séances / 1 salles)
F0347,Retour avant 15 heures,retour-avant-15-heures,documentaire,2,1,L128,https://fr.web.img3.acsta.net/img/03/6a/036a82d68f5f2fd20326f736f8ee5a72.jpeg,auto (2 séances / 1 salles)
F0348,Roma Elastica,roma-elastica,festival_avp,2,1,L141,https://fr.web.img6.acsta.net/img/c5/c3/c5c35409692391f96b55ee12aabd921f.jpg,auto (2 séances / 1 salles)
F0349,Ruy Blas (Comédie-Française),ruy-blas-comedie-francaise,fiction,2,2,L137|L138,https://fr.web.img4.acsta.net/img/7f/c4/7fc475dc8b3ee11fb0ce11e533e368fe.jpg,auto (2 séances / 2 salles)
F0350,Règlement de comptes,reglement-de-comptes,patrimoine_retro,2,1,L131,https://fr.web.img6.acsta.net/medias/nmedia/18/63/03/19/19502320.jpg,auto (2 séances / 1 salles)
F0351,Règlement de comptes (The Big Heat),reglement-de-comptes-the-big-heat,patrimoine_retro,2,1,L131,https://fr.web.img6.acsta.net/medias/nmedia/18/63/03/19/19502320.jpg,auto (2 séances / 1 salles)
F0352,Samson et Dalila (Metropolitan Opera),samson-et-dalila-metropolitan-opera,fiction,2,2,L137|L138,https://fr.web.img2.acsta.net/img/5a/15/5a150930700d45c198edc793af729022.jpg,auto (2 séances / 2 salles)
F0353,Shaun le Mouton : La Bêêête d'Halloween,shaun-le-mouton-la-beeete-dhalloween,festival_avp,2,2,L137|L138,https://fr.web.img6.acsta.net/img/4f/da/4fda4090f417ac9b0e78ccc48f43ea2c.jpg,auto (2 séances / 2 salles)
F0354,Simple comme Sylvain,simple-comme-sylvain,fiction,2,1,L131,https://fr.web.img6.acsta.net/pictures/23/07/03/09/29/2280826.jpg,auto (2 séances / 1 salles)
F0355,Sorella di clausura,sorella-di-clausura,fiction,2,1,L137,https://fr.web.img2.acsta.net/img/67/03/6703b0d1f16def3f1fdae1e720bfaa85.jpg,auto (2 séances / 1 salles)
F0356,Suzume,suzume,animation_jeune_public,2,1,L131,https://fr.web.img3.acsta.net/pictures/23/03/15/10/25/0882766.jpg,auto (2 séances / 1 salles)
F0357,Suzume (Suzume no tojimari),suzume-suzume-no-tojimari,animation_jeune_public,2,1,L131,"https://res.cloudinary.com/ct-cloudinary/image/upload/c_fill,dpr_2.0,f_auto,g_north_west,h_122,q_80,w_185/cinematheque_de_toulouse_logo",auto (2 séances / 1 salles)
F0358,The Dark Knight Rises,the-dark-knight-rises,fiction,2,2,L140|L144,https://fr.web.img3.acsta.net/medias/nmedia/18/83/56/27/20158098.jpg,auto (2 séances / 2 salles)
F0359,"The Dark Knight, Le Chevalier Noir",the-dark-knight-le-chevalier-noir,patrimoine_retro,2,2,L140|L144,https://fr.web.img2.acsta.net/medias/nmedia/18/63/97/89/18949761.jpg,auto (2 séances / 2 salles)
F0360,Tigres de papel,tigres-de-papel,fiction,2,1,L131,https://res.cloudinary.com/ct-cloudinary/image/upload/v1788790862/tigres-de-papel_vgckiu,auto (2 séances / 1 salles)
F0361,Tokyo Godfathers,tokyo-godfathers,animation_jeune_public,2,1,L131,https://fr.web.img2.acsta.net/medias/nmedia/18/63/07/11/19462959.jpg,auto (2 séances / 1 salles)
F0362,Tokyo Godfathers (Tokyo Goddofazazu),tokyo-godfathers-tokyo-goddofazazu,animation_jeune_public,2,1,L131,"https://res.cloudinary.com/ct-cloudinary/image/upload/c_fill,dpr_2.0,f_auto,g_north_west,h_122,q_80,w_185/cinematheque_de_toulouse_logo",auto (2 séances / 1 salles)
F0363,Tommy Guns,tommy-guns,fiction,2,1,L128,https://fr.web.img5.acsta.net/pictures/23/03/17/07/14/5930523.jpg,auto (2 séances / 1 salles)
F0364,Top Gun,top-gun,patrimoine_retro,2,1,L140,https://fr.web.img4.acsta.net/img/ae/ab/aeab5f328065b3a020e9719c55db195a.jpg,auto (2 séances / 1 salles)
F0365,Trafic,trafic,patrimoine_retro,2,2,L125|L127,https://fr.web.img3.acsta.net/img/5a/ef/5aefddb74a6c57920e31cf12767d9e81.jpg,auto (2 séances / 2 salles)
F0366,Trainspotting,trainspotting,patrimoine_retro,2,2,L140|L142,https://fr.web.img2.acsta.net/img/c6/a6/c6a632e42fa23b27a615848c82d3bd4c.jpg,auto (2 séances / 2 salles)
F0367,Un cœur fidèle,un-c-ur-fidele,festival_avp,2,1,L141,,auto (2 séances / 1 salles)
F0368,Visite guidée de la bibliothèque de la Cinémathèque // COMPLET,visite-guidee-de-la-bibliotheque-de-la-cinematheque-complet,fiction,2,1,L131,,auto (2 séances / 1 salles)
F0369,Viva,viva,festival_avp,2,2,L141|L144,https://fr.web.img6.acsta.net/img/e4/c3/e4c3289a38fd5f704d83e2c986e7b619.jpg,auto (2 séances / 2 salles)
F0370,¿Qué hace una chica como tú en un sitio como este?,que-hace-una-chica-como-tu-en-un-sitio-como-este,fiction,2,1,L131,https://res.cloudinary.com/ct-cloudinary/image/upload/v1788791072/QHUCCT_n39d8k,auto (2 séances / 1 salles)
F0371,À jamais les premières,a-jamais-les-premieres,festival_avp,2,2,L127|L148,https://fr.web.img3.acsta.net/img/e1/e6/e1e6365ff95cdd4e617c17da258ac93a.jpg,auto (2 séances / 2 salles)
F0372,15/18,15-18,festival_avp,1,1,L147,https://fr.web.img6.acsta.net/img/e2/96/e2966acfac78053c252e57a522c6b8dd.jpg,auto (1 séances / 1 salles)
F0373,2 Fast 2 Furious,2-fast-2-furious,patrimoine_retro,1,1,L138,https://fr.web.img4.acsta.net/medias/nmedia/18/35/08/06/af.jpg,auto (1 séances / 1 salles)
F0374,8 Mile,8-mile,patrimoine_retro,1,1,L142,https://fr.web.img4.acsta.net/medias/nmedia/00/02/46/93/affiche.jpg,auto (1 séances / 1 salles)
F0375,A BIGGER SPLASH,a-bigger-splash,patrimoine_retro,1,1,L126,https://films.cinemas-utopia.org/wp-content/uploads/2021/10/A-Bigger-Splash-COUV.jpg,auto (1 séances / 1 salles)
F0376,A la découverte du monde,a-la-decouverte-du-monde,animation_jeune_public,1,1,L148,https://fr.web.img2.acsta.net/pictures/17/08/10/15/08/560118.jpg,auto (1 séances / 1 salles)
F0377,Adieu Philippine,adieu-philippine,patrimoine_retro,1,1,L128,https://fr.web.img6.acsta.net/img/0a/60/0a602883ad3bae938aee9ef18df937c5.jpg,auto (1 séances / 1 salles)
F0378,Africlap 2026,africlap-2026,fiction,1,1,L128,https://www.cinemalecratere.fr/images/stories/films/AFFICHE-FESTIVAL-AFRICLAP-2026---A1-.jpg,auto (1 séances / 1 salles)
F0379,"Agapito Marazuela, la statue br...",agapito-marazuela-la-statue-br,fiction,1,1,L126,https://toulouse.cinemas-utopia.org/wp-content/uploads/2026/04/Agapito_Marazuela_la_estatua_partida-185931019-large-300x428.jpg,auto (1 séances / 1 salles)
F0380,Aro Berria,aro-berria,fiction,1,1,L137,,auto (1 séances / 1 salles)
F0381,Au cœur d’une restauration,au-c-ur-dune-restauration,documentaire,1,1,L148,https://www.mjc-castanet-tolosan.fr/wp-content/uploads/2026/09/AU-COEUR-DUNE-RESTAURATION.png,auto (1 séances / 1 salles)
F0382,Audition,audition,patrimoine_retro,1,1,L142,https://fr.web.img2.acsta.net/pictures/22/03/02/10/46/2030957.jpg,auto (1 séances / 1 salles)
F0383,Avant-première Film Surprise AFCAE,avant-premiere-film-surprise-afcae,festival_avp,1,1,L148,,auto (1 séances / 1 salles)
F0384,BLACKkKLANSMAN,blackkklansman,fiction,1,1,L126,https://films.cinemas-utopia.org/wp-content/uploads/2018/07/BlacKkKlansman-COUV.jpg,auto (1 séances / 1 salles)
F0385,Backrooms,backrooms,animation_jeune_public,1,1,L125,https://films.cinemas-utopia.org/wp-content/uploads/2026/07/Backrooms-COUV.jpg,auto (1 séances / 1 salles)
F0386,Batman,batman,patrimoine_retro,1,1,L140,https://fr.web.img6.acsta.net/pictures/22/10/07/09/47/0708130.jpg,auto (1 séances / 1 salles)
F0387,Belladonna des tristesses,belladonna-des-tristesses,animation_jeune_public,1,1,L131,https://image.tmdb.org/t/p/w500/fN1HY3qaapQGAvsek7j4bMgOovs.jpg,auto (1 séances / 1 salles)
F0388,Belle,belle,animation_jeune_public,1,1,L131,https://fr.web.img5.acsta.net/pictures/21/11/10/17/42/2106224.jpg,auto (1 séances / 1 salles)
F0389,Boogie Nights,boogie-nights,patrimoine_retro,1,1,L142,https://fr.web.img5.acsta.net/img/85/ff/85fff1c18e9f7446e3a103d0b3acb590.jpg,auto (1 séances / 1 salles)
F0390,Capelito fait son cinéma,capelito-fait-son-cinema,animation_jeune_public,1,1,L148,https://fr.web.img6.acsta.net/pictures/23/08/03/16/08/4878349.jpg,auto (1 séances / 1 salles)
F0391,Carrie au bal du diable,carrie-au-bal-du-diable,patrimoine_retro,1,1,L138,https://fr.web.img2.acsta.net/img/c7/7d/c77df6d6e08f86ed59dca30552e15cc1.jpg,auto (1 séances / 1 salles)
F0392,Casier judiciaire,casier-judiciaire,patrimoine_retro,1,1,L131,https://fr.web.img2.acsta.net/pictures/18/11/21/15/48/4227128.jpg,auto (1 séances / 1 salles)
F0393,Casier judiciaire (You and Me),casier-judiciaire-you-and-me,fiction,1,1,L131,"https://res.cloudinary.com/ct-cloudinary/image/upload/c_fill,dpr_2.0,f_auto,g_north_west,h_122,q_80,w_185/cinematheque_de_toulouse_logo",auto (1 séances / 1 salles)
F0394,Ce n'est pas l'homosexuel qui est pervers mais la société dans laquelle il vit,ce-nest-pas-lhomosexuel-qui-est-pervers-mais-la-societe-dans-laquelle-il-vit,documentaire,1,1,L128,https://image.tmdb.org/t/p/w500/fHjduhNt6O7LPPg4Wpvv9B4KO3l.jpg,auto (1 séances / 1 salles)
F0395,Ceux qui tiennent la laisse,ceux-qui-tiennent-la-laisse,documentaire,1,1,L125,https://films.cinemas-utopia.org/wp-content/uploads/2026/08/Ceux-qui-tiennent-la-laisse-COUV.jpg,auto (1 séances / 1 salles)
F0396,Chasse à l’homme,chasse-a-lhomme,patrimoine_retro,1,1,L131,https://fr.web.img6.acsta.net/pictures/21/07/08/12/21/5663199.jpg,auto (1 séances / 1 salles)
F0397,Chasse à l’homme (Man Hunt),chasse-a-lhomme-man-hunt,fiction,1,1,L131,"https://res.cloudinary.com/ct-cloudinary/image/upload/c_fill,dpr_2.0,f_auto,g_north_west,h_122,q_80,w_185/cinematheque_de_toulouse_logo",auto (1 séances / 1 salles)
F0398,"Chérie, chéri",cherie-cheri,patrimoine_retro,1,1,L127,,auto (1 séances / 1 salles)
F0399,Ciné Club Capitole : The Lighthouse,cine-club-capitole-the-lighthouse,fiction,1,1,L128,,auto (1 séances / 1 salles)
F0400,Comme les oliviers,comme-les-oliviers,fiction,1,1,L126,https://www.cinemalecratere.fr/images/stories/films/commelesoliviers.jpg,auto (1 séances / 1 salles)
F0401,Coraline 15ème Anniversaire,coraline-15eme-anniversaire,animation_jeune_public,1,1,L142,https://fr.web.img3.acsta.net/img/03/59/0359631e56573f4ffb6c3614cfc95998.jpg,auto (1 séances / 1 salles)
F0402,Coutures,coutures,fiction,1,1,L143,https://fr.web.img6.acsta.net/img/66/c3/66c3fe35122f2e0e86e01859a80153b7.jpg,auto (1 séances / 1 salles)
F0403,"Crazy, Stupid, Love",crazy-stupid-love,fiction,1,1,L137,https://fr.web.img4.acsta.net/medias/nmedia/18/85/84/05/19808153.jpg,auto (1 séances / 1 salles)
F0404,Crimson Peak,crimson-peak,fiction,1,1,L138,https://fr.web.img3.acsta.net/pictures/15/08/10/09/02/444339.jpg,auto (1 séances / 1 salles)
F0405,Dalloway,dalloway,fiction,1,1,L148,https://fr.web.img3.acsta.net/img/9d/2b/9d2b3442013f38163758fc3987d9ffb1.jpg,auto (1 séances / 1 salles)
F0406,De plus belle,de-plus-belle,fiction,1,1,L148,https://fr.web.img6.acsta.net/pictures/17/02/09/09/14/017126.jpg,auto (1 séances / 1 salles)
F0407,Debout les femmes !,debout-les-femmes,documentaire,1,1,L128,https://fr.web.img5.acsta.net/pictures/21/08/31/17/37/5343829.jpg,auto (1 séances / 1 salles)
F0408,Des fleurs pour Tokyo (vostfr),des-fleurs-pour-tokyo-vostfr,fiction,1,1,L148,https://www.mjc-castanet-tolosan.fr/wp-content/uploads/2026/08/DES-FLEURS-POUR-TOKYO-390x205.jpeg,auto (1 séances / 1 salles)
F0409,Des ricochets en eau douce,des-ricochets-en-eau-douce,documentaire,1,1,L125,https://films.cinemas-utopia.org/wp-content/uploads/2026/08/Des-ricochets-en-eau-douce-COUV.jpg,auto (1 séances / 1 salles)
F0410,"Detruire, dit-elle",detruire-dit-elle,patrimoine_retro,1,1,L131,,auto (1 séances / 1 salles)
F0411,"Docteur Mabuse, le joueur (partie 1)",docteur-mabuse-le-joueur-partie-1,patrimoine_retro,1,1,L131,https://fr.web.img5.acsta.net/medias/nmedia/18/36/03/99/18447444.jpg,auto (1 séances / 1 salles)
F0412,"Docteur Mabuse, le joueur (partie 2)",docteur-mabuse-le-joueur-partie-2,patrimoine_retro,1,1,L131,https://fr.web.img5.acsta.net/medias/nmedia/18/36/03/99/18447444.jpg,auto (1 séances / 1 salles)
F0413,"Docteur Mabuse, le joueur, partie 1 : le grand joueur, un tableau de notre époque (Dr. Mabuse, der Spieler, 1: Der große Spieler – Ein Bild der Zeit)",docteur-mabuse-le-joueur-partie-1-le-grand-joueur-un-tableau-de-notre-epoque-dr-,patrimoine_retro,1,1,L131,"https://res.cloudinary.com/ct-cloudinary/image/upload/c_fill,dpr_2.0,f_auto,g_north_west,h_122,q_80,w_185/cinematheque_de_toulouse_logo",auto (1 séances / 1 salles)
F0414,"Docteur Mabuse, le joueur, partie 2 : un jeu de nos contemporains (Dr. Mabuse, der Spieler, 2: Inferno, ein Spiel von Menschen unserer Zeit)",docteur-mabuse-le-joueur-partie-2-un-jeu-de-nos-contemporains-dr-mabuse-der-spie,patrimoine_retro,1,1,L131,"https://res.cloudinary.com/ct-cloudinary/image/upload/c_fill,dpr_2.0,f_auto,g_north_west,h_122,q_80,w_185/cinematheque_de_toulouse_logo",auto (1 séances / 1 salles)
F0415,Doraemon et le Château sous-marin,doraemon-et-le-chateau-sous-marin,festival_avp,1,1,L144,https://fr.web.img6.acsta.net/img/12/07/120736d4c8daa5a98e6d413e236ea509.jpg,auto (1 séances / 1 salles)
F0416,Douleur et gloire,douleur-et-gloire,fiction,1,1,L131,https://fr.web.img2.acsta.net/pictures/19/04/18/11/45/1896822.jpg,auto (1 séances / 1 salles)
F0417,Douleur et gloire (Dolor y gloria),douleur-et-gloire-dolor-y-gloria,fiction,1,1,L131,"https://res.cloudinary.com/ct-cloudinary/image/upload/c_fill,dpr_2.0,f_auto,g_north_west,h_122,q_80,w_185/cinematheque_de_toulouse_logo",auto (1 séances / 1 salles)
F0418,Drive,drive,fiction,1,1,L147,https://fr.web.img6.acsta.net/medias/nmedia/18/83/93/95/19803697.jpg,auto (1 séances / 1 salles)
F0419,Du fioul dans les artères,du-fioul-dans-les-arteres,festival_avp,1,1,L141,https://fr.web.img5.acsta.net/img/49/5b/495bf0ee07f66b326fa6170846b5d28d.jpg,auto (1 séances / 1 salles)
F0420,Dunkerque,dunkerque,fiction,1,1,L140,https://fr.web.img6.acsta.net/pictures/17/06/15/14/31/266314.jpg,auto (1 séances / 1 salles)
F0421,Elle entend pas la moto,elle-entend-pas-la-moto,documentaire,1,1,L128,https://fr.web.img6.acsta.net/img/c7/26/c7262e7413e7bccc80c90c7e6e69759b.jpg,auto (1 séances / 1 salles)
F0422,Els mals noms,els-mals-noms,fiction,1,1,L137,,auto (1 séances / 1 salles)
F0423,Elvis,elvis,fiction,1,1,L142,https://fr.web.img6.acsta.net/pictures/22/05/23/15/55/2558793.jpg,auto (1 séances / 1 salles)
F0424,Emily,emily,fiction,1,1,L128,https://fr.web.img4.acsta.net/pictures/23/02/10/08/58/3188632.jpg,auto (1 séances / 1 salles)
F0425,En fanfare,en-fanfare,fiction,1,1,L148,https://fr.web.img2.acsta.net/img/64/74/647422e028e4ec2074828047f69efa08.jpg,auto (1 séances / 1 salles)
F0426,En partenariat avec Toulouse Saint-Michel Le Busca en transition,en-partenariat-avec-toulouse-saint-michel-le-busca-en-transition,fiction,1,1,L128,https://www.cinemalecratere.fr/images/stories/films/285698-6IC3M.jpg,auto (1 séances / 1 salles)
F0427,En partenariat avec le Goethe Institut,en-partenariat-avec-le-goethe-institut,fiction,1,1,L128,https://www.cinemalecratere.fr/images/stories/films/ce-n-est-pas-l-homosexuel-qui-est-pervers-mais-la-societe-dans-laquelle-il-vit-affiche-320.jpg,auto (1 séances / 1 salles)
F0428,Et les poissons volent au-dessus de nos têtes,et-les-poissons-volent-au-dessus-de-nos-tetes,documentaire,1,1,L148,https://fr.web.img6.acsta.net/img/3b/12/3b125e2477fcace2d925bb6752fa939d.jpg,auto (1 séances / 1 salles)
F0429,Everest,everest,fiction,1,1,L145,https://fr.web.img6.acsta.net/pictures/15/07/02/12/46/372128.jpg,auto (1 séances / 1 salles)
F0430,Ex Machina,ex-machina,fiction,1,1,L142,https://fr.web.img2.acsta.net/pictures/15/03/20/16/53/517724.jpg,auto (1 séances / 1 salles)
F0431,FAST AND FURIOUS,fast-and-furious,fiction,1,1,L142,https://www.ugc.fr/dynamique/films/01/4301/fr/poster/large/69215495_af_6.jpg,auto (1 séances / 1 salles)
F0432,FIFIGROT 2026,fifigrot-2026,fiction,1,1,L128,https://www.cinemalecratere.fr/images/stories/films/Fifigrot-2026_post-1080x1350px.jpg,auto (1 séances / 1 salles)
F0433,Falcon Lake,falcon-lake,fiction,1,1,L128,https://fr.web.img6.acsta.net/pictures/22/11/04/14/38/1746132.jpg,auto (1 séances / 1 salles)
F0434,Fast & Furious 6,fast-furious-6,fiction,1,1,L138,https://fr.web.img3.acsta.net/pictures/210/038/21003859_20130507110423451.jpg,auto (1 séances / 1 salles)
F0435,Fast & Furious 7,fast-furious-7,fiction,1,1,L138,https://fr.web.img6.acsta.net/pictures/15/02/09/15/57/551764.jpg,auto (1 séances / 1 salles)
F0436,Fast & Furious 8,fast-furious-8,fiction,1,1,L138,https://fr.web.img3.acsta.net/pictures/17/03/03/17/27/305158.jpg,auto (1 séances / 1 salles)
F0437,Fast & Furious 9,fast-furious-9,fiction,1,1,L138,https://fr.web.img5.acsta.net/pictures/21/05/18/10/40/2487837.jpg,auto (1 séances / 1 salles)
F0438,Fast & Furious : Tokyo Drift,fast-furious-tokyo-drift,patrimoine_retro,1,1,L138,https://fr.web.img4.acsta.net/medias/nmedia/18/36/31/38/18654335.jpg,auto (1 séances / 1 salles)
F0439,Fast & Furious X,fast-furious-x,fiction,1,1,L138,https://fr.web.img5.acsta.net/pictures/23/05/10/10/55/5129031.jpg,auto (1 séances / 1 salles)
F0440,Fast and Furious 4,fast-and-furious-4,patrimoine_retro,1,1,L138,https://fr.web.img5.acsta.net/medias/nmedia/18/66/78/23/19061074.jpg,auto (1 séances / 1 salles)
F0441,Fast and Furious 5,fast-and-furious-5,fiction,1,1,L138,https://fr.web.img5.acsta.net/medias/nmedia/18/82/46/71/19690319.jpg,auto (1 séances / 1 salles)
F0442,Fausse note,fausse-note,festival_avp,1,1,L137,https://fr.web.img2.acsta.net/img/a5/08/a5081c99da97f696eaf2a157422bac63.jpg,auto (1 séances / 1 salles)
F0443,Fenêtre sur cour,fenetre-sur-cour,patrimoine_retro,1,1,L138,https://fr.web.img5.acsta.net/medias/nmedia/18/35/18/61/19015512.jpg,auto (1 séances / 1 salles)
F0444,Festival Cinespaña 2026,festival-cinespana-2026,fiction,1,1,L128,https://www.cinemalecratere.fr/images/stories/films/Affiche-Cinespana-2026.jpg,auto (1 séances / 1 salles)
F0445,Festival FReDD 2026,festival-fredd-2026,fiction,1,1,L128,,auto (1 séances / 1 salles)
F0446,Fiume o Morte!,fiume-o-morte,documentaire,1,1,L127,,auto (1 séances / 1 salles)
F0447,Ghost in the Shell,ghost-in-the-shell,animation_jeune_public,1,1,L131,https://fr.web.img6.acsta.net/img/c4/54/c45409cfc5212060d0fbbf5524af3906.jpg,auto (1 séances / 1 salles)
F0448,Green Line,green-line,documentaire,1,1,L128,https://fr.web.img3.acsta.net/img/03/85/0385b17fe9c88a4eb0a54ca30a161e95.jpg,auto (1 séances / 1 salles)
F0449,Gueux | WASSUP ROCKERS,gueux-wassup-rockers,fiction,1,1,L131,https://www.cinemalecratere.fr/images/stories/films/Fifigrot-2026_post-1080x1350px.jpg,auto (1 séances / 1 salles)
F0450,HARRY POTTER 1 - A L'ECOLE DES SORCIERS,harry-potter-1-a-lecole-des-sorciers,animation_jeune_public,1,1,L142,https://www.ugc.fr/dynamique/films/05/4405/fr/poster/large/e73e85182622161d9546ca494a4db564_1436.jpg,auto (1 séances / 1 salles)
F0451,HARRY POTTER 2 - ET LA CHAMBRE DES SECRETS,harry-potter-2-et-la-chambre-des-secrets,patrimoine_retro,1,1,L142,https://www.ugc.fr/dynamique/films/91/4791/fr/poster/large/fe58b7a45e90c1d5545b22b0b11fde17_1706.jpg,auto (1 séances / 1 salles)
F0452,HARRY POTTER 3 - ET LE PRISONNIER D'AZKABAN,harry-potter-3-et-le-prisonnier-dazkaban,patrimoine_retro,1,1,L142,https://www.ugc.fr/dynamique/films/79/5479/fr/poster/large/860174d306c76e4662eb4e6d4dba4e0c_4039.jpg,auto (1 séances / 1 salles)
F0453,HARRY POTTER 4 - ET LA COUPE DE FEU,harry-potter-4-et-la-coupe-de-feu,patrimoine_retro,1,1,L142,https://www.ugc.fr/dynamique/films/22/6122/fr/poster/large/18450888_1241.jpg,auto (1 séances / 1 salles)
F0454,HARRY POTTER 5 - ET L'ORDRE DU PHENIX,harry-potter-5-et-lordre-du-phenix,animation_jeune_public,1,1,L142,https://www.ugc.fr/dynamique/films/34/6934/fr/poster/large/18778375_4279.jpg,auto (1 séances / 1 salles)
F0455,HARRY POTTER 6 - ET LE PRINCE DE SANG-MELE,harry-potter-6-et-le-prince-de-sang-mele,patrimoine_retro,1,1,L142,https://www.ugc.fr/dynamique/films/47/7847/fr/poster/large/19116952_9.jpg,auto (1 séances / 1 salles)
F0456,HARRY POTTER 7 - ET LES RELIQUES DE LA MORT PART 1,harry-potter-7-et-les-reliques-de-la-mort-part-1,patrimoine_retro,1,1,L142,https://www.ugc.fr/dynamique/films/33/8433/fr/poster/large/19590744_482.jpg,auto (1 séances / 1 salles)
F0457,HARRY POTTER 7 - ET LES RELIQUES DE LA MORT PART 2,harry-potter-7-et-les-reliques-de-la-mort-part-2,patrimoine_retro,1,1,L142,https://www.ugc.fr/dynamique/films/05/8705/fr/poster/large/19762436_442.jpg,auto (1 séances / 1 salles)
F0458,Hair High,hair-high,animation_jeune_public,1,1,L131,https://fr.web.img2.acsta.net/medias/nmedia/18/35/12/74/18397463.jpg,auto (1 séances / 1 salles)
F0459,Hamlet (Comédie-Française),hamlet-comedie-francaise,fiction,1,1,L137,https://fr.web.img4.acsta.net/img/04/81/04810ddd7556f648fc8efbd892c897d0.jpg,auto (1 séances / 1 salles)
F0460,Heureux comme Lazzaro,heureux-comme-lazzaro,fiction,1,1,L137,https://fr.web.img4.acsta.net/pictures/18/09/25/09/34/2327986.jpg,auto (1 séances / 1 salles)
F0461,"Horus, prince du soleil",horus-prince-du-soleil,animation_jeune_public,1,1,L131,https://fr.web.img5.acsta.net/medias/nmedia/18/35/17/78/18369815.jpg,auto (1 séances / 1 salles)
F0462,"Horus, prince du soleil (Taiyō no ōji: Horusu no daibōken)",horus-prince-du-soleil-taiyo-no-oji-horusu-no-daiboken,animation_jeune_public,1,1,L131,https://fr.web.img5.acsta.net/medias/nmedia/18/35/17/78/18369815.jpg,auto (1 séances / 1 salles)
F0463,Inception,inception,fiction,1,1,L140,https://fr.web.img2.acsta.net/medias/nmedia/18/72/34/14/19476654.jpg,auto (1 séances / 1 salles)
F0464,India Song,india-song,patrimoine_retro,1,1,L131,https://fr.web.img5.acsta.net/pictures/20/02/27/17/03/4362088.jpg,auto (1 séances / 1 salles)
F0465,Interstellar,interstellar,fiction,1,1,L140,https://fr.web.img6.acsta.net/pictures/14/09/24/12/08/158828.jpg,auto (1 séances / 1 salles)
F0466,Inu-Oh,inu-oh,animation_jeune_public,1,1,L131,https://fr.web.img3.acsta.net/pictures/22/09/22/16/18/3113615.jpg,auto (1 séances / 1 salles)
F0467,Inu-Oh (Inu-Ō),inu-oh-inu-o,animation_jeune_public,1,1,L131,https://fr.web.img3.acsta.net/pictures/22/09/22/16/18/3113615.jpg,auto (1 séances / 1 salles)
F0468,J'AI DES ORTIES SUR MON BALCON,jai-des-orties-sur-mon-balcon,fiction,1,1,L126,https://films.cinemas-utopia.org/wp-content/uploads/2025/12/J_ai-des-orties-sur-mon-balcon-COUV.jpg,auto (1 séances / 1 salles)
F0469,Je veux bien,je-veux-bien,fiction,1,1,L125,https://fr.web.img5.acsta.net/img/47/94/479430ada5f8429504a7eed28ff81500.jpg,auto (1 séances / 1 salles)
F0470,Je vois des immeubles tomber comme la foudre,je-vois-des-immeubles-tomber-comme-la-foudre,festival_avp,1,1,L127,https://fr.web.img3.acsta.net/img/0f/72/0f7231618812ecb4ee56717bf781855d.jpg,auto (1 séances / 1 salles)
F0471,"Jin-Roh, la brigade des loups",jin-roh-la-brigade-des-loups,animation_jeune_public,1,1,L131,https://fr.web.img6.acsta.net/pictures/15/11/16/17/36/084990.jpg,auto (1 séances / 1 salles)
F0472,Jineuleomi,jineuleomi,fiction,1,1,L128,https://fr.web.img6.acsta.net/img/5e/e8/5ee8a105924e6ce13eb7e97f5fbed477.jpg,auto (1 séances / 1 salles)
F0473,Jolie France | CEUX QUI TIENNENT LA LAISSE,jolie-france-ceux-qui-tiennent-la-laisse,fiction,1,1,L125,https://www.cinemalecratere.fr/images/stories/films/Fifigrot-2026_post-1080x1350px.jpg,auto (1 séances / 1 salles)
F0474,Jolie France | FINI DE RIRE ! L’HUMOUR POLITIQUE AU GARDE-À-VOUS ?,jolie-france-fini-de-rire-lhumour-politique-au-garde-a-vous,fiction,1,1,L125,https://www.cinemalecratere.fr/images/stories/films/Fifigrot-2026_post-1080x1350px.jpg,auto (1 séances / 1 salles)
F0475,Jolie France | LA LUTTE ARMEE N’EST PAS UN JEU D’ENFANT,jolie-france-la-lutte-armee-nest-pas-un-jeu-denfant,fiction,1,1,L125,https://www.cinemalecratere.fr/images/stories/films/Fifigrot-2026_post-1080x1350px.jpg,auto (1 séances / 1 salles)
F0476,Jone Sometimes,jone-sometimes,fiction,1,1,L139,https://fr.web.img6.acsta.net/img/65/61/6561730d8ca84be70ac51e3481f44b7e.jpg,auto (1 séances / 1 salles)
F0477,Jonás Trueba,jonas-trueba,fiction,1,1,L128,https://www.cinemalecratere.fr/images/stories/films/trueba-affiche.jpg,auto (1 séances / 1 salles)
F0478,Joyaux grolandais | LA FUGUE DE SUZANNE,joyaux-grolandais-la-fugue-de-suzanne,fiction,1,1,L128,https://www.cinemalecratere.fr/images/stories/films/Fifigrot-2026_post-1080x1350px.jpg,auto (1 séances / 1 salles)
F0479,Jules au pays d'Asha,jules-au-pays-dasha,fiction,1,1,L138,https://fr.web.img5.acsta.net/img/1f/ba/1fba3be29da638fba92d1a4b6bd712c2.jpg,auto (1 séances / 1 salles)
F0480,Juste une illusion,juste-une-illusion,fiction,1,1,L125,https://fr.web.img3.acsta.net/c_310_420/img/cf/9e/cf9effb40e5ae3747fdb68a68289e81a.jpg,auto (1 séances / 1 salles)
F0481,J’AI DES ORTIES SUR MON B...,jai-des-orties-sur-mon-b,fiction,1,1,L126,https://films.cinemas-utopia.org/wp-content/uploads/2025/12/J_ai-des-orties-sur-mon-balcon-AFF.jpg,auto (1 séances / 1 salles)
F0482,J’ai le droit de vivre,jai-le-droit-de-vivre,patrimoine_retro,1,1,L131,https://fr.web.img5.acsta.net/pictures/21/12/23/08/55/0389042.jpg,auto (1 séances / 1 salles)
F0483,J’ai le droit de vivre (You Only Live Once),jai-le-droit-de-vivre-you-only-live-once,fiction,1,1,L131,"https://res.cloudinary.com/ct-cloudinary/image/upload/c_fill,dpr_2.0,f_auto,g_north_west,h_122,q_80,w_185/cinematheque_de_toulouse_logo",auto (1 séances / 1 salles)
F0484,Kiki la petite sorcière,kiki-la-petite-sorciere,animation_jeune_public,1,1,L131,https://fr.web.img2.acsta.net/pictures/21/02/09/12/38/4332138.jpg,auto (1 séances / 1 salles)
F0485,Kill Bill: The Whole Bloody Affair,kill-bill-the-whole-bloody-affair,patrimoine_retro,1,1,L145,https://fr.web.img2.acsta.net/img/7f/8a/7f8a6e99aa0e80ebca81fe4231606068.jpg,auto (1 séances / 1 salles)
F0486,Kubo et l'armure magique,kubo-et-larmure-magique,animation_jeune_public,1,1,L142,https://fr.web.img6.acsta.net/pictures/16/08/04/11/18/451334.jpg,auto (1 séances / 1 salles)
F0487,L'Affaire Marie-Claire,laffaire-marie-claire,festival_avp,1,1,L145,https://fr.web.img4.acsta.net/img/4c/2d/4c2de68cbdb0eb4ff09e89b0b050bef1.jpg,auto (1 séances / 1 salles)
F0488,L'Ame : l'Au-delà et l'Invisible,lame-lau-dela-et-linvisible,documentaire,1,1,L139,https://fr.web.img4.acsta.net/img/3f/ec/3fec5bb880da1835e14fa90010aa930e.jpg,auto (1 séances / 1 salles)
F0489,L'Etrange histoire de Benjamin Button,letrange-histoire-de-benjamin-button,patrimoine_retro,1,1,L138,https://fr.web.img4.acsta.net/medias/nmedia/18/67/78/06/19028560.jpg,auto (1 séances / 1 salles)
F0490,L'Invraisemblable vérité,linvraisemblable-verite,patrimoine_retro,1,1,L131,https://fr.web.img2.acsta.net/pictures/21/10/13/16/46/5873268.jpg,auto (1 séances / 1 salles)
F0491,L'Oeuf de l'ange,loeuf-de-lange,animation_jeune_public,1,1,L131,https://fr.web.img6.acsta.net/img/21/dc/21dcf80d9412be190207f2968e4e004f.jpg,auto (1 séances / 1 salles)
F0492,L'Ombre de la terre,lombre-de-la-terre,patrimoine_retro,1,1,L131,,auto (1 séances / 1 salles)
F0493,L'Ourse et l'oiseau,lourse-et-loiseau,animation_jeune_public,1,1,L128,https://fr.web.img6.acsta.net/img/af/46/af46510d2d819c30b064e68efa6e5233.jpg,auto (1 séances / 1 salles)
F0494,L'Âge d'Or,lage-dor,festival_avp,1,1,L145,https://fr.web.img4.acsta.net/img/34/8a/348a707bf7cdf9dcf9cdf1941b708a93.jpg,auto (1 séances / 1 salles)
F0495,LEURS CHAMPS DU CŒUR,leurs-champs-du-c-ur,fiction,1,1,L126,https://films.cinemas-utopia.org/wp-content/uploads/2025/10/Leurs-champs-du-coeur-AFF-300x428.jpg,auto (1 séances / 1 salles)
F0496,LILO ET STITCH,lilo-et-stitch,animation_jeune_public,1,1,L142,https://www.ugc.fr/dynamique/films/98/4598/fr/poster/large/affiche2_10.jpg,auto (1 séances / 1 salles)
F0497,La 5e victime,la-5e-victime,patrimoine_retro,1,1,L131,https://fr.web.img6.acsta.net/pictures/21/10/13/16/47/0139551.jpg,auto (1 séances / 1 salles)
F0498,La Boîte à malice,la-boite-a-malice,animation_jeune_public,1,1,L131,https://res.cloudinary.com/ct-cloudinary/image/upload/v1785230783/boite-a-malice_djs97o,auto (1 séances / 1 salles)
F0499,La Cinquième Victime (While the City Sleeps),la-cinquieme-victime-while-the-city-sleeps,fiction,1,1,L131,"https://res.cloudinary.com/ct-cloudinary/image/upload/c_fill,dpr_2.0,f_auto,g_north_west,h_122,q_80,w_185/cinematheque_de_toulouse_logo",auto (1 séances / 1 salles)
F0500,La Cérémonie,la-ceremonie,patrimoine_retro,1,1,L142,https://fr.web.img3.acsta.net/pictures/20/10/20/15/13/4541558.jpg,auto (1 séances / 1 salles)
F0501,La Dame de Shanghai,la-dame-de-shanghai,patrimoine_retro,1,1,L148,https://fr.web.img5.acsta.net/img/18/85/1885d4d4c6f1520410352dcc1108c4b7.jpg,auto (1 séances / 1 salles)
F0502,La Femme au gardénia,la-femme-au-gardenia,patrimoine_retro,1,1,L131,https://fr.web.img5.acsta.net/medias/nmedia/18/35/61/12/18412572.jpg,auto (1 séances / 1 salles)
F0503,La Femme au gardénia (The Blue Gardenia),la-femme-au-gardenia-the-blue-gardenia,fiction,1,1,L131,"https://res.cloudinary.com/ct-cloudinary/image/upload/c_fill,dpr_2.0,f_auto,g_north_west,h_122,q_80,w_185/cinematheque_de_toulouse_logo",auto (1 séances / 1 salles)
F0504,La Femme au portrait,la-femme-au-portrait,patrimoine_retro,1,1,L131,https://fr.web.img4.acsta.net/medias/nmedia/18/35/59/36/19832296.jpg,auto (1 séances / 1 salles)
F0505,La Femme au portrait (The Woman in the Window),la-femme-au-portrait-the-woman-in-the-window,fiction,1,1,L131,"https://res.cloudinary.com/ct-cloudinary/image/upload/c_fill,dpr_2.0,f_auto,g_north_west,h_122,q_80,w_185/cinematheque_de_toulouse_logo",auto (1 séances / 1 salles)
F0506,La Gradiva,la-gradiva,festival_avp,1,1,L142,https://fr.web.img6.acsta.net/img/33/96/33968d3d0acc48860c1e6181419a74b1.jpg,auto (1 séances / 1 salles)
F0507,"La Légende de Baahubali, l'épopée - version Director's Cut",la-legende-de-baahubali-lepopee-version-directors-cut,fiction,1,1,L142,https://fr.web.img6.acsta.net/img/15/7c/157cd73e355d544d1c4fd6af8fee6419.jpg,auto (1 séances / 1 salles)
F0508,La Musica,la-musica,patrimoine_retro,1,1,L131,,auto (1 séances / 1 salles)
F0509,La Petite Sirène,la-petite-sirene,animation_jeune_public,1,1,L142,https://fr.web.img5.acsta.net/pictures/17/07/10/17/03/312097.jpg,auto (1 séances / 1 salles)
F0510,La Petite fabrique de nuages,la-petite-fabrique-de-nuages,animation_jeune_public,1,1,L144,https://fr.web.img5.acsta.net/pictures/19/02/07/09/32/5428957.jpg,auto (1 séances / 1 salles)
F0511,La Ronde des couleurs,la-ronde-des-couleurs,animation_jeune_public,1,1,L144,https://fr.web.img6.acsta.net/pictures/17/01/30/13/51/237604.jpg,auto (1 séances / 1 salles)
F0512,La Rue rouge,la-rue-rouge,patrimoine_retro,1,1,L131,https://fr.web.img4.acsta.net/img/34/72/3472316af3c03e2756bc27dd486d54c0.jpg,auto (1 séances / 1 salles)
F0513,La Rue rouge (Scarlet Street),la-rue-rouge-scarlet-street,patrimoine_retro,1,1,L131,https://fr.web.img4.acsta.net/img/34/72/3472316af3c03e2756bc27dd486d54c0.jpg,auto (1 séances / 1 salles)
F0514,La Sociale,la-sociale,documentaire,1,1,L147,https://fr.web.img6.acsta.net/pictures/16/07/27/10/07/583394.jpg,auto (1 séances / 1 salles)
F0515,La Transition démocratique espagnole vue par la télévision française – Médiathèque José-Cabanis,la-transition-democratique-espagnole-vue-par-la-television-francaise-mediatheque,fiction,1,1,L131,,auto (1 séances / 1 salles)
F0516,La Traversée du temps,la-traversee-du-temps,animation_jeune_public,1,1,L131,https://fr.web.img6.acsta.net/img/ae/f1/aef18dac92aed9b90807339fd498484f.jpg,auto (1 séances / 1 salles)
F0517,La Traversée du temps (Toki o kakeru shōjo),la-traversee-du-temps-toki-o-kakeru-shojo,animation_jeune_public,1,1,L131,https://fr.web.img6.acsta.net/img/ae/f1/aef18dac92aed9b90807339fd498484f.jpg,auto (1 séances / 1 salles)
F0518,La Troisième nuit,la-troisieme-nuit,festival_avp,1,1,L145,https://fr.web.img2.acsta.net/img/07/af/07af01917079707e5c569312e816fb00.jpg,auto (1 séances / 1 salles)
F0519,La chance sourit à Madame Nikuko (Gyokō no Nikuko-chan),la-chance-sourit-a-madame-nikuko-gyoko-no-nikuko-chan,animation_jeune_public,1,1,L131,https://fr.web.img5.acsta.net/pictures/22/01/05/08/26/1092494.jpg,auto (1 séances / 1 salles)
F0520,La chance sourit à madame Nikuko,la-chance-sourit-a-madame-nikuko,animation_jeune_public,1,1,L131,https://fr.web.img5.acsta.net/pictures/22/01/05/08/26/1092494.jpg,auto (1 séances / 1 salles)
F0521,La lutte armée n'est pas un jeu d'enfant,la-lutte-armee-nest-pas-un-jeu-denfant,fiction,1,1,L125,https://films.cinemas-utopia.org/wp-content/uploads/2026/02/Lutte-armee-COUV.jpg,auto (1 séances / 1 salles)
F0522,La lutte armée n’est pas...,la-lutte-armee-nest-pas,fiction,1,1,L125,https://films.cinemas-utopia.org/wp-content/uploads/2026/02/Lutte-armee-AFF.jpg,auto (1 séances / 1 salles)
F0523,La luz,la-luz,fiction,1,1,L137,,auto (1 séances / 1 salles)
F0524,Lacombe Lucien,lacombe-lucien,patrimoine_retro,1,1,L141,https://fr.web.img3.acsta.net/pictures/23/04/11/09/20/1216933.jpg,auto (1 séances / 1 salles)
F0525,Las paredes hablan,las-paredes-hablan,festival_avp,1,1,L127,https://fr.web.img2.acsta.net/pictures/22/09/23/09/57/5801128.jpg,auto (1 séances / 1 salles)
F0526,"Le Bon, la brute et le truand",le-bon-la-brute-et-le-truand,patrimoine_retro,1,1,L144,https://fr.web.img2.acsta.net/img/df/27/df27440af044f999f4341d2f8781b1df.jpg,auto (1 séances / 1 salles)
F0527,Le Château ambulant,le-chateau-ambulant,animation_jeune_public,1,1,L131,https://fr.web.img6.acsta.net/medias/nmedia/18/35/48/22/18399898.jpg,auto (1 séances / 1 salles)
F0528,Le Conte de la princesse Kaguya,le-conte-de-la-princesse-kaguya,animation_jeune_public,1,1,L131,https://fr.web.img6.acsta.net/pictures/14/04/25/12/27/122290.jpg,auto (1 séances / 1 salles)
F0529,Le Crime était presque parfait,le-crime-etait-presque-parfait,patrimoine_retro,1,1,L138,https://fr.web.img5.acsta.net/img/4d/bf/4dbf07abb543b484c341dac4ee57c6d2.jpg,auto (1 séances / 1 salles)
F0530,Le Dos au mur,le-dos-au-mur,patrimoine_retro,1,1,L131,https://fr.web.img4.acsta.net/medias/nmedia/18/36/33/28/18473854.jpg,auto (1 séances / 1 salles)
F0531,Le Grand Magasin (Hokkyoku Hyakkaten no Konsheruju-san),le-grand-magasin-hokkyoku-hyakkaten-no-konsheruju-san,animation_jeune_public,1,1,L131,https://fr.web.img6.acsta.net/pictures/23/10/06/14/46/3805947.jpg,auto (1 séances / 1 salles)
F0532,Le Grand magasin,le-grand-magasin,animation_jeune_public,1,1,L131,https://fr.web.img6.acsta.net/pictures/23/10/06/14/46/3805947.jpg,auto (1 séances / 1 salles)
F0533,Le Harem de Madame Osmane,le-harem-de-madame-osmane,patrimoine_retro,1,1,L137,https://fr.web.img5.acsta.net/medias/nmedia/images/affiches/049108.jpg,auto (1 séances / 1 salles)
F0534,Le Passage,le-passage,fiction,1,1,L148,https://fr.web.img6.acsta.net/img/05/40/0540f501d85587116abb51aa2f9f7a91.jpg,auto (1 séances / 1 salles)
F0535,Le Petit monde de Leo: 5 contes de Lionni,le-petit-monde-de-leo-5-contes-de-lionni,animation_jeune_public,1,1,L145,https://fr.web.img4.acsta.net/pictures/14/10/24/10/16/128500.jpg,auto (1 séances / 1 salles)
F0536,Le Roi Lion,le-roi-lion,animation_jeune_public,1,1,L142,https://fr.web.img3.acsta.net/pictures/22/09/20/12/10/2512840.jpg,auto (1 séances / 1 salles)
F0537,Le Secret derrière la porte,le-secret-derriere-la-porte,patrimoine_retro,1,1,L131,https://fr.web.img4.acsta.net/pictures/14/08/04/11/19/215809.jpg,auto (1 séances / 1 salles)
F0538,Le Secret derrière la porte (Secret Beyond the Door),le-secret-derriere-la-porte-secret-beyond-the-door,fiction,1,1,L131,"https://res.cloudinary.com/ct-cloudinary/image/upload/c_fill,dpr_2.0,f_auto,g_north_west,h_122,q_80,w_185/cinematheque_de_toulouse_logo",auto (1 séances / 1 salles)
F0539,Le Sel de la terre,le-sel-de-la-terre,documentaire,1,1,L144,https://fr.web.img5.acsta.net/pictures/14/09/12/19/17/404675.jpg,auto (1 séances / 1 salles)
F0540,Le Serpent Blanc,le-serpent-blanc,animation_jeune_public,1,1,L131,https://fr.web.img2.acsta.net/medias/nmedia/18/35/22/43/18375149.jpg,auto (1 séances / 1 salles)
F0541,Le Sommet des Dieux,le-sommet-des-dieux,animation_jeune_public,1,1,L145,https://fr.web.img4.acsta.net/pictures/21/07/29/17/38/3976490.jpg,auto (1 séances / 1 salles)
F0542,Le Vent se lève,le-vent-se-leve,animation_jeune_public,1,1,L131,https://fr.web.img6.acsta.net/pictures/210/525/21052583_2013102415340471.jpg,auto (1 séances / 1 salles)
F0543,Le bonheur est dans le pré,le-bonheur-est-dans-le-pre,patrimoine_retro,1,1,L137,https://fr.web.img4.acsta.net/medias/nmedia/18/35/37/91/20322415.jpg,auto (1 séances / 1 salles)
F0544,Le dernier pour la route,le-dernier-pour-la-route,fiction,1,1,L128,https://fr.web.img2.acsta.net/img/66/ea/66eae298970eaae1f708d26f9191e923.jpg,auto (1 séances / 1 salles)
F0545,Le premier rôle,le-premier-role,fiction,1,1,L128,https://fr.web.img6.acsta.net/img/34/bf/34bf6cc9a6a14a1c4d990d305def13ca.jpeg,auto (1 séances / 1 salles)
F0546,Les Autres,les-autres,patrimoine_retro,1,1,L138,https://fr.web.img4.acsta.net/medias/nmedia/00/02/33/92/afflesautres.jpg,auto (1 séances / 1 salles)
F0547,Les Baliseurs du désert,les-baliseurs-du-desert,patrimoine_retro,1,1,L131,https://fr.web.img2.acsta.net/medias/nmedia/18/62/86/43/18656545.jpg,auto (1 séances / 1 salles)
F0548,Les Diables,les-diables,patrimoine_retro,1,1,L142,https://fr.web.img4.acsta.net/img/0d/4f/0d4f80be79d8f26ce29017c0063fde0f.jpg,auto (1 séances / 1 salles)
F0549,"Les Enfants Loups, Ame & Yuki",les-enfants-loups-ame-yuki,animation_jeune_public,1,1,L131,https://fr.web.img2.acsta.net/img/de/f4/def446fcc655c766b0381cd87f2829d2.jpg,auto (1 séances / 1 salles)
F0550,Les Enfants de la mer,les-enfants-de-la-mer,animation_jeune_public,1,1,L131,https://fr.web.img2.acsta.net/pictures/19/07/11/11/20/0097421.jpg,auto (1 séances / 1 salles)
F0551,Les Extraordinaires aventures de Morph,les-extraordinaires-aventures-de-morph,animation_jeune_public,1,1,L146,https://fr.web.img2.acsta.net/img/3e/a2/3ea28ecef0c1b1ba6982c8eea92c1493.jpg,auto (1 séances / 1 salles)
F0552,Les Filles vont bien,les-filles-vont-bien,fiction,1,1,L137,https://fr.web.img4.acsta.net/pictures/23/10/30/17/36/3721159.jpg,auto (1 séances / 1 salles)
F0553,Les Naufragés de l'ile de la Tortue,les-naufrages-de-lile-de-la-tortue,patrimoine_retro,1,1,L128,https://fr.web.img3.acsta.net/img/aa/da/aada5e33c31ec8a062b8b1b6445f89eb.jpg,auto (1 séances / 1 salles)
F0554,Les Oiseaux,les-oiseaux,patrimoine_retro,1,1,L138,https://fr.web.img6.acsta.net/pictures/18/02/06/11/00/3846131.jpg,auto (1 séances / 1 salles)
F0555,Les Ours gloutons,les-ours-gloutons,animation_jeune_public,1,1,L131,https://fr.web.img2.acsta.net/pictures/19/12/18/17/21/1337461.jpg,auto (1 séances / 1 salles)
F0556,Les Vignes du seigneur,les-vignes-du-seigneur,fiction,1,1,L131,https://res.cloudinary.com/ct-cloudinary/image/upload/v1785226094/vignes-du-seigneur_l0oanq,auto (1 séances / 1 salles)
F0557,"Les ratés de la science | ALEXANDRE GROTHENDIECK, SUR LES ROUTES D’UN GENIE",les-rates-de-la-science-alexandre-grothendieck-sur-les-routes-dun-genie,fiction,1,1,L128,https://www.cinemalecratere.fr/images/stories/films/Fifigrot-2026_post-1080x1350px.jpg,auto (1 séances / 1 salles)
F0558,Lettre à Momo,lettre-a-momo,animation_jeune_public,1,1,L131,https://fr.web.img2.acsta.net/medias/nmedia/18/97/47/28/20531414.jpg,auto (1 séances / 1 salles)
F0559,Licorice Pizza,licorice-pizza,fiction,1,1,L128,https://fr.web.img2.acsta.net/pictures/21/10/07/14/24/5025147.jpg,auto (1 séances / 1 salles)
F0560,Lilo & Stitch,lilo-stitch,animation_jeune_public,1,1,L142,https://fr.web.img6.acsta.net/medias/nmedia/00/02/47/23/affiche2.jpg,auto (1 séances / 1 salles)
F0561,Loulou et autres loups...,loulou-et-autres-loups,animation_jeune_public,1,1,L144,https://fr.web.img6.acsta.net/medias/nmedia/18/35/05/64/affiche.jpg,auto (1 séances / 1 salles)
F0562,L’Arabe (The Arab),larabe-the-arab,festival_avp,1,1,L145,https://fr.web.img6.acsta.net/img/b4/c8/b4c8bf70fe2a7e6948468556bfe7b7f6.jpg,auto (1 séances / 1 salles)
F0563,L’Invraisemblable Vérité (Beyond a Reasonable Doubt),linvraisemblable-verite-beyond-a-reasonable-doubt,patrimoine_retro,1,1,L131,https://fr.web.img2.acsta.net/pictures/21/10/13/16/46/5873268.jpg,auto (1 séances / 1 salles)
F0564,L’Odyssée musicale de Kate Bush,lodyssee-musicale-de-kate-bush,documentaire,1,1,L141,,auto (1 séances / 1 salles)
F0565,L’Écologie des sentiments,lecologie-des-sentiments,fiction,1,1,L128,https://fr.web.img6.acsta.net/img/8c/ac/8cac635378a3920fa8252ebfc7b17716.jpg,auto (1 séances / 1 salles)
F0566,L’Œuf de l’ange,l-uf-de-lange,animation_jeune_public,1,1,L131,https://fr.web.img4.acsta.net/c_310_420/img/21/dc/21dcf80d9412be190207f2968e4e004f.jpg,auto (1 séances / 1 salles)
F0567,L’Œuf de l’ange (Tenshi no tamago),l-uf-de-lange-tenshi-no-tamago,fiction,1,1,L131,"https://res.cloudinary.com/ct-cloudinary/image/upload/c_fill,dpr_2.0,f_auto,g_north_west,h_122,q_80,w_185/cinematheque_de_toulouse_logo",auto (1 séances / 1 salles)
F0568,Made in ici | CACAHUÈTE L’AVENTURE SCANDALEUSE,made-in-ici-cacahuete-laventure-scandaleuse,fiction,1,1,L128,https://www.cinemalecratere.fr/images/stories/films/Fifigrot-2026_post-1080x1350px.jpg,auto (1 séances / 1 salles)
F0569,"Maison sucrée, jardin salé",maison-sucree-jardin-sale,animation_jeune_public,1,1,L148,https://fr.web.img5.acsta.net/medias/nmedia/18/93/75/08/20276656.jpg,auto (1 séances / 1 salles)
F0570,Malika,malika,festival_avp,1,1,L145,https://fr.web.img6.acsta.net/img/5e/05/5e05ae123cda3defd868ca79bc7edfe2.jpeg,auto (1 séances / 1 salles)
F0571,Mamma Mia!,mamma-mia,patrimoine_retro,1,1,L142,https://fr.web.img3.acsta.net/medias/nmedia/18/65/61/22/18965700.jpg,auto (1 séances / 1 salles)
F0572,Man Hunt (Chasse à l'homme),man-hunt-chasse-a-lhomme,patrimoine_retro,1,1,L131,https://fr.web.img6.acsta.net/pictures/21/07/08/12/21/5663199.jpg,auto (1 séances / 1 salles)
F0573,Marche avec les loups,marche-avec-les-loups,documentaire,1,1,L145,https://fr.web.img4.acsta.net/pictures/19/11/22/11/46/1841288.jpg,auto (1 séances / 1 salles)
F0574,Mariage au goût d'orange,mariage-au-gout-dorange,festival_avp,1,1,L147,https://fr.web.img2.acsta.net/img/79/ab/79ab831a878a7b39acef5300bf4768a8.jpg,auto (1 séances / 1 salles)
F0575,Mary Anning,mary-anning,animation_jeune_public,1,1,L148,https://fr.web.img2.acsta.net/img/51/92/5192ce315feb283568728f5bd3860d8b.jpg,auto (1 séances / 1 salles)
F0576,Mary Anning (ciné p’tit-dèj),mary-anning-cine-ptit-dej,fiction,1,1,L148,,auto (1 séances / 1 salles)
F0577,Memento,memento,patrimoine_retro,1,1,L140,https://fr.web.img5.acsta.net/pictures/23/06/08/11/42/1463419.jpg,auto (1 séances / 1 salles)
F0578,Memories,memories,animation_jeune_public,1,1,L131,https://fr.web.img3.acsta.net/pictures/22/08/16/16/09/4938291.jpg,auto (1 séances / 1 salles)
F0579,Millennium Actress,millennium-actress,animation_jeune_public,1,1,L131,https://fr.web.img6.acsta.net/pictures/19/11/29/09/42/5443681.jpg,auto (1 séances / 1 salles)
F0580,Mind Game,mind-game,animation_jeune_public,1,1,L131,https://fr.web.img5.acsta.net/medias/nmedia/18/71/34/24/19131837.jpg,auto (1 séances / 1 salles)
F0581,Moderato Cantabile,moderato-cantabile,patrimoine_retro,1,1,L131,https://fr.web.img3.acsta.net/medias/nmedia/18/65/54/21/18868976.jpg,auto (1 séances / 1 salles)
F0582,Mon oncle,mon-oncle,patrimoine_retro,1,1,L127,https://fr.web.img4.acsta.net/img/3a/36/3a36ea2b9550756306bcb9bd9db5629d.jpg,auto (1 séances / 1 salles)
F0583,Monstres... Pas si monstrueux !,monstres-pas-si-monstrueux,fiction,1,1,L148,https://fr.web.img5.acsta.net/medias/nmedia/18/95/44/52/20404405.jpg,auto (1 séances / 1 salles)
F0584,Muguruza FM 40 Tour,muguruza-fm-40-tour,documentaire,1,1,L141,,auto (1 séances / 1 salles)
F0585,NOCES ALCHIMIQUES La belle au b...,noces-alchimiques-la-belle-au-b,fiction,1,1,L126,https://toulouse.cinemas-utopia.org/wp-content/uploads/2026/08/noces-alchimiques.jpg,auto (1 séances / 1 salles)
F0586,NOCES ALCHIMIQUES La belle au bois d’or dur,noces-alchimiques-la-belle-au-bois-dor-dur,fiction,1,1,L126,https://toulouse.cinemas-utopia.org/wp-content/uploads/2026/08/noces-alchimiques.jpg,auto (1 séances / 1 salles)
F0587,Olivia,olivia,animation_jeune_public,1,1,L137,https://fr.web.img4.acsta.net/img/35/40/354092484a9bc5dfedb67167f9da43da.jpg,auto (1 séances / 1 salles)
F0588,On-Gaku : Notre Rock !,on-gaku-notre-rock,animation_jeune_public,1,1,L131,https://fr.web.img3.acsta.net/pictures/21/04/30/13/17/1902517.jpg,auto (1 séances / 1 salles)
F0589,Orange mécanique,orange-mecanique,patrimoine_retro,1,1,L138,https://fr.web.img6.acsta.net/medias/nmedia/18/36/25/34/18465555.jpg,auto (1 séances / 1 salles)
F0590,Ouverture Saison 26-27,ouverture-saison-26-27,fiction,1,1,L131,https://res.cloudinary.com/ct-cloudinary/image/upload/v1782119902/slide-PA-2000x1076_bbahab,auto (1 séances / 1 salles)
F0591,Pachamama,pachamama,animation_jeune_public,1,1,L127,https://fr.web.img6.acsta.net/pictures/18/10/19/13/43/5452144.jpg,auto (1 séances / 1 salles)
F0592,Panic Room,panic-room,fiction,1,1,L138,https://image.tmdb.org/t/p/w500/yioY8xPjLygGezkrRs7yf01BQ7P.jpg,auto (1 séances / 1 salles)
F0593,Paradise (vostfr),paradise-vostfr,fiction,1,1,L148,,auto (1 séances / 1 salles)
F0594,Peking Opera Blues,peking-opera-blues,festival_avp,1,1,L142,https://fr.web.img3.acsta.net/img/4d/06/4d062448985180822f2f296ea6f9f68a.jpg,auto (1 séances / 1 salles)
F0595,Peleliu : Guerre au paradis,peleliu-guerre-au-paradis,festival_avp,1,1,L144,https://fr.web.img5.acsta.net/img/47/bf/47bf36e60737dab0acd99992d6097b0c.jpeg,auto (1 séances / 1 salles)
F0596,Perfect Blue,perfect-blue,animation_jeune_public,1,1,L131,https://fr.web.img6.acsta.net/pictures/18/03/21/10/52/2078877.jpg,auto (1 séances / 1 salles)
F0597,Petit Vampire,petit-vampire,animation_jeune_public,1,1,L148,https://fr.web.img4.acsta.net/pictures/21/05/06/11/39/2325464.jpg,auto (1 séances / 1 salles)
F0598,Petits contes sous l’océan,petits-contes-sous-locean,animation_jeune_public,1,1,L141,https://fr.web.img6.acsta.net/pictures/24/03/18/13/58/0274630.jpg,auto (1 séances / 1 salles)
F0599,Planètes,planetes,animation_jeune_public,1,1,L128,https://fr.web.img3.acsta.net/img/ea/8f/ea8fb95276ef64374d453772434084b5.jpg,auto (1 séances / 1 salles)
F0600,Playtime,playtime,patrimoine_retro,1,1,L127,https://fr.web.img4.acsta.net/img/7e/d6/7ed607dc315a0e50ba21318b311fa830.jpg,auto (1 séances / 1 salles)
F0601,Pompon Ours,pompon-ours,animation_jeune_public,1,1,L144,https://fr.web.img5.acsta.net/pictures/22/06/23/17/22/0169138.jpg,auto (1 séances / 1 salles)
F0602,Ponyo sur la falaise,ponyo-sur-la-falaise,animation_jeune_public,1,1,L131,https://fr.web.img3.acsta.net/pictures/17/04/06/17/39/465882.jpg,auto (1 séances / 1 salles)
F0603,Porco Rosso,porco-rosso,animation_jeune_public,1,1,L131,https://fr.web.img2.acsta.net/pictures/21/02/09/12/45/2057231.jpg,auto (1 séances / 1 salles)
F0604,Psychose,psychose,patrimoine_retro,1,1,L138,https://fr.web.img2.acsta.net/pictures/22/04/06/14/34/3532106.jpg,auto (1 séances / 1 salles)
F0605,Pâques sanglantes,paques-sanglantes,fiction,1,1,L125,https://films.cinemas-utopia.org/wp-content/uploads/2026/05/Paques-sanglantes-COUV.jpg,auto (1 séances / 1 salles)
F0606,Qu'est-ce que j'ai fait pour mériter ça ?,quest-ce-que-jai-fait-pour-meriter-ca,patrimoine_retro,1,1,L137,https://fr.web.img3.acsta.net/pictures/19/05/28/10/12/5749740.jpg,auto (1 séances / 1 salles)
F0607,Quelques jours à Nagi,quelques-jours-a-nagi,festival_avp,1,1,L144,https://fr.web.img3.acsta.net/img/4b/e3/4be345082319bb27da57328e0e916dcb.jpg,auto (1 séances / 1 salles)
F0608,Quelques mots d'amour,quelques-mots-damour,festival_avp,1,1,L142,https://fr.web.img3.acsta.net/img/73/48/73486ed7563420cda38bf189f1e97867.jpg,auto (1 séances / 1 salles)
F0609,Rammstein - Live in Mexico City,rammstein-live-in-mexico-city,fiction,1,1,L138,https://fr.web.img4.acsta.net/img/e1/3d/e13dc3f4068ce0e5c855d3223a9a54fd.jpg,auto (1 séances / 1 salles)
F0610,Rencontre avec Alberto Sedano,rencontre-avec-alberto-sedano,fiction,1,1,L131,https://res.cloudinary.com/ct-cloudinary/image/upload/v1785228133/Alberto-Sedano_mgr22v,auto (1 séances / 1 salles)
F0611,Rencontre avec Bruno Le Jean et l'équipe du film,rencontre-avec-bruno-le-jean-et-lequipe-du-film,fiction,1,1,L128,https://www.cinemalecratere.fr/images/stories/films/Cacahuete.jpg,auto (1 séances / 1 salles)
F0612,Rencontre avec Claire Vanhamme-Cuevas et Eve Viguier,rencontre-avec-claire-vanhamme-cuevas-et-eve-viguier,fiction,1,1,L128,https://www.cinemalecratere.fr/images/stories/films/Debout_les_femmes-affiche-320.jpg,auto (1 séances / 1 salles)
F0613,Rencontre avec Edyta Janczak-Hiriart,rencontre-avec-edyta-janczak-hiriart,fiction,1,1,L128,https://www.cinemalecratere.fr/images/stories/films/entroncamento-affiche-320.jpg,auto (1 séances / 1 salles)
F0614,Rencontre avec Garance Schlemmer,rencontre-avec-garance-schlemmer,fiction,1,1,L128,https://www.cinemalecratere.fr/images/stories/films/eva-affiche-320-p208.jpg,auto (1 séances / 1 salles)
F0615,Rencontre avec Isabelle Labrouillère et Emmanuel Cano,rencontre-avec-isabelle-labrouillere-et-emmanuel-cano,fiction,1,1,L128,https://www.cinemalecratere.fr/images/stories/films/chantal-a-bruxelles-affiche-320.jpg,auto (1 séances / 1 salles)
F0616,Rencontre avec Jean-Michel Geneste,rencontre-avec-jean-michel-geneste,fiction,1,1,L128,https://www.cinemalecratere.fr/images/stories/films/Le%20Dernier%20Passage.jpg,auto (1 séances / 1 salles)
F0617,Rencontre avec Jonas Trueba,rencontre-avec-jonas-trueba,fiction,1,1,L128,https://www.cinemalecratere.fr/images/stories/films/la-reconquista-affiche-320.jpg,auto (1 séances / 1 salles)
F0618,Rencontre avec Nicolas Drolc,rencontre-avec-nicolas-drolc,fiction,1,1,L128,https://image.jimcdn.com/app/cms/image/transf/dimension=origxorig:format=jpg/path/s7b41eb84baf59227/image/ib57f624034090d8e/version/1783068979/image.jpg,auto (1 séances / 1 salles)
F0619,Rencontre avec Stefanie Neubert,rencontre-avec-stefanie-neubert,fiction,1,1,L128,https://www.cinemalecratere.fr/images/stories/films/ce-n-est-pas-l-homosexuel-qui-est-pervers-mais-la-societe-dans-laquelle-il-vit-affiche-320.jpg,auto (1 séances / 1 salles)
F0620,Rencontre avec Sylvie Ballyot,rencontre-avec-sylvie-ballyot,fiction,1,1,L128,https://www.cinemalecratere.fr/images/stories/films/green-line-affiche-320.jpg,auto (1 séances / 1 salles)
F0621,Rencontre avec avec l'équipe d'Africlap,rencontre-avec-avec-lequipe-dafriclap,fiction,1,1,L128,https://www.cinemalecratere.fr/images/stories/films/le-premier-role-affiche-320.jpg,auto (1 séances / 1 salles)
F0622,Rencontre avec les étudiants,rencontre-avec-les-etudiants,fiction,1,1,L128,https://www.cinemalecratere.fr/images/stories/films/the-lighthouse-affiche-320.jpg,auto (1 séances / 1 salles)
F0623,Rencontre avec l’équipe de Ciné-Palestine,rencontre-avec-lequipe-de-cine-palestine,fiction,1,1,L128,https://www.cinemalecratere.fr/images/stories/films/285640-SSUI4-affiche-320.jpg,auto (1 séances / 1 salles)
F0624,Rencontres du troisième type,rencontres-du-troisieme-type,patrimoine_retro,1,1,L131,https://fr.web.img6.acsta.net/pictures/17/11/27/16/02/4801393.jpg,auto (1 séances / 1 salles)
F0625,Rencontres du troisième type (Close Encounters of the Third Kind),rencontres-du-troisieme-type-close-encounters-of-the-third-kind,patrimoine_retro,1,1,L131,https://fr.web.img6.acsta.net/pictures/17/11/27/16/02/4801393.jpg,auto (1 séances / 1 salles)
F0626,"Repose en paix, si tu peux",repose-en-paix-si-tu-peux,fiction,1,1,L128,https://fr.web.img2.acsta.net/img/b9/03/b9039fb31c71e9c2e4463dd2d37df92c.jpg,auto (1 séances / 1 salles)
F0627,Reprise en main,reprise-en-main,fiction,1,1,L147,https://fr.web.img6.acsta.net/pictures/22/09/08/17/33/1299105.jpg,auto (1 séances / 1 salles)
F0628,Requiem for a Dream,requiem-for-a-dream,patrimoine_retro,1,1,L138,https://fr.web.img2.acsta.net/img/b8/e5/b8e5300edd77457fd714af51e065e658.jpg,auto (1 séances / 1 salles)
F0629,Retour vers le futur,retour-vers-le-futur,patrimoine_retro,1,1,L141,https://fr.web.img2.acsta.net/pictures/22/07/22/15/00/2862661.jpg,auto (1 séances / 1 salles)
F0630,Retour vers le futur II,retour-vers-le-futur-ii,patrimoine_retro,1,1,L141,https://fr.web.img3.acsta.net/pictures/22/07/22/15/26/3322260.jpg,auto (1 séances / 1 salles)
F0631,Retour vers le futur III,retour-vers-le-futur-iii,patrimoine_retro,1,1,L141,https://fr.web.img2.acsta.net/pictures/22/07/22/15/33/2823541.jpg,auto (1 séances / 1 salles)
F0632,Riz amer,riz-amer,patrimoine_retro,1,1,L126,https://films.cinemas-utopia.org/wp-content/uploads/2005/12/Riz-Amer-COUV.jpg,auto (1 séances / 1 salles)
F0633,Rue Málaga,rue-malaga,fiction,1,1,L137,https://fr.web.img2.acsta.net/img/4f/46/4f46a55374da1919875e846787fd1289.jpg,auto (1 séances / 1 salles)
F0634,Ruido,ruido,fiction,1,1,L144,https://fr.web.img4.acsta.net/img/e6/a6/e6a6d8de42b4482cefe4a59d0254ce94.jpg,auto (1 séances / 1 salles)
F0635,Rusalka,rusalka,fiction,1,1,L139,https://fr.web.img3.acsta.net/img/de/a7/dea75dbdc31774c21e2a2eb834077afe.jpg,auto (1 séances / 1 salles)
F0636,Saint Omer,saint-omer,fiction,1,1,L128,https://fr.web.img2.acsta.net/pictures/22/10/14/12/46/2217401.jpg,auto (1 séances / 1 salles)
F0637,Saison 26-27,saison-26-27,fiction,1,1,L131,"https://res.cloudinary.com/ct-cloudinary/image/upload/c_fill,dpr_2.0,f_auto,g_north_west,h_122,q_80,w_185/cinematheque_de_toulouse_logo",auto (1 séances / 1 salles)
F0638,Salvation — Emin Alper,salvation-emin-alper,festival_avp,1,1,L127,https://image.tmdb.org/t/p/w500/sMaKK8HAWfyp8vOyxFWUKgSPDKg.jpg,auto (1 séances / 1 salles)
F0639,Santosh,santosh,fiction,1,1,L128,https://fr.web.img2.acsta.net/img/07/b4/07b4ceef469c39e0773ad3590b9a7595.jpg,auto (1 séances / 1 salles)
F0640,Sauvages,sauvages,animation_jeune_public,1,1,L128,https://fr.web.img3.acsta.net/img/b3/62/b36216471e71df2ebc1d423c640f4438.jpg,auto (1 séances / 1 salles)
F0641,Seven,seven,patrimoine_retro,1,1,L138,https://fr.web.img2.acsta.net/medias/nmedia/18/35/91/33/19255605.jpg,auto (1 séances / 1 salles)
F0642,"Sleepy Hollow, la légende du cavalier sans tête",sleepy-hollow-la-legende-du-cavalier-sans-tete,patrimoine_retro,1,1,L138,https://fr.web.img6.acsta.net/medias/nmedia/18/74/38/21/19255611.jpg,auto (1 séances / 1 salles)
F0643,Soirée Fin d'été Po's Culture 2026,soiree-fin-dete-pos-culture-2026,fiction,1,1,L128,https://www.cinemalecratere.fr/images/stories/films/soiree-fin-d-ete-2026.jpg,auto (1 séances / 1 salles)
F0644,Soirée cinéma Liban,soiree-cinema-liban,fiction,1,1,L128,https://www.cinemalecratere.fr/images/stories/films/commelesoliviers.jpg,auto (1 séances / 1 salles)
F0645,Soirées des cinémas européens 2026,soirees-des-cinemas-europeens-2026,fiction,1,1,L128,https://www.cinemalecratere.fr/images/stories/films/soirees-cinemas-europeens-2026.jpeg,auto (1 séances / 1 salles)
F0646,Songs for Madagascar,songs-for-madagascar,documentaire,1,1,L128,https://fr.web.img2.acsta.net/pictures/17/05/30/09/39/556878.jpg,auto (1 séances / 1 salles)
F0647,Soyons Fous,soyons-fous,documentaire,1,1,L141,https://fr.web.img5.acsta.net/img/96/69/966973050b6c08b5070170c7dd4ec0a6.jpeg,auto (1 séances / 1 salles)
F0648,Spécial animation avec XBO et Le Lokal,special-animation-avec-xbo-et-le-lokal,animation_jeune_public,1,1,L131,"https://res.cloudinary.com/ct-cloudinary/image/upload/c_fill,dpr_2.0,f_auto,g_north_west,h_122,q_80,w_185/cinematheque_de_toulouse_logo",auto (1 séances / 1 salles)
F0649,Steamboy,steamboy,animation_jeune_public,1,1,L131,https://fr.web.img2.acsta.net/medias/nmedia/18/35/37/59/18388012.jpg,auto (1 séances / 1 salles)
F0650,Steamboy (Suchīmubōi),steamboy-suchimuboi,animation_jeune_public,1,1,L131,https://fr.web.img2.acsta.net/medias/nmedia/18/35/37/59/18388012.jpg,auto (1 séances / 1 salles)
F0651,Sueurs froides,sueurs-froides,patrimoine_retro,1,1,L138,,auto (1 séances / 1 salles)
F0652,Sully,sully,fiction,1,1,L128,https://fr.web.img3.acsta.net/pictures/16/10/14/15/10/425022.jpg,auto (1 séances / 1 salles)
F0653,Summer Wars,summer-wars,animation_jeune_public,1,1,L131,https://fr.web.img3.acsta.net/img/b8/ae/b8ae9322f1ba57315d4c0f58a67f7afa.jpg,auto (1 séances / 1 salles)
F0654,Séance spéciale | L’EMPIRE N’A JAMAIS PRIS FIN,seance-speciale-lempire-na-jamais-pris-fin,fiction,1,1,L128,https://www.cinemalecratere.fr/images/stories/films/Fifigrot-2026_post-1080x1350px.jpg,auto (1 séances / 1 salles)
F0655,Teenage Sex and Death at Camp Miasma,teenage-sex-and-death-at-camp-miasma,festival_avp,1,1,L141,https://image.tmdb.org/t/p/original/a5JvHUONtF8RyLL6M5nTlqqMJVE.jpg,auto (1 séances / 1 salles)
F0656,The Fin,the-fin,fiction,1,1,L128,https://www.cinemalecratere.fr/images/stories/films/the-fin-affiche-320.jpg,auto (1 séances / 1 salles)
F0657,The First Slam Dunk,the-first-slam-dunk,animation_jeune_public,1,1,L131,https://fr.web.img3.acsta.net/pictures/23/04/18/18/46/1142239.jpg,auto (1 séances / 1 salles)
F0658,The First Slam Dunk (Za Fāsuto Suramu Danku),the-first-slam-dunk-za-fasuto-suramu-danku,animation_jeune_public,1,1,L131,"https://res.cloudinary.com/ct-cloudinary/image/upload/c_fill,dpr_2.0,f_auto,g_north_west,h_122,q_80,w_185/cinematheque_de_toulouse_logo",auto (1 séances / 1 salles)
F0659,The Lighthouse,the-lighthouse,fiction,1,1,L128,https://fr.web.img6.acsta.net/pictures/19/10/24/12/33/4915869.jpg,auto (1 séances / 1 salles)
F0660,The Lobster,the-lobster,fiction,1,1,L142,https://fr.web.img3.acsta.net/pictures/15/09/15/13/01/532425.jpg,auto (1 séances / 1 salles)
F0661,The Magic City,the-magic-city,documentaire,1,1,L127,,auto (1 séances / 1 salles)
F0662,The Paradise,the-paradise,fiction,1,1,L137,https://fr.web.img4.acsta.net/img/b1/21/b1217f60844ca34c83cf94a9a74e96c0.jpg,auto (1 séances / 1 salles)
F0663,The Rocky Horror Picture Show,the-rocky-horror-picture-show,patrimoine_retro,1,1,L142,https://fr.web.img3.acsta.net/pictures/16/03/18/15/10/179712.jpg,auto (1 séances / 1 salles)
F0664,The Transformers: The Movie 40th Anniversary,the-transformers-the-movie-40th-anniversary,animation_jeune_public,1,1,L139,https://fr.web.img5.acsta.net/img/84/05/840541d83c2015ebb75120daa854c43f.jpg,auto (1 séances / 1 salles)
F0665,The Ugly,the-ugly,fiction,1,1,L128,https://fr.web.img5.acsta.net/img/5f/10/5f10ca3b4fe0f21800490b5d4561c83c.jpg,auto (1 séances / 1 salles)
F0666,The last viking (vostfr),the-last-viking-vostfr,fiction,1,1,L148,,auto (1 séances / 1 salles)
F0667,True Romance,true-romance,patrimoine_retro,1,1,L140,https://fr.web.img5.acsta.net/medias/nmedia/18/35/56/54/18686564.jpg,auto (1 séances / 1 salles)
F0668,Une Aussi longue absence,une-aussi-longue-absence,patrimoine_retro,1,1,L131,https://fr.web.img4.acsta.net/pictures/15/11/23/10/53/057170.jpg,auto (1 séances / 1 salles)
F0669,Une année italienne,une-annee-italienne,fiction,1,1,L141,https://fr.web.img4.acsta.net/img/e2/36/e23682f324bb9201bef0499ff4281c1f.jpg,auto (1 séances / 1 salles)
F0670,Vacances romaines,vacances-romaines,patrimoine_retro,1,1,L131,https://fr.web.img6.acsta.net/medias/nmedia/18/35/53/56/20445464.jpg,auto (1 séances / 1 salles)
F0671,Vacances romaines (Roman Holiday),vacances-romaines-roman-holiday,patrimoine_retro,1,1,L131,https://fr.web.img6.acsta.net/medias/nmedia/18/35/53/56/20445464.jpg,auto (1 séances / 1 salles)
F0672,Vers un pays inconnu,vers-un-pays-inconnu,fiction,1,1,L128,https://fr.web.img2.acsta.net/img/f5/04/f504582e2d893f01bd1af7989488f236.jpg,auto (1 séances / 1 salles)
F0673,Vivaldi et moi,vivaldi-et-moi,fiction,1,1,L148,https://fr.web.img6.acsta.net/img/0b/e6/0be6712ea95b821a63891ca86b72ee0e.jpg,auto (1 séances / 1 salles)
F0674,"Voilà, c’est fini",voila-cest-fini,festival_avp,1,1,L141,https://fr.web.img6.acsta.net/img/4b/90/4b901a1aa1e9137c392850e325016b26.jpg,auto (1 séances / 1 salles)
F0675,Vol au-dessus d'un nid de coucou,vol-au-dessus-dun-nid-de-coucou,patrimoine_retro,1,1,L138,https://fr.web.img2.acsta.net/img/8d/ee/8dee08a3a6d342687e39fc85e4331ad4.jpg,auto (1 séances / 1 salles)
F0676,"Walter, retour en résistance",walter-retour-en-resistance,documentaire,1,1,L147,,auto (1 séances / 1 salles)
F0677,Wassup Rockers,wassup-rockers,fiction,1,1,L131,https://fr.web.img5.acsta.net/medias/nmedia/18/36/35/15/18482323.jpg,auto (1 séances / 1 salles)
F0678,Winnie l'ourson,winnie-lourson,animation_jeune_public,1,1,L142,https://fr.web.img2.acsta.net/medias/nmedia/18/81/98/82/19694097.jpg,auto (1 séances / 1 salles)
F0679,"Winnipeg, Seeds of Hope",winnipeg-seeds-of-hope,animation_jeune_public,1,1,L127,https://fr.web.img3.acsta.net/img/59/b6/59b62c4eebcddabda586d5f8c90c5e50.jpg,auto (1 séances / 1 salles)
F0680,Your Name,your-name,animation_jeune_public,1,1,L131,https://fr.web.img2.acsta.net/pictures/16/12/12/13/49/295774.jpg,auto (1 séances / 1 salles)
F0681,Zion,zion,fiction,1,1,L128,https://fr.web.img4.acsta.net/img/d6/c8/d6c80edcfc206c54c67231e80270f2ee.jpg,auto (1 séances / 1 salles)
F0682,Zébulon le dragon et les médecins volants,zebulon-le-dragon-et-les-medecins-volants,animation_jeune_public,1,1,L148,https://fr.web.img6.acsta.net/pictures/21/08/04/17/09/5556753.jpg,auto (1 séances / 1 salles)
F0683,À bicyclette !,a-bicyclette,fiction,1,1,L128,https://fr.web.img4.acsta.net/img/9c/f8/9cf8cf27a2706be4849760190dddd37b.jpg,auto (1 séances / 1 salles)
F0684,Élise sous emprise,elise-sous-emprise,fiction,1,1,L148,https://fr.web.img2.acsta.net/img/f2/12/f2122ff832ed580affc09a0e31b26b76.jpg,auto (1 séances / 1 salles)
